date,season,week,eventName,sherdogIdA,sherdogIdB,ourIdA,ourIdB,nameA,nameB,winnerSherdogId,method,round
2017-07-11,2017,1,"Dana White's Tuesday Night Contender Series - Season 1, Episode 1",Boston-Salmon-131463,Ricky-Turcios-80671,bf91cbfb6ec5463a,8599d31404ff0b34,Boston Salmon,Ricky Turcios,Boston-Salmon-131463,Decision (Unanimous),3
2017-07-11,2017,1,"Dana White's Tuesday Night Contender Series - Season 1, Episode 1",Kurt-Holobaugh-68751,Matt-Bessette-34374,ecdf6dcdb523bb8d,adb29a86d181648c,Kurt Holobaugh,Matt Bessette,,No Contest (Overturned by NSAC),1
2017-07-11,2017,1,"Dana White's Tuesday Night Contender Series - Season 1, Episode 1",Charles-Byrd-51234,Jamie-Pickett-72595,b6c17f70c2c805cf,e891217b7a2b4f16,Charles Byrd,Jamie Pickett,Charles-Byrd-51234,Technical Submission (Arm-Triangle Choke),1
2017-07-11,2017,1,"Dana White's Tuesday Night Contender Series - Season 1, Episode 1",Joby-Sanchez-50239,Manny-Vazquez-160015,0f7518cc5cd482fb,,Joby Sanchez,Manny Vazquez,Joby-Sanchez-50239,Decision (Unanimous),3
2017-07-11,2017,1,"Dana White's Tuesday Night Contender Series - Season 1, Episode 1",Azunna-Anyanwu-68352,Greg-Rebello-12293,be7ca0896a9b24a2,,Azunna Anyanwu,Greg Rebello,Azunna-Anyanwu-68352,KO (Punch),2
2017-07-18,2017,2,"Dana White's Tuesday Night Contender Series - Season 1, Episode 2",Alfred-Khashakyan-133919,Sean-OMalley-135099,,bbcaf7b57144df14,Alfred Khashakyan,Sean O'Malley,Sean-OMalley-135099,KO (Punch),1
2017-07-18,2017,2,"Dana White's Tuesday Night Contender Series - Season 1, Episode 2",CJ-Hamilton-71119,Casey-Kenney-211031,,2c6080cef7de1112,C.J. Hamilton,Casey Kenney,Casey-Kenney-211031,Decision (Unanimous),3
2017-07-25,2017,3,"Dana White's Tuesday Night Contender Series - Season 1, Episode 3",Chase-Waldon-68408,Geoff-Neal-72107,,deee560a8bc1dd80,Chase Waldon,Geoff Neal,Geoff-Neal-72107,TKO (Punches),1
2017-07-25,2017,3,"Dana White's Tuesday Night Contender Series - Season 1, Episode 3",Dan-Ige-136499,Luis-Gomez-207041,217d1a9370550d41,,Dan Ige,Luis Gomez,Dan-Ige-136499,Submission (Rear-Naked Choke),3
2017-07-25,2017,3,"Dana White's Tuesday Night Contender Series - Season 1, Episode 3",Alonzo-Menifield-210501,Daniel-Jolly-83243,990efe1105080c68,e04431032c654b57,Alonzo Menifield,Daniel Jolly,Alonzo-Menifield-210501,TKO (Eye Injury),1
2017-07-25,2017,3,"Dana White's Tuesday Night Contender Series - Season 1, Episode 3",Karl-Roberson-132605,Ryan-Spann-68057,6714baa6b0fabf58,,Karl Roberson,Ryan Spann,Karl-Roberson-132605,KO (Elbows),1
2017-07-25,2017,3,"Dana White's Tuesday Night Contender Series - Season 1, Episode 3",Jason-Jackson-48171,Kyle-Stewart-102333,,d7c50bc1e2a1c4f7,Jason Jackson,Kyle Stewart,Kyle-Stewart-102333,TKO (Ankle Injury),2
2017-08-01,2017,4,"Dana White's Tuesday Night Contender Series - Season 1, Episode 4",Julian-Marquez-77743,Phil-Hawes-130935,d46685b2069b7029,186b7b196c354140,Julian Marquez,Phil Hawes,Julian-Marquez-77743,KO (Head Kick),2
2017-08-01,2017,4,"Dana White's Tuesday Night Contender Series - Season 1, Episode 4",Carlos-Candelario-97453,Ronaldo-Candido-de-Oliveira-128351,e503c6a1065a60f9,,Carlos Candelario,Ronaldo Candido de Oliveira,Carlos-Candelario-97453,Decision (Unanimous),3
2017-08-01,2017,4,"Dana White's Tuesday Night Contender Series - Season 1, Episode 4",Austin-Arnett-57016,Brandon-Davis-67782,39e0e926a4ebf523,0432ba12b6296c1d,Austin Arnett,Brandon Davis,Brandon-Davis-67782,Decision (Unanimous),3
2017-08-08,2017,5,"Dana White's Tuesday Night Contender Series - Season 1, Episode 5",Donavon-Frelow-79087,Ricky-Simon-111209,,a0811e03ef7082c8,Donavon Frelow,Ricky Simon,Ricky-Simon-111209,Decision (Split),3
2017-08-08,2017,5,"Dana White's Tuesday Night Contender Series - Season 1, Episode 5",Alex-Perez-12443,Kevin-Gray-120689,245f661e52b116c7,,Alex Perez,Kevin Gray,Alex-Perez-12443,Technical Submission (Anaconda Choke),1
2017-08-08,2017,5,"Dana White's Tuesday Night Contender Series - Season 1, Episode 5",Julio-Arce-71299,Peter-Petties-183991,8fa232d3a73d0de7,,Julio Arce,Peter Petties,Julio-Arce-71299,TKO (Punches),2
2017-08-08,2017,5,"Dana White's Tuesday Night Contender Series - Season 1, Episode 5",Jamelle-Jones-137613,Mike-Rodriguez-107891,,53ba0dd370c19b38,Jamelle Jones,Mike Rodriguez,Mike-Rodriguez-107891,KO (Flying Knee),1
2017-08-15,2017,6,"Dana White's Tuesday Night Contender Series - Season 1, Episode 6",Jaime-Alvarez-139887,Martin-Day-155883,,9499fe7d747d0f34,Jaime Alvarez,Martin Day,Jaime-Alvarez-139887,Decision (Unanimous),3
2017-08-15,2017,6,"Dana White's Tuesday Night Contender Series - Season 1, Episode 6",Charles-Byrd-51234,Randall-Wallace-93103,b6c17f70c2c805cf,,Charles Byrd,Randall Wallace,Charles-Byrd-51234,Submission (Rear-Naked Choke),2
2017-08-22,2017,7,"Dana White's Tuesday Night Contender Series - Season 1, Episode 7",Anton-Berzin-69707,Kennedy-Nzechukwu-212289,,3efa6683f90baf91,Anton Berzin,Kennedy Nzechukwu,Kennedy-Nzechukwu-212289,Decision (Split),3
2017-08-22,2017,7,"Dana White's Tuesday Night Contender Series - Season 1, Episode 7",JP-Buys-197069,Joby-Sanchez-50239,5b7c7c83602d9b20,0f7518cc5cd482fb,JP Buys,Joby Sanchez,Joby-Sanchez-50239,TKO (Punches),2
2017-08-22,2017,7,"Dana White's Tuesday Night Contender Series - Season 1, Episode 7",Benito-Lopez-122711,Steven-Peterson-60433,a4264e3d664f208f,9d03eaf7a17b94a3,Benito Lopez,Steven Peterson,Benito-Lopez-122711,Decision (Split),3
2017-08-22,2017,7,"Dana White's Tuesday Night Contender Series - Season 1, Episode 7",Jordan-Espinosa-64942,Nick-Urso-52504,27fc42f9a706f56f,,Jordan Espinosa,Nick Urso,Jordan-Espinosa-64942,Technical Submission (Anaconda Choke),1
2017-08-22,2017,7,"Dana White's Tuesday Night Contender Series - Season 1, Episode 7",Mark-Cherico-56202,Mike-Santiago-66110,,4e832c70f00c22df,Mark Cherico,Mike Santiago,Mike-Santiago-66110,KO (Punches),1
2017-08-29,2017,8,"Dana White's Tuesday Night Contender Series - Season 1, Episode 8",Jose-Flores-60457,Matt-Frevola-100247,,c9d2ae98d9f6ab30,Jose Flores,Matt Frevola,Matt-Frevola-100247,Submission (Arm-Triangle Choke),2
2017-08-29,2017,8,"Dana White's Tuesday Night Contender Series - Season 1, Episode 8",Allen-Crowder-157353,DonTale-Mayes-237177,5f7d95f165f83e3c,83c80f54de1b32fe,Allen Crowder,Don'Tale Mayes,Allen-Crowder-157353,TKO (Punches and Elbows),3
2017-08-29,2017,8,"Dana White's Tuesday Night Contender Series - Season 1, Episode 8",Adam-Antolin-28758,Casey-Kenney-211031,,2c6080cef7de1112,Adam Antolin,Casey Kenney,Adam-Antolin-28758,Decision (Split),3
2017-08-29,2017,8,"Dana White's Tuesday Night Contender Series - Season 1, Episode 8",Bevon-Lewis-211153,Elias-Urbina-167417,8a049373a2a84299,,Bevon Lewis,Elias Urbina,Bevon-Lewis-211153,TKO (Punches),2
2017-08-29,2017,8,"Dana White's Tuesday Night Contender Series - Season 1, Episode 8",Kelly-McGillVelasco-170067,Lauren-Mueller-202159,,5c987d20da70c09d,Kelly McGill-Velasco,Lauren Mueller,Lauren-Mueller-202159,Decision (Unanimous),3
2018-06-12,2018,1,"Dana White's Tuesday Night Contender Series - Season 2, Episode 1",Austen-Lane-249439,Greg-Hardy-271461,f7d9010e13806799,e7b88fa57ffb42cb,Austen Lane,Greg Hardy,Greg-Hardy-271461,TKO (Punches),1
2018-06-12,2018,1,"Dana White's Tuesday Night Contender Series - Season 2, Episode 1",Chris-Curtis-48039,Sean-Lally-44100,9fc426aaa44255d9,,Chris Curtis,Sean Lally,Chris-Curtis-48039,TKO (Hook Kick and Punches),3
2018-06-12,2018,1,"Dana White's Tuesday Night Contender Series - Season 2, Episode 1",Alonzo-Menifield-210501,Dashawn-Boatwright-241897,990efe1105080c68,,Alonzo Menifield,Dashawn Boatwright,Alonzo-Menifield-210501,TKO (Punches),1
2018-06-12,2018,1,"Dana White's Tuesday Night Contender Series - Season 2, Episode 1",Kevin-Holland-108999,Will-Santiago-Jr-65536,b577c6fa8060ff5c,,Kevin Holland,Will Santiago Jr.,Kevin-Holland-108999,Decision (Unanimous),3
2018-06-19,2018,2,"Dana White's Tuesday Night Contender Series - Season 2, Episode 2",Anthony-Hernandez-86783,Jordan-Wright-79138,9583d6bf13318f23,9492268d8774c0a4,Anthony Hernandez,Jordan Wright,,No Contest (Overturned by NSAC),1
2018-06-19,2018,2,"Dana White's Tuesday Night Contender Series - Season 2, Episode 2",Austin-Springer-41861,Giga-Chikadze-213745,,3739a7ad389dcac5,Austin Springer,Giga Chikadze,Austin-Springer-41861,Submission (Rear-Naked Choke),3
2018-06-19,2018,2,"Dana White's Tuesday Night Contender Series - Season 2, Episode 2",Dwight-Grant-68983,Tyler-Hill-55299,3411cece8b9fb184,,Dwight Grant,Tyler Hill,Dwight-Grant-68983,KO (Punches),2
2018-06-19,2018,2,"Dana White's Tuesday Night Contender Series - Season 2, Episode 2",Matt-Sayles-93675,Yazan-Hajeh-83135,aefa91645d63ab49,,Matt Sayles,Yazan Hajeh,Matt-Sayles-93675,TKO (Punches),1
2018-06-26,2018,3,"Dana White's Tuesday Night Contender Series - Season 2, Episode 3",Jamall-Emmers-84139,Julian-Erosa-71442,d42c88019231799d,7dbe9bb9a5b973b5,Jamall Emmers,Julian Erosa,Julian-Erosa-71442,KO (Head Kick and Punches),2
2018-06-26,2018,3,"Dana White's Tuesday Night Contender Series - Season 2, Episode 3",Greg-Rebello-12293,Josh-Parisian-181225,,85e36eed269a8e5f,Greg Rebello,Josh Parisian,Josh-Parisian-181225,KO (Spinning Backfist),1
2018-06-26,2018,3,"Dana White's Tuesday Night Contender Series - Season 2, Episode 3",Antonina-Shevchenko-45389,Jaimelene-Nievera-88009,2651aa1e611abadc,,Antonina Shevchenko,Jaimelene Nievera,Antonina-Shevchenko-45389,TKO (Knees),2
2018-06-26,2018,3,"Dana White's Tuesday Night Contender Series - Season 2, Episode 3",Jordan-Williams-70941,Tim-Caron-128669,82b4ac7b2ab3eafb,,Jordan Williams,Tim Caron,,No Contest (Overturned by NSAC),3
2018-06-26,2018,3,"Dana White's Tuesday Night Contender Series - Season 2, Episode 3",Austin-Tweedy-91337,Te-Edwards-156303,,c8304578645a0300,Austin Tweedy,Te Edwards,Te-Edwards-156303,KO (Punch),1
2018-07-10,2018,4,"Dana White's Tuesday Night Contender Series - Season 2, Episode 4",Jalin-Turner-158269,Max-Mustaki-79656,e411d4112ff57cb3,,Jalin Turner,Max Mustaki,Jalin-Turner-158269,TKO (Doctor Stoppage),1
2018-07-10,2018,4,"Dana White's Tuesday Night Contender Series - Season 2, Episode 4",Joey-Gomez-124327,Kevin-Aguilar-57838,,434c4533ee6ced38,Joey    Gomez,Kevin Aguilar,Kevin-Aguilar-57838,Decision (Split),3
2018-07-10,2018,4,"Dana White's Tuesday Night Contender Series - Season 2, Episode 4",Jordan-Espinosa-64942,Riley-Dutro-42022,27fc42f9a706f56f,,Jordan Espinosa,Riley Dutro,Jordan-Espinosa-64942,TKO (Punches),3
2018-07-10,2018,4,"Dana White's Tuesday Night Contender Series - Season 2, Episode 4",Alton-Cunningham-166015,Bevon-Lewis-211153,,8a049373a2a84299,Alton Cunningham,Bevon Lewis,Bevon-Lewis-211153,TKO (Knees),1
2018-07-17,2018,5,"Dana White's Tuesday Night Contender Series - Season 2, Episode 5",Jamie-Colleen-Miller-115211,Maycee-Barber-253613,,c9bce4b58587da90,Jamie Colleen Miller,Maycee Barber,Maycee-Barber-253613,TKO (Elbows),3
2018-07-17,2018,5,"Dana White's Tuesday Night Contender Series - Season 2, Episode 5",Antonio-Jones-127091,Edmen-Shahbazyan-247691,,f4544d57a0c93b7c,Antonio Jones,Edmen Shahbazyan,Edmen-Shahbazyan-247691,TKO (Punches),1
2018-07-17,2018,5,"Dana White's Tuesday Night Contender Series - Season 2, Episode 5",Angelo-Trevino-201359,Austin-Vanderford-206919,,2d0d405ad62b34b7,Angelo Trevino,Austin Vanderford,Austin-Vanderford-206919,Submission (Rear-Naked Choke),2
2018-07-17,2018,5,"Dana White's Tuesday Night Contender Series - Season 2, Episode 5",Domingo-Pilarte-48495,Vince-Morales-177019,0cdf886f3d227f07,,Domingo Pilarte,Vince Morales,Domingo-Pilarte-48495,Technical Submission (Rear-Naked Choke),2
2018-07-24,2018,6,"Dana White's Tuesday Night Contender Series - Season 2, Episode 6",Canaan-Kawaihae-230231,Chase-Hooper-249301,,61aca8157bf71afd,Canaan Kawaihae,Chase Hooper,Chase-Hooper-249301,Decision (Unanimous),3
2018-07-24,2018,6,"Dana White's Tuesday Night Contender Series - Season 2, Episode 6",Chris-Birchler-75224,Jimmy-Crute-218959,,a1fe00d04609986b,Chris Birchler,Jimmy Crute,Jimmy-Crute-218959,TKO (Punches),1
2018-07-24,2018,6,"Dana White's Tuesday Night Contender Series - Season 2, Episode 6",Mike-Davis-202169,Sodiq-Yusuff-152359,c089e6624556674f,98def16d7bb14aa9,Mike Davis,Sodiq Yusuff,Sodiq-Yusuff-152359,Decision (Unanimous),3
2018-07-24,2018,6,"Dana White's Tuesday Night Contender Series - Season 2, Episode 6",Jeff-Hughes-23793,Josh-Appelt-47983,93f287cc2018f186,,Jeff Hughes,Josh Appelt,Jeff-Hughes-23793,KO (Punch),1
2018-07-31,2018,7,"Dana White's Tuesday Night Contender Series - Season 2, Episode 7",DonTale-Mayes-237177,Mitchell-Sipe-208607,83c80f54de1b32fe,,Don'Tale Mayes,Mitchell Sipe,DonTale-Mayes-237177,TKO (Punches),2
2018-07-31,2018,7,"Dana White's Tuesday Night Contender Series - Season 2, Episode 7",Garrett-Gross-84704,Roosevelt-Roberts-191653,,64c7119b9beb015a,Garrett Gross,Roosevelt Roberts,Roosevelt-Roberts-191653,Submission (Rear-Naked Choke),2
2018-07-31,2018,7,"Dana White's Tuesday Night Contender Series - Season 2, Episode 7",Ian-Heinisch-187341,Justin-Sumter-98983,f83eb8d8634c7c8b,,Ian Heinisch,Justin Sumter,Ian-Heinisch-187341,KO (Elbows),1
2018-07-31,2018,7,"Dana White's Tuesday Night Contender Series - Season 2, Episode 7",Jordan-Griffin-56524,Maurice-Mitchell-37818,1de38f7d8fb8d358,,Jordan Griffin,Maurice Mitchell,Jordan-Griffin-56524,Submission (Rear-Naked Choke),1
2018-07-31,2018,7,"Dana White's Tuesday Night Contender Series - Season 2, Episode 7",Juan-Adams-239097,Shawn-Teed-175575,920c5cc2e74aaaf6,,Juan Adams,Shawn Teed,Juan-Adams-239097,TKO (Punches),1
2018-08-07,2018,8,"Dana White's Tuesday Night Contender Series - Season 2, Episode 8",Dennis-Bryant-85516,Kennedy-Nzechukwu-212289,,3efa6683f90baf91,Dennis Bryant,Kennedy Nzechukwu,Kennedy-Nzechukwu-212289,TKO (Head Kick and Punches),1
2018-08-07,2018,8,"Dana White's Tuesday Night Contender Series - Season 2, Episode 8",Greg-Hardy-271461,Tebaris-Gordon-260891,e7b88fa57ffb42cb,,Greg Hardy,Tebaris Gordon,Greg-Hardy-271461,TKO (Punches),1
2018-08-07,2018,8,"Dana White's Tuesday Night Contender Series - Season 2, Episode 8",Devonte-Smith-89163,Joseph-Lowry-76336,2a5d37e65372331c,,Devonte Smith,Joseph Lowry,Devonte-Smith-89163,KO (Elbows),1
2018-08-07,2018,8,"Dana White's Tuesday Night Contender Series - Season 2, Episode 8",Bobby-Moffett-159019,Jacob-Kilburn-238233,ab06e184a09da577,2983f5d00ab2638c,Bobby Moffett,Jacob Kilburn,Bobby-Moffett-159019,Submission (Brabo Choke),2
2018-08-10,2018,1,"Dana White's Tuesday Night Contender Series Brazil - Season 1, Episode 1",Augusto-Sakai-87303,Marcos-Conrado-Jr-234165,3e1f496aca017284,,Augusto Sakai,Marcos Conrado Jr.,Augusto-Sakai-87303,TKO (Punches),2
2018-08-10,2018,1,"Dana White's Tuesday Night Contender Series Brazil - Season 1, Episode 1",Gustavo-Gabriel-Silva-127725,Rogerio-Bontorin-132211,,1b2245155a92a358,Gustavo Gabriel Silva,Rogerio Bontorin,Rogerio-Bontorin-132211,Submission (Rear-Naked Choke),2
2018-08-10,2018,1,"Dana White's Tuesday Night Contender Series Brazil - Season 1, Episode 1",Antonio-Arroyo-173979,Diego-Henrique-da-Silva-76846,20184f36071fdaa3,,Antonio Arroyo,Diego Henrique da Silva,Antonio-Arroyo-173979,Decision (Unanimous),3
2018-08-10,2018,1,"Dana White's Tuesday Night Contender Series Brazil - Season 1, Episode 1",Maiara-Amanajas-dos-Santos-77091,Sarah-Frota-222541,,511b8a19e1b7ac9f,Maiara Amanajas dos Santos,Sarah Frota,Sarah-Frota-222541,KO (Punches),1
2018-08-11,2018,3,"Dana White's Tuesday Night Contender Series Brazil - Season 1, Episode 3",Allan-Nascimento-87857,Raulian-Paiva-167575,5138742df3096e35,33936cc54a3063f8,Allan Nascimento,Raulian Paiva,Raulian-Paiva-167575,Decision (Split),3
2018-08-11,2018,2,"Dana White's Tuesday Night Contender Series Brazil - Season 1, Episode 2",Andre-Muniz-81800,Bruno-Assis-185297,74fd8194bb19e2bf,,Andre Muniz,Bruno Assis,Andre-Muniz-81800,Decision (Unanimous),3
2018-08-11,2018,3,"Dana White's Tuesday Night Contender Series Brazil - Season 1, Episode 3",Luana-Carolina-189719,Mabelly-Lima-187177,64d5a5e924312934,,Luana Carolina,Mabelly Lima,Luana-Carolina-189719,Decision (Unanimous),3
2018-08-11,2018,2,"Dana White's Tuesday Night Contender Series Brazil - Season 1, Episode 2",Maria-Oliveira-207835,Marina-Rodriguez-193977,09efcf1044196013,c42bb75b660872de,Maria Oliveira,Marina Rodriguez,Marina-Rodriguez-193977,TKO (Punches),1
2018-08-11,2018,2,"Dana White's Tuesday Night Contender Series Brazil - Season 1, Episode 2",Estefani-Almeida-205515,Taila-Santos-143185,,73dcdd41661adf51,Estefani Almeida,Taila Santos,Taila-Santos-143185,Decision (Unanimous),3
2018-08-11,2018,3,"Dana White's Tuesday Night Contender Series Brazil - Season 1, Episode 3",John-Allan-114875,Vinicius-Moreira-207291,b2d78c1271922be6,aa41f7f0d38a67de,John Allan,Vinicius Moreira,Vinicius-Moreira-207291,Submission (Triangle Choke),2
2018-08-11,2018,2,"Dana White's Tuesday Night Contender Series Brazil - Season 1, Episode 2",Henrique-da-Silva-175493,Johnny-Walker-170203,c9309ef7c0bb931b,,Henrique da Silva,Johnny Walker,Johnny-Walker-170203,Decision (Unanimous),3
2019-06-18,2019,1,"Dana White's Contender Series - Season 3, Episode 1",Jamie-Pickett-72595,Punahele-Soriano-230239,e891217b7a2b4f16,fd2553227e3641fe,Jamie Pickett,Punahele Soriano,Punahele-Soriano-230239,Decision (Unanimous),3
2019-06-18,2019,1,"Dana White's Contender Series - Season 3, Episode 1",Bill-Algeo-77441,Brendan-Loughnane-44417,fb02ddf6816c3234,,Bill Algeo,Brendan Loughnane,Brendan-Loughnane-44417,Decision (Unanimous),3
2019-06-18,2019,1,"Dana White's Contender Series - Season 3, Episode 1",Hannah-Goldy-204879,Kali-Robbins-178681,aef794c9754597d7,,Hannah Goldy,Kali Robbins,Hannah-Goldy-204879,Decision (Unanimous),3
2019-06-18,2019,1,"Dana White's Contender Series - Season 3, Episode 1",Alton-Meeks-292547,Yorgan-De-Castro-176091,,dea7ffef261a8d05,Alton Meeks,Yorgan De Castro,Yorgan-De-Castro-176091,TKO (Leg Kick and Punches),1
2019-06-25,2019,2,"Dana White's Contender Series - Season 3, Episode 2",Kyle-Daukaus-83350,Michael-Lombardo-217745,adc254e5ba385928,,Kyle Daukaus,Michael Lombardo,Kyle-Daukaus-83350,Decision (Unanimous),3
2019-06-25,2019,2,"Dana White's Contender Series - Season 3, Episode 2",Miles-Johns-172691,Richie-Santiago-126329,e011a97f57726d2d,,Miles Johns,Richie Santiago,Miles-Johns-172691,Decision (Unanimous),3
2019-06-25,2019,2,"Dana White's Contender Series - Season 3, Episode 2",Miguel-Baeza-231403,Victor-Reyna-72745,0c3ba783cdf08931,,Miguel Baeza,Victor Reyna,Miguel-Baeza-231403,Decision (Unanimous),3
2019-07-09,2019,3,"Dana White's Contender Series - Season 3, Episode 3",Antonio-Trocoli-123109,Kenneth-Bergh-189821,64794ca3e674f4b1,,Antonio Trocoli,Kenneth Bergh,,No Contest (Overturned by NSAC),1
2019-07-09,2019,3,"Dana White's Contender Series - Season 3, Episode 3",James-Wallace-55291,Joe-Solecki-227993,,97b41815ee1fcfd0,James Wallace,Joe Solecki,Joe-Solecki-227993,Technical Submission (Guillotine Choke),1
2019-07-09,2019,3,"Dana White's Contender Series - Season 3, Episode 3",Jacob-Rosales-154819,Jonathan-Pearce-183541,,c62d07b2a13212ac,Jacob Rosales,Jonathan Pearce,Jonathan-Pearce-183541,TKO (Punch),3
2019-07-09,2019,3,"Dana White's Contender Series - Season 3, Episode 3",Justin-Sumter-98983,Maki-Pitolo-51049,,8a0cb9e5ef6f57d0,Justin Sumter,Maki Pitolo,Maki-Pitolo-51049,TKO (Punches),1
2019-07-09,2019,3,"Dana White's Contender Series - Season 3, Episode 3",Chris-Ocon-194123,Hunter-Azure-251727,,9494d3823806d705,Chris Ocon,Hunter Azure,Hunter-Azure-251727,Decision (Unanimous),3
2019-07-16,2019,4,"Dana White's Contender Series - Season 3, Episode 4",Armando-Villarreal-141205,Ode-Osbourne-137969,,cb862700e7767b56,Armando Villarreal,Ode Osbourne,Ode-Osbourne-137969,Submission (Armbar),1
2019-07-16,2019,4,"Dana White's Contender Series - Season 3, Episode 4",Aaron-Jeffery-127631,Brendan-Allen-201703,,58b6dee880eed3f4,Aaron Jeffery,Brendan Allen,Brendan-Allen-201703,Submission (Rear-Naked Choke),1
2019-07-16,2019,4,"Dana White's Contender Series - Season 3, Episode 4",DonTale-Mayes-237177,Ricardo-Prasel-157509,83c80f54de1b32fe,,Don'Tale Mayes,Ricardo Prasel,DonTale-Mayes-237177,TKO (Punches),1
2019-07-16,2019,4,"Dana White's Contender Series - Season 3, Episode 4",Antonio-Arroyo-173979,Stephen-Regman-66763,20184f36071fdaa3,,Antonio Arroyo,Stephen Regman,Antonio-Arroyo-173979,Submission (Arm-Triangle Choke),2
2019-07-23,2019,5,"Dana White's Contender Series - Season 3, Episode 5",Sean-Woodson-235563,Terrance-McKinney-232591,a238e2e4c9670e90,d75d3c014f3a0d70,Sean Woodson,Terrance McKinney,Sean-Woodson-235563,KO (Flying Knee),2
2019-07-23,2019,5,"Dana White's Contender Series - Season 3, Episode 5",Alexander-Poppeck-99051,Jamahal-Hill-280417,,fa92f349c2df714c,Alexander Poppeck,Jamahal Hill,Jamahal-Hill-280417,TKO (Punches and Elbows),2
2019-07-23,2019,5,"Dana White's Contender Series - Season 3, Episode 5",Billy-Quarantillo-68076,Kamuela-Kirk-162187,15a5d250b43e99c3,7a7707b49ee6909b,Billy Quarantillo,Kamuela Kirk,Billy-Quarantillo-68076,TKO (Punches),3
2019-07-23,2019,5,"Dana White's Contender Series - Season 3, Episode 5",Jordan-Williams-70941,Ramazan-Kuramagomedov-241397,82b4ac7b2ab3eafb,,Jordan Williams,Ramazan Kuramagomedov,Ramazan-Kuramagomedov-241397,Decision (Split),3
2019-07-30,2019,6,"Dana White's Contender Series - Season 3, Episode 6",Mariya-Agapova-206861,Tracy-Cortez-160955,52626334298457ab,f23f5caaf463e283,Mariya Agapova,Tracy Cortez,Tracy-Cortez-160955,Decision (Unanimous),3
2019-07-30,2019,6,"Dana White's Contender Series - Season 3, Episode 6",Aalon-Cruz-103485,Steven-Nguyen-121057,2212a11deddf09e9,6ff3abc1052a0921,Aalon Cruz,Steven Nguyen,Aalon-Cruz-103485,KO (Flying Knee),3
2019-07-30,2019,6,"Dana White's Contender Series - Season 3, Episode 6",Daniel-Rodriguez-145945,Rico-Farrington-135825,27dc95be9b98006d,,Daniel Rodriguez,Rico Farrington,Daniel-Rodriguez-145945,Decision (Unanimous),3
2019-07-30,2019,6,"Dana White's Contender Series - Season 3, Episode 6",Michal-Martinek-242333,Rodrigo-Nascimento-97975,,5de030e625a4928c,Michal Martinek,Rodrigo Nascimento,Rodrigo-Nascimento-97975,Submission (Arm-Triangle Choke),1
2019-07-30,2019,6,"Dana White's Contender Series - Season 3, Episode 6",Aleksa-Camur-228789,Fabio-Cherant-230293,7a868cb67cd37a18,13c5e090b6868e27,Aleksa Camur,Fabio Cherant,Aleksa-Camur-228789,TKO (Flying Knee and Punches),2
2019-08-06,2019,7,"Dana White's Contender Series - Season 3, Episode 7",Andre-Muniz-81800,Taylor-Johnson-232443,74fd8194bb19e2bf,,Andre Muniz,Taylor Johnson,Andre-Muniz-81800,Submission (Rear-Naked Choke),1
2019-08-06,2019,7,"Dana White's Contender Series - Season 3, Episode 7",Darrick-Minner-92115,Herbert-Burns-152211,32b54efa17dd09e6,aae070309e2d5bd6,Darrick Minner,Herbert Burns,Herbert-Burns-152211,Submission (Triangle Armbar),1
2019-08-06,2019,7,"Dana White's Contender Series - Season 3, Episode 7",Harvey-Park-72673,Omar-Morales-120645,,0aa3f2867f59903c,Harvey Park,Omar Morales,Omar-Morales-120645,TKO (Leg Kicks and Punches),2
2019-08-06,2019,7,"Dana White's Contender Series - Season 3, Episode 7",Dwight-Joseph-106151,Jay-Perrin-99689,,bf51dc1830ee0331,Dwight Joseph,Jay Perrin,Dwight-Joseph-106151,Decision (Unanimous),3
2019-08-13,2019,8,"Dana White's Contender Series  - Season 3, Episode 8",Ray-Rodriguez-78078,Tony-Gravely-210575,389b2776826e2183,e3c4bca51aa2bdd4,Ray Rodriguez,Tony Gravely,Tony-Gravely-210575,TKO (Punches),3
2019-08-13,2019,8,"Dana White's Contender Series  - Season 3, Episode 8",Herdem-Alacabek-180227,William-Knight-282383,,08b1e6f4c8b49a3c,Herdem Alacabek,William Knight,William-Knight-282383,TKO (Punches),3
2019-08-13,2019,8,"Dana White's Contender Series  - Season 3, Episode 8",Sarah-Alpar-82261,Shanna-Young-126277,44852969f473e28a,ec2c1c878d169469,Sarah Alpar,Shanna Young,Sarah-Alpar-82261,Submission (Rear-Naked Choke),2
2019-08-13,2019,8,"Dana White's Contender Series  - Season 3, Episode 8",Brok-Weaver-53819,Devin-Smyth-224885,4ab925019d108a41,,Brok Weaver,Devin Smyth,Brok-Weaver-53819,Decision (Unanimous),3
2019-08-20,2019,9,"Dana White's Contender Series - Season 3, Episode 9",Leon-Shahbazyan-158231,Philip-Rowe-121067,,9a1548c71a7398bf,Leon Shahbazyan,Phil Rowe,Philip-Rowe-121067,TKO (Punches),3
2019-08-20,2019,9,"Dana White's Contender Series - Season 3, Episode 9",Desmond-Torres-251669,Steve-Garcia-50916,,a49129adb0dad63b,Desmond Torres,Steve Garcia,Steve-Garcia-50916,TKO (Punches and Elbows),1
2019-08-20,2019,9,"Dana White's Contender Series - Season 3, Episode 9",Jamal-Pogues-152993,Marcos-Brigagao-258879,085a230fc9e8aafb,,Jamal Pogues,Marcos Brigagao,Jamal-Pogues-152993,Decision (Unanimous),3
2019-08-20,2019,9,"Dana White's Contender Series - Season 3, Episode 9",Mallory-Martin-200771,Micol-DiSegni-171627,e8537d08d84aaea2,,Mallory Martin,Micol DiSegni,Mallory-Martin-200771,Decision (Unanimous),3
2019-08-27,2019,10,"Dana White's Contender Series - Season 3, Episode 10",Dusko-Todorovic-207339,Teddy-Ash-101379,cf44ab1ffc00f165,,Dusko Todorovic,Teddy Ash,Dusko-Todorovic-207339,Decision (Unanimous),3
2019-08-27,2019,10,"Dana White's Contender Series - Season 3, Episode 10",Impa-Kasanganay-310489,Kailan-Hill-232313,76de23d141fb4ab4,,Impa Kasanganay,Kailan Hill,Impa-Kasanganay-310489,Decision (Unanimous),3
2019-08-27,2019,10,"Dana White's Contender Series - Season 3, Episode 10",Peter-Barrett-79095,Sang-Hoon-Yoo-246531,4b54780dc1d97640,,Peter Barrett,Sang Hoon Yoo,Peter-Barrett-79095,Decision (Unanimous),3
2019-08-27,2019,10,"Dana White's Contender Series - Season 3, Episode 10",Ben-Sosoli-125617,Dustin-Joynson-98405,74ddb1f1670a7b9e,,Ben Sosoli,Dustin Joynson,,No Contest (Eye Poke),1
2020-08-04,2020,1,Dana White's Contender Series - Contender Series 2020: Week 1,Mikey-Gonzalez-205501,Uros-Medic-272505,,84ded26cb00e17cf,Mikey Gonzalez,Uros Medic,Uros-Medic-272505,TKO (Punches),1
2020-08-04,2020,1,Dana White's Contender Series - Contender Series 2020: Week 1,Jordan-Leavitt-259871,Jose-Flores-60457,12c6b847f7f28593,,Jordan Leavitt,Jose Flores,Jordan-Leavitt-259871,Submission (Arm-Triangle Choke),1
2020-08-04,2020,1,Dana White's Contender Series - Contender Series 2020: Week 1,Dustin-Jacoby-73825,Ty-Flores-86350,91199de65226ddd6,,Dustin Jacoby,Ty Flores,Dustin-Jacoby-73825,Decision (Unanimous),3
2020-08-04,2020,1,Dana White's Contender Series - Contender Series 2020: Week 1,Jerome-Rivera-139017,Ronaldo-Rodriguez-266121,53e952ec79277dbd,59fcc641cfc67b7d,Jerome Rivera,Ronaldo Rodriguez,Jerome-Rivera-139017,Decision (Unanimous),3
2020-08-11,2020,2,Dana White's Contender Series - Contender Series 2020: Week 2,Dustin-Stoltzfus-113779,Joe-Pyfer-239253,be354104b1b893f1,154db60abecdd988,Dustin Stoltzfus,Joe Pyfer,Dustin-Stoltzfus-113779,TKO (Elbow Injury),1
2020-08-11,2020,2,Dana White's Contender Series - Contender Series 2020: Week 2,Adrian-Yanez-86354,Brady-Huang-140911,f11750d4f48eb942,,Adrian Yanez,Brady Huang,Adrian-Yanez-86354,TKO (Punches),1
2020-08-11,2020,2,Dana White's Contender Series - Contender Series 2020: Week 2,Cory-McKenna-178347,Vanessa-Demopoulos-118775,d2f5ea74eafaebd7,f8588e91351f8a39,Cory McKenna,Vanessa Demopoulos,Cory-McKenna-178347,Decision (Unanimous),3
2020-08-11,2020,2,Dana White's Contender Series - Contender Series 2020: Week 2,Daniel-Swain-73000,TJ-Laramie-188479,,b2fc49bb4703d084,Daniel Swain,TJ Laramie,TJ-Laramie-188479,TKO (Doctor Stoppage),1
2020-08-11,2020,2,Dana White's Contender Series - Contender Series 2020: Week 2,Anthony-Adams-144983,Impa-Kasanganay-310489,,76de23d141fb4ab4,Anthony Adams,Impa Kasanganay,Impa-Kasanganay-310489,Decision (Unanimous),3
2020-08-18,2020,3,Dana White's Contender Series - Contender Series 2020: Week 3,Chad-Johnson-213687,Josh-Parisian-181225,,85e36eed269a8e5f,Chad Johnson,Josh Parisian,Josh-Parisian-181225,KO (Punches),1
2020-08-18,2020,3,Dana White's Contender Series - Contender Series 2020: Week 3,Cheyanne-Vlismas-152049,Hilarie-Rose-205129,02daaff72f859e6e,,Cheyanne Vlismas,Hilarie Rose,Cheyanne-Vlismas-152049,Decision (Unanimous),3
2020-08-18,2020,3,Dana White's Contender Series - Contender Series 2020: Week 3,Louis-Cosce-282403,Victor-Reyna-72745,0f8a323857fc0cf8,,Louis Cosce,Victor Reyna,Louis-Cosce-282403,TKO (Punches),1
2020-08-25,2020,4,Dana White's Contender Series - Contender Series 2020: Week 4,Jamie-Pickett-72595,Jhonoven-Pati-124585,e891217b7a2b4f16,,Jamie Pickett,Jhonoven Pati,Jamie-Pickett-72595,TKO (Punches),2
2020-08-25,2020,4,Dana White's Contender Series - Contender Series 2020: Week 4,Anthony-Romero-221129,Mike-Breeden-243687,,dcea68f4ed60b8fd,Anthony Romero,Mike Breeden,Anthony-Romero-221129,Decision (Unanimous),3
2020-08-25,2020,4,Dana White's Contender Series - Contender Series 2020: Week 4,Alejandro-Flores-155325,Rafael-Alves-96651,,85676ed9a7898a46,Alejandro Flores,Rafael Alves,Rafael-Alves-96651,Submission (Guillotine Choke),2
2020-08-25,2020,4,Dana White's Contender Series - Contender Series 2020: Week 4,Jacob-Silva-80677,Jeff-Molina-218069,,e0c4f89412167696,Jacob Silva,Jeff Molina,Jeff-Molina-218069,Decision (Unanimous),3
2020-09-01,2020,5,Dana White's Contender Series - Contender Series 2020: Week 5,Jimmy-Flick-60460,Nate-Smith-164585,78ebf7d241e77844,,Jimmy Flick,Nate Smith,Jimmy-Flick-60460,Submission (Arm-Triangle Choke),3
2020-09-01,2020,5,Dana White's Contender Series - Contender Series 2020: Week 5,Dennis-Buzukja-286225,Melsik-Baghdasaryan-164681,,7a88ea78c1ad646f,Dennis Buzukja,Melsik Baghdasaryan,Melsik-Baghdasaryan-164681,Decision (Unanimous),3
2020-09-01,2020,5,Dana White's Contender Series - Contender Series 2020: Week 5,Jose-Johnson-238733,Ronnie-Lawrence-102885,7aeb78dffc4f5978,a9976b0f038ad666,Jose Johnson,Ronnie Lawrence,Ronnie-Lawrence-102885,Decision (Unanimous),3
2020-09-01,2020,5,Dana White's Contender Series - Contender Series 2020: Week 5,Chase-Gibson-180669,Tucker-Lutz-122559,,dc2d95b1cce62691,Chase Gibson,Tucker Lutz,Tucker-Lutz-122559,Decision (Unanimous),3
2020-09-01,2020,5,Dana White's Contender Series - Contender Series 2020: Week 5,Cody-Brundage-281913,William-Knight-282383,,08b1e6f4c8b49a3c,Cody Brundage,William Knight,William-Knight-282383,TKO (Elbows and Punches),1
2020-09-08,2020,6,Dana White's Contender Series - Contender Series 2020: Week 6,Aliaskhab-Khizriev-209647,Henrique-Shiguemoto-74268,1581a12ff499bd32,,Aliaskhab Khizriev,Henrique Shiguemoto,Aliaskhab-Khizriev-209647,Submission (Rear-Naked Choke),1
2020-09-08,2020,6,Dana White's Contender Series - Contender Series 2020: Week 6,Khadzhimurat-Bestaev-164821,Phil-Hawes-130935,,186b7b196c354140,Khadzhimurat Bestaev,Phil Hawes,Phil-Hawes-130935,TKO (Punches),1
2020-09-08,2020,6,Dana White's Contender Series - Contender Series 2020: Week 6,Al-Matavao-210483,Tafon-Nchukwi-282049,,360f2cc2f016e6ac,Al Matavao,Tafon Nchukwi,Tafon-Nchukwi-282049,KO (Head Kick),2
2020-09-08,2020,6,Dana White's Contender Series - Contender Series 2020: Week 6,Drako-Rodriguez-203421,Leomana-Martinez-130553,7e82a2b9326866dc,16a29d115b3e37f4,Drako Rodriguez,Mana Martinez,Drako-Rodriguez-203421,Technical Submission (Triangle Choke),1
2020-09-15,2020,7,Dana White's Contender Series - Contender Series 2020: Week 7,Gregory-Rodrigues-176275,Jordan-Williams-70941,2127684a702c4006,82b4ac7b2ab3eafb,Gregory Rodrigues,Jordan Williams,Jordan-Williams-70941,KO (Punches),1
2020-09-15,2020,7,Dana White's Contender Series - Contender Series 2020: Week 7,Collin-Anglin-280415,Muhammadjon-Naimov-228381,8a820786ab3bc2ea,56adb35526c59c88,Collin Anglin,Muhammad Naimov,Collin-Anglin-280415,Decision (Unanimous),3
2020-11-04,2020,8,Dana White's Contender Series - Contender Series 2020: Week 8,Edson-Gomez-158229,Ignacio-Bahamondes-221417,,1979d2ef989e7265,Edson Gomez,Ignacio Bahamondes,Ignacio-Bahamondes-221417,KO (Front Kick),2
2020-11-04,2020,8,Dana White's Contender Series - Contender Series 2020: Week 8,Harry-Hunsucker-239513,Jared-Vanderaa-152987,c89b0a7cd08a3b08,9ee1b4b7ce888501,Harry Hunsucker,Jared Vanderaa,Jared-Vanderaa-152987,TKO (Punches),1
2020-11-04,2020,8,Dana White's Contender Series - Contender Series 2020: Week 8,Luis-Saldana-77414,Vince-Murdock-119961,9d56d022b89c876b,,Luis Saldana,Vince Murdock,Luis-Saldana-77414,TKO (Punches),3
2020-11-10,2020,9,Dana White's Contender Series - Contender Series 2020: Week 9,Joseph-Lowry-76336,Nikolas-Motta-103887,,e6bdebff94eddc25,Joseph Lowry,Nikolas Motta,Nikolas-Motta-103887,Decision (Unanimous),3
2020-11-10,2020,9,Dana White's Contender Series - Contender Series 2020: Week 9,Luana-Pinheiro-237525,Stephanie-Frausto-61109,0ce8ac03e1fc8da4,,Luana Pinheiro,Stephanie Frausto,Luana-Pinheiro-237525,KO (Punches),1
2020-11-10,2020,9,Dana White's Contender Series - Contender Series 2020: Week 9,Natan-Levy-227411,Shaheen-Santana-227431,c1913c3d6026e4d0,,Natan Levy,Shaheen Santana,Natan-Levy-227411,Technical Submission (Arm-Triangle Choke),3
2020-11-17,2020,10,Dana White's Contender Series - Contender Series 2020: Week 10,Chelsea-Hackett-319473,Victoria-Leonardo-212725,,d77d7e2d8258cc82,Chelsea Hackett,Victoria Leonardo,Victoria-Leonardo-212725,TKO (Punches),2
2020-11-17,2020,10,Dana White's Contender Series - Contender Series 2020: Week 10,JP-Buys-197069,Jacob-Silva-80677,5b7c7c83602d9b20,,JP Buys,Jacob Silva,JP-Buys-197069,Technical Submission (Guillotine Choke),1
2020-11-17,2020,10,Dana White's Contender Series - Contender Series 2020: Week 10,Sherrard-Blackledge-198563,Tucker-Lutz-122559,,dc2d95b1cce62691,Sherrard Blackledge,Tucker Lutz,Tucker-Lutz-122559,Decision (Unanimous),3
2020-11-17,2020,10,Dana White's Contender Series - Contender Series 2020: Week 10,Nick-Maximov-302823,Oscar-Cota-105241,b0fc9b463c44f7ea,,Nick Maximov,Oscar Cota,Nick-Maximov-302823,Decision (Unanimous),3
2020-11-17,2020,10,Dana White's Contender Series - Contender Series 2020: Week 10,Gloria-de-Paula-230933,Pauline-Macias-225033,2038fc2e7818a453,,Gloria de Paula,Pauline Macias,Gloria-de-Paula-230933,Decision (Unanimous),3
2021-08-31,2021,1,Dana White's Contender Series - Contender Series 2021: Week 1,Diego-Lopes-112531,Joanderson-Brito-181115,bf14e890b46e0305,5817d60924c7a7e0,Diego Lopes,Joanderson Brito,Joanderson-Brito-181115,Technical Decision (Unanimous),3
2021-08-31,2021,1,Dana White's Contender Series - Contender Series 2021: Week 1,Carlos-Candelario-97453,Victor-Altamirano-212269,e503c6a1065a60f9,edf83b64bd3557d4,Carlos Candelario,Victor Altamirano,Victor-Altamirano-212269,Decision (Split),3
2021-08-31,2021,1,Dana White's Contender Series - Contender Series 2021: Week 1,AJ-Fletcher-284309,Leonardo-Damiani-239897,1ebe45b826ab0427,,AJ Fletcher,Leonardo Damiani,AJ-Fletcher-284309,KO (Flying Knee),1
2021-09-07,2021,2,Dana White's Contender Series - Contender Series 2021: Week 2,Chidi-Njokuani-25761,Mario-Sousa-213265,b64bdbe0d3e4c9aa,,Chidi Njokuani,Mario Sousa,Chidi-Njokuani-25761,TKO (Elbows),3
2021-09-07,2021,2,Dana White's Contender Series - Contender Series 2021: Week 2,Chad-Anheliger-63370,Muin-Gafurov-182325,07437ba38048dad7,a991252ad3712030,Chad Anheliger,Muin Gafurov,Chad-Anheliger-63370,Decision (Split),3
2021-09-07,2021,2,Dana White's Contender Series - Contender Series 2021: Week 2,Jose-Alday-146733,Saimon-Oliveira-156991,,d892963e78a574fb,Jose Alday,Saimon Oliveira,Saimon-Oliveira-156991,Decision (Split),3
2021-09-07,2021,2,Dana White's Contender Series - Contender Series 2021: Week 2,Bruno-Mesquita-57480,CJ-Vergara-72117,,daa8caf6878b4796,Bruno Mesquita,CJ Vergara,CJ-Vergara-72117,KO (Knee to the Body),1
2021-09-07,2021,2,Dana White's Contender Series - Contender Series 2021: Week 2,Josh-Quinlan-290925,Logan-Urban-174025,c8deb768d421f009,,Josh Quinlan,Logan Urban,,No Contest (Overturned),1
2021-09-14,2021,3,Dana White's Contender Series - Contender Series 2021: Week 3,Jailton-Almeida-114657,Nasrudin-Nasrudinov-156463,c17b1fa1d28c1eea,,Jailton Almeida,Nasrudin Nasrudinov,Jailton-Almeida-114657,Submission (Rear-Naked Choke),2
2021-09-14,2021,3,Dana White's Contender Series - Contender Series 2021: Week 3,Dylan-Potter-209025,Lukasz-Brzeski-132249,,a0989877f644f2ab,Dylan Potter,Lukasz Brzeski,,No Contest (Overturned),3
2021-09-14,2021,3,Dana White's Contender Series - Contender Series 2021: Week 3,Ange-Loosa-95799,Jack-Della-Maddalena-208155,16a0eba44cd46eb9,,Ange Loosa,Jack Della Maddalena,Jack-Della-Maddalena-208155,Decision (Unanimous),3
2021-09-14,2021,3,Dana White's Contender Series - Contender Series 2021: Week 3,Albert-Duraev-86841,Caio-Bittencourt-78480,8f422d41a940e93c,,Albert Duraev,Caio Bittencourt,Albert-Duraev-86841,Submission (Neck Crank),1
2021-09-21,2021,4,Dana White's Contender Series - Contender Series 2021: Week 4,Michael-Morales-268041,Nikolay-Veretennikov-186789,5561fca8c897f0bf,,Michael Morales,Nikolay Veretennikov,Michael-Morales-268041,Decision (Unanimous),3
2021-09-21,2021,4,Dana White's Contender Series - Contender Series 2021: Week 4,Steven-Nguyen-121057,Theo-Rlayang-256035,6ff3abc1052a0921,,Steven Nguyen,Theo Rlayang,Steven-Nguyen-121057,Decision (Unanimous),3
2021-09-21,2021,4,Dana White's Contender Series - Contender Series 2021: Week 4,Jacob-Rosales-154819,Victor-Martinez-86938,,c54bce0af7e7b01b,Jacob Rosales,Victor Martinez,Victor-Martinez-86938,Decision (Unanimous),3
2021-09-21,2021,4,Dana White's Contender Series - Contender Series 2021: Week 4,Kleydson-Rodrigues-229541,Santo-Curatolo-266023,72b8ddd1d482149e,,Kleydson Rodrigues,Santo Curatolo,Kleydson-Rodrigues-229541,Decision (Unanimous),3
2021-09-21,2021,4,Dana White's Contender Series - Contender Series 2021: Week 4,AJ-Dobson-119943,Hashem-Arkhagha-74722,c466cc5888c59b0e,,AJ Dobson,Hashem Arkhagha,AJ-Dobson-119943,Submission (Rear-Naked Choke),1
2021-09-28,2021,5,Dana White's Contender Series - Contender Series 2021: Week 5,Aaron-Jeffery-127631,Caio-Borralho-188043,,b483569c9c54cfc6,Aaron Jeffery,Caio Borralho,Caio-Borralho-188043,Decision (Unanimous),3
2021-09-28,2021,5,Dana White's Contender Series - Contender Series 2021: Week 5,Daniel-Zellhuber-238903,Lucas-Almeida-191243,17dc8cabd91da5ae,5adc666e571b3cb1,Daniel Zellhuber,Lucas Almeida,Daniel-Zellhuber-238903,Decision (Unanimous),3
2021-09-28,2021,5,Dana White's Contender Series - Contender Series 2021: Week 5,Edivan-Mineiro-Santos-244213,Rizvan-Kuniev-86319,,16862aff18bed355,Edivan Mineiro Santos,Rizvan Kuniev,Rizvan-Kuniev-86319,TKO (Punches),3
2021-09-28,2021,5,Dana White's Contender Series - Contender Series 2021: Week 5,Ihor-Potieria-188721,Lukasz-Sudolski-124729,602460be3bce1990,,Ihor Potieria,Lukasz Sudolski,Ihor-Potieria-188721,TKO (Punches),1
2021-10-05,2021,6,Dana White's Contender Series - Contender Series 2021: Week 6,Carlos-Hernandez-171603,Daniel-Barez-133743,d7974c32755e4b64,,Carlos Hernandez,Daniel Barez,Carlos-Hernandez-171603,Decision (Split),3
2021-10-05,2021,6,Dana White's Contender Series - Contender Series 2021: Week 6,Fernie-Garcia-112047,Joshua-Weems-259641,8dfca53c3e78795e,,Fernie Garcia,Joshua Weems,Fernie-Garcia-112047,TKO (Punches),1
2021-10-05,2021,6,Dana White's Contender Series - Contender Series 2021: Week 6,Genaro-Valdez-227047,Patrik-White-221861,6f7956e788616622,,Genaro Valdez,Patrik White,Genaro-Valdez-227047,TKO (Punches),2
2021-10-05,2021,6,Dana White's Contender Series - Contender Series 2021: Week 6,Joseph-Holmes-285543,Shonte-Barnes-261479,078a0c62a7f98405,,Joseph Holmes,Shonte Barnes,Joseph-Holmes-285543,Submission (Rear-Naked Choke),2
2021-10-12,2021,7,Dana White's Contender Series - Contender Series 2021: Week 7,Chris-Duncan-74346,Viacheslav-Borshchev-337895,5d49240c45a2a624,81755efcce2cc326,Chris Duncan,Viacheslav Borshchev,Viacheslav-Borshchev-337895,KO (Punch),2
2021-10-12,2021,7,Dana White's Contender Series - Contender Series 2021: Week 7,Jake-Hadley-200597,Mitch-Raposo-278793,b6e46aa39a0633e8,018e6efa6f1415a9,Jake Hadley,Mitch Raposo,Jake-Hadley-200597,Submission (Rear-Naked Choke),2
2021-10-12,2021,7,Dana White's Contender Series - Contender Series 2021: Week 7,Christian-Rodriguez-303043,Reyes-Cortez-Jr-120303,a8cd76e59b7c49ab,,Christian Rodriguez,Reyes Cortez Jr.,Christian-Rodriguez-303043,Decision (Unanimous),3
2021-10-12,2021,7,Dana White's Contender Series - Contender Series 2021: Week 7,Lorenzo-Hood-51117,Martin-Buday-164475,,04c3977524fb97e0,Lorenzo Hood,Martin Buday,Martin-Buday-164475,TKO (Knee),1
2021-10-19,2021,8,Dana White's Contender Series - Contender Series 2021: Week 8,Piera-Rodriguez-247469,Valesca-Machado-215597,904ca6578a6ca8eb,,Piera Rodriguez,Valesca Machado,Piera-Rodriguez-247469,Decision (Unanimous),3
2021-10-19,2021,8,Dana White's Contender Series - Contender Series 2021: Week 8,Caio-Borralho-188043,Jesse-Murray-149445,b483569c9c54cfc6,,Caio Borralho,Jesse Murray,Caio-Borralho-188043,TKO (Punches),1
2021-10-19,2021,8,Dana White's Contender Series - Contender Series 2021: Week 8,James-Barnes-164811,Pedro-Falcao-150185,,3ae417889e6fa052,James Barnes,Pedro Falcao,Pedro-Falcao-150185,KO (Punches),3
2021-10-19,2021,8,Dana White's Contender Series - Contender Series 2021: Week 8,Armen-Petrosyan-302783,Kaloyan-Kolev-230917,5d5dc3bf943ec3f3,,Armen Petrosyan,Kaloyan Kolev,Armen-Petrosyan-302783,KO (Head Kick and Punches),1
2021-10-19,2021,8,Dana White's Contender Series - Contender Series 2021: Week 8,Jonny-Parsons-65875,Solomon-Renfro-225631,4eb7dddb4cd45ec1,,Jonny Parsons,Solomon Renfro,Jonny-Parsons-65875,Decision (Split),3
2021-10-26,2021,9,Dana White's Contender Series - Contender Series 2021: Week 9,Cristian-Quinonez-164995,Long-Xiao-233007,1fc339f153e788c3,d11e3f2e5deb833f,Cristian Quinonez,Xiao Long,Cristian-Quinonez-164995,Decision (Unanimous),3
2021-10-26,2021,9,Dana White's Contender Series - Contender Series 2021: Week 9,Javid-Basharat-222651,Oron-Kahlon-92631,7192b50e701bd23e,,Javid Basharat,Oron Kahlon,Javid-Basharat-222651,Submission (Guillotine Choke),3
2021-10-26,2021,9,Dana White's Contender Series - Contender Series 2021: Week 9,Kolton-Englund-80680,Manuel-Torres-297203,,aef0ff28e0e41917,Kolton Englund,Manuel Torres,Manuel-Torres-297203,TKO (Punches),1
2021-10-26,2021,9,Dana White's Contender Series - Contender Series 2021: Week 9,Gadzhi-Omargadzhiev-145315,Jansey-Silva-145207,fc5ed93b9af75353,,Gadzhi Omargadzhiev,Jansey Silva,Gadzhi-Omargadzhiev-145315,Submission (Kneebar),1
2021-11-02,2021,10,Dana White's Contender Series - Contender Series 2021: Week 10,Achilles-Estremadura-68610,Maheshate-Hayisaer-336819,,fab54d525f0f2d9d,Achilles Estremadura,Maheshate,Maheshate-Hayisaer-336819,Decision (Unanimous),3
2021-11-02,2021,10,Dana White's Contender Series - Contender Series 2021: Week 10,Justin-Burlinson-160189,Yohan-Lainesse-295377,,d662f90d5ab81f35,Justin Burlinson,Yohan Lainesse,Yohan-Lainesse-295377,KO (Punches),1
2022-07-26,2022,1,Dana White's Contender Series - Contender Series 2022: Week 1,Alessandro-Costa-214613,Andres-Luna-Martinetti-247345,14a2fa2dd23e71d3,,Alessandro Costa,Andres Luna Martinetti,Alessandro-Costa-214613,Decision (Split),3
2022-07-26,2022,1,Dana White's Contender Series - Contender Series 2022: Week 1,Joe-Pyfer-239253,Osman-Diaz-156965,154db60abecdd988,,Joe Pyfer,Osman Diaz,Joe-Pyfer-239253,TKO (Punches),2
2022-07-26,2022,1,Dana White's Contender Series - Contender Series 2022: Week 1,Acacio-dos-Santos-127365,Anton-Turkalj-234667,,73edf033b8cfef8a,Acacio dos Santos,Anton Turkalj,Anton-Turkalj-234667,Decision (Unanimous),3
2022-08-02,2022,2,Dana White's Contender Series - Contender Series 2022: Week 2,Charlie-Campbell-286213,Chris-Duncan-74346,5f4c5e8ccdbba00e,5d49240c45a2a624,Charlie Campbell,Chris Duncan,Chris-Duncan-74346,KO (Punches),1
2022-08-02,2022,2,Dana White's Contender Series - Contender Series 2022: Week 2,Billy-Goff-282365,Shimon-Smotritsky-254075,c9bb479dabdb48bf,,Billy Ray Goff,Shimon Smotritsky,Billy-Goff-282365,TKO (Punches),1
2022-08-02,2022,2,Dana White's Contender Series - Contender Series 2022: Week 2,Connor-Matthews-84660,Francis-Marshall-282887,37f91d57ed109584,,Connor Matthews,Francis Marshall,Francis-Marshall-282887,Decision (Unanimous),3
2022-08-02,2022,2,Dana White's Contender Series - Contender Series 2022: Week 2,Shannon-Ross-65792,Vinicius-Salvador-179169,a45448a6818f77fd,37f101d3e49473e4,Shannon Ross,Vinicius Salvador,Vinicius-Salvador-179169,TKO (Punches),2
2022-08-09,2022,3,Dana White's Contender Series - Contender Series 2022: Week 3,Clayton-Carpenter-208467,Edgar-Chairez-244721,,60f31fb96a24723a,Clayton Carpenter,Edgar Chairez,Clayton-Carpenter-208467,Decision (Unanimous),3
2022-08-09,2022,3,Dana White's Contender Series - Contender Series 2022: Week 3,Anvar-Boynazarov-382280,Erik-Silva-220027,,acee921186a58206,Anvar Boynazarov,Erik Silva,Erik-Silva-220027,TKO (Elbows and Punches),1
2022-08-09,2022,3,Dana White's Contender Series - Contender Series 2022: Week 3,Bo-Nickal-392031,Zachary-Borrego-383740,9a841327b5d824c6,,Bo Nickal,Zachary Borrego,Bo-Nickal-392031,Submission (Rear-Naked Choke),1
2022-08-09,2022,3,Dana White's Contender Series - Contender Series 2022: Week 3,Jamal-Pogues-152993,Paulo-Renato-Jr-155523,085a230fc9e8aafb,,Jamal Pogues,Paulo Renato Jr.,Jamal-Pogues-152993,Decision (Unanimous),3
2022-08-16,2022,4,Dana White's Contender Series - Contender Series 2022: Week 4,Claudia-Leite-283949,Hailey-Cowan-271495,,ba79f6bac3682eb1,Claudia Leite,Hailey Cowan,Hailey-Cowan-271495,Decision (Split),3
2022-08-16,2022,4,Dana White's Contender Series - Contender Series 2022: Week 4,Ahmad-Sohail-Hassanzada-279733,Nazim-Sadykhov-264031,,f0427fab32e0994a,Ahmad Sohail Hassanzada,Nazim Sadykhov,Nazim-Sadykhov-264031,KO (Punch),3
2022-08-16,2022,4,Dana White's Contender Series - Contender Series 2022: Week 4,Jack-Cartwright-162593,Jose-Johnson-238733,,7aeb78dffc4f5978,Jack Cartwright,Jose Johnson,Jose-Johnson-238733,Decision (Unanimous),3
2022-08-16,2022,4,Dana White's Contender Series - Contender Series 2022: Week 4,Claudio-Ribeiro-249103,Ivan-Valenzuela-303315,ccff59f4a6c0e287,,Claudio Ribeiro,Ivan Valenzuela,Claudio-Ribeiro-249103,KO (Punch),1
2022-08-23,2022,5,Dana White's Contender Series - Contender Series 2022: Week 5,Amiran-Gogoladze-250897,Darrius-Flowers-191363,,f9e0aa1af1d6a50a,Amiran Gogoladze,Darrius Flowers,Darrius-Flowers-191363,TKO (Submission to Slam),1
2022-08-23,2022,5,Dana White's Contender Series - Contender Series 2022: Week 5,Erisson-Ferreira-226431,Jesus-Santos-Aguilar-203965,,31ff758863c6ad36,Erisson Ferreira,Jesus Aguilar,Jesus-Santos-Aguilar-203965,Submission (Guillotine Choke),3
2022-08-23,2022,5,Dana White's Contender Series - Contender Series 2022: Week 5,Denise-Gomes-382138,Rayanne-dos-Santos-230789,092a12fbdcf12ad3,cfd0252570ae2229,Denise Gomes,Rayanne dos Santos,Denise-Gomes-382138,Decision (Unanimous),3
2022-08-23,2022,5,Dana White's Contender Series - Contender Series 2022: Week 5,Cameron-Saaiman-317055,Josh-Wang-Kim-188773,0eed054506a94abf,,Cameron Saaiman,Josh Wang Kim,Cameron-Saaiman-317055,KO (Punch),3
2022-08-23,2022,5,Dana White's Contender Series - Contender Series 2022: Week 5,Eduardo-Neves-363709,Mick-Parkin-224411,,a0cd4255eec2a5b8,Eduardo Neves,Mick Parkin,Mick-Parkin-224411,Submission (Rear-Naked Choke),1
2022-08-30,2022,6,Dana White's Contender Series - Contender Series 2022: Week 6,Maria-Silva-257311,Victoria-Dudakova-333829,,9f310e095342e68c,Maria Silva,Viktoriia Dudakova,Victoria-Dudakova-333829,Decision (Unanimous),3
2022-08-30,2022,6,Dana White's Contender Series - Contender Series 2022: Week 6,Alex-Morgan-134879,Blake-Bilder-179949,,a6b28b78bf4b32a5,Alex Morgan,Blake Bilder,Blake-Bilder-179949,Submission (Rear-Naked Choke),1
2022-08-30,2022,6,Dana White's Contender Series - Contender Series 2022: Week 6,Jose-Henrique-Souza-362437,Yusaku-Kinoshita-382723,,8c40f8d46a6995b9,Jose Henrique Souza,Yusaku Kinoshita,Yusaku-Kinoshita-382723,TKO (Punches),3
2022-09-06,2022,7,Dana White's Contender Series - Contender Series 2022: Week 7,Rodolfo-Bellato-266457,Vitor-Petrino-255313,157689fad4e22542,d04b8d5ce7a65c4f,Rodolfo Bellato,Vitor Petrino,Vitor-Petrino-255313,KO (Punches),2
2022-09-06,2022,7,Dana White's Contender Series - Contender Series 2022: Week 7,Nayara-Maia-248475,Tereza-Bleda-280807,,8fbbef9a4ec1f6cb,Nayara Maia,Tereza Bleda,Tereza-Bleda-280807,Decision (Unanimous),3
2022-09-06,2022,7,Dana White's Contender Series - Contender Series 2022: Week 7,Gabriel-Bonfim-185083,Trey-Waters-319103,03b527306e0b57c8,147266d98ca2813f,Gabriel Bonfim,Trey Waters,Gabriel-Bonfim-185083,Submission (Shoulder Choke),1
2022-09-06,2022,7,Dana White's Contender Series - Contender Series 2022: Week 7,Ismael-Bonfim-84528,Nariman-Abbasov-141581,20fbdf9a7df6c950,,Ismael Bonfim,Nariman Abbasov,Ismael-Bonfim-84528,Decision (Unanimous),3
2022-09-06,2022,7,Dana White's Contender Series - Contender Series 2022: Week 7,Jimmy-Lawson-322177,Karl-Williams-333575,,3a626ef8b2524507,Jimmy Lawson,Karl Williams,Karl-Williams-333575,Decision (Unanimous),3
2022-09-13,2022,8,Dana White's Contender Series - Contender Series 2022: Week 8,Bruna-Brasil-182855,Marnic-Mann-268753,90ae69e9a9137984,,Bruna Brasil,Marnic Mann,Bruna-Brasil-182855,KO (Head Kick),2
2022-09-13,2022,8,Dana White's Contender Series - Contender Series 2022: Week 8,Allan-Begosso-196853,Farid-Basharat-222641,,6268180e745a1e23,Allan Begosso,Farid Basharat,Farid-Basharat-222641,Decision (Unanimous),3
2022-09-13,2022,8,Dana White's Contender Series - Contender Series 2022: Week 8,Brandon-Lewis-230745,Daniel-Marcos-205313,,fe96fd653f562e98,Brandon Lewis,Daniel Marcos,Daniel-Marcos-205313,Decision (Unanimous),3
2022-09-13,2022,8,Dana White's Contender Series - Contender Series 2022: Week 8,Ikram-Aliskerov-202763,Mario-Sousa-213265,331d3f58e32980ad,,Ikram Aliskerov,Mario Sousa,Ikram-Aliskerov-202763,Submission (Kimura),1
2022-09-13,2022,8,Dana White's Contender Series - Contender Series 2022: Week 8,Malik-Lewis-183193,Trevor-Peek-280187,,122fde0994a2f457,Malik Lewis,Trevor Peek,Trevor-Peek-280187,TKO (Punches),2
2022-09-20,2022,9,Dana White's Contender Series - Contender Series 2022: Week 9,Austen-Lane-249439,Richard-Jacobi-391204,f7d9010e13806799,,Austen Lane,Richard Jacobi,Austen-Lane-249439,TKO (Punches),1
2022-09-20,2022,9,Dana White's Contender Series - Contender Series 2022: Week 9,Mando-Gutierrez-280393,Raul-Rosas-Jr-339419,,880ed8d5af0c13b1,Mando Gutierrez,Raul Rosas Jr.,Raul-Rosas-Jr-339419,Decision (Unanimous),3
2022-09-20,2022,9,Dana White's Contender Series - Contender Series 2022: Week 9,Brunno-Ferreira-322603,Leon-Aliu-224849,b4fb66059bd82743,,Brunno Ferreira,Leon Aliu,Brunno-Ferreira-322603,TKO (Punches),1
2022-09-20,2022,9,Dana White's Contender Series - Contender Series 2022: Week 9,Josh-Wick-121219,Nurullo-Aliev-274869,,9c6d0c42a7a85b51,Josh Wick,Nurullo Aliev,Nurullo-Aliev-274869,TKO (Punches),1
2022-09-27,2022,10,Dana White's Contender Series - Contender Series 2022: Week 10,Joao-Elias-133165,Rafael-Estevam-200851,,070750e76792d168,Joao Elias,Rafael Estevam,Rafael-Estevam-200851,TKO (Punches),2
2022-09-27,2022,10,Dana White's Contender Series - Contender Series 2022: Week 10,Sam-Patterson-141735,Vinicius-Sacchelli-Cenci-249659,949e6bb465af017b,,Sam Patterson,Vinicius Sacchelli Cenci,Sam-Patterson-141735,Submission (Rear-Naked Choke),2
2022-09-27,2022,10,Dana White's Contender Series - Contender Series 2022: Week 10,Bo-Nickal-392031,Donovan-Beard-310501,9a841327b5d824c6,,Bo Nickal,Donovan Beard,Bo-Nickal-392031,Submission (Triangle Choke),1
2022-09-27,2022,10,Dana White's Contender Series - Contender Series 2022: Week 10,Emiliano-Linares-298713,Jack-Jenkins-228039,,0aa46064d6a157d1,Emiliano Linares,Jack Jenkins,Jack-Jenkins-228039,TKO (Punches),3
2022-09-27,2022,10,Dana White's Contender Series - Contender Series 2022: Week 10,Ashiek-Ajim-286217,Mateus-Mendonca-336923,,185ca098bbf84581,Ashiek Ajim,Mateus Mendonca,Mateus-Mendonca-336923,KO (Punches),1
2023-08-08,2023,1,Dana White's Contender Series - Contender Series 2023: Week 1,Kevin-Borjas-245493,Victor-Dias-232371,c9689833e730c077,,Kevin Borjas,Victor Dias,Kevin-Borjas-245493,Decision (Unanimous),3
2023-08-08,2023,1,Dana White's Contender Series - Contender Series 2023: Week 1,Cesar-Almeida-217983,Lucas-Fernando-227719,600dc8df28333450,,Cesar Almeida,Lucas Fernando,Cesar-Almeida-217983,Decision (Unanimous),3
2023-08-08,2023,1,Dana White's Contender Series - Contender Series 2023: Week 1,Payton-Talbott-296553,Reyes-Cortez-Jr-120303,2b3745a0444dcd17,,Payton Talbott,Reyes Cortez Jr.,Payton-Talbott-296553,Decision (Unanimous),3
2023-08-08,2023,1,Dana White's Contender Series - Contender Series 2023: Week 1,Bogdan-Grad-156707,Tom-Nolan-244655,c15f8ac4d76af53a,23819db9f489592d,Bogdan Grad,Tom Nolan,Tom-Nolan-244655,KO (Punches),1
2023-08-08,2023,1,Dana White's Contender Series - Contender Series 2023: Week 1,Caio-Machado-247161,Kevin-Szaflarski-202089,473d57add1655a1a,,Caio Machado,Kevin Szaflarski,Caio-Machado-247161,Decision (Unanimous),3
2023-08-15,2023,2,Dana White's Contender Series - Contender Series 2023: Week 2,AbdulKareem-AlSelwady-115453,George-Hardwick-155397,56ae4acb4e3f6e6b,,Abdul-Kareem Al-Selwady,George Hardwick,AbdulKareem-AlSelwady-115453,Decision (Unanimous),3
2023-08-15,2023,2,Dana White's Contender Series - Contender Series 2023: Week 2,Eduarda-Moura-395040,Janaina-Silva-284089,f2a4a3932a91dc1e,,Eduarda Moura,Janaina Silva,Eduarda-Moura-395040,Submission (Rear-Naked Choke),1
2023-08-15,2023,2,Dana White's Contender Series - Contender Series 2023: Week 2,Ibo-Aslan-247071,Paulo-Renato-Jr-155523,62055b2fd8a10789,,Ibo Aslan,Paulo Renato Jr.,Ibo-Aslan-247071,TKO (Punches),1
2023-08-15,2023,2,Dana White's Contender Series - Contender Series 2023: Week 2,Emrah-Sonmez-147863,Hyder-Amil-269917,,44b3eeff33faf035,Emrah Sonmez,Hyder Amil,Hyder-Amil-269917,Decision (Unanimous),3
2023-08-15,2023,2,Dana White's Contender Series - Contender Series 2023: Week 2,Cameron-Smotherman-339497,Charalampos-Grigoriou-236255,6fe6a57990709869,59d44e0872a38402,Cameron Smotherman,Charalampos Grigoriou,Charalampos-Grigoriou-236255,TKO (Punches),1
2023-08-22,2023,3,Dana White's Contender Series - Contender Series 2023: Week 3,Eli-Aronov-295271,Zachary-Reese-100903,,3278a31624e0082e,Eli Aronov,Zach Reese,Zachary-Reese-100903,Submission (Armbar),1
2023-08-22,2023,3,Dana White's Contender Series - Contender Series 2023: Week 3,Kaik-Brito-204891,Oban-Elliott-247601,,574a92a70255439d,Kaik Brito,Oban Elliott,Oban-Elliott-247601,Decision (Majority),3
2023-08-22,2023,3,Dana White's Contender Series - Contender Series 2023: Week 3,Isis-Verbeek-307003,Josefine-Lindgren-Knutsson-378677,,194c30e0b6259280,Isis Verbeek,Josefine Knutsson,Josefine-Lindgren-Knutsson-378677,Decision (Unanimous),3
2023-08-22,2023,3,Dana White's Contender Series - Contender Series 2023: Week 3,Luis-Pajuelo-287861,Robbie-Ring-303011,92c3d765853df119,,Luis Pajuelo,Robbie Ring,Luis-Pajuelo-287861,TKO (Knee to the Body and Punches),1
2023-08-29,2023,4,Dana White's Contender Series - Contender Series 2023: Week 4,Chandler-Cole-201389,Thomas-Petersen-287525,,af733fdd68401f60,Chandler Cole,Thomas Petersen,Thomas-Petersen-287525,Submission (Keylock),2
2023-08-29,2023,4,Dana White's Contender Series - Contender Series 2023: Week 4,Marco-Tulio-263543,Yousri-Belgaroui-380449,,02e16570ff7efb38,Marco Tulio,Yousri Belgaroui,Marco-Tulio-263543,Decision (Unanimous),3
2023-08-29,2023,4,Dana White's Contender Series - Contender Series 2023: Week 4,Bolaji-Oki-276669,Dylan-Salvador-322181,8973247f6808fbfd,,Bolaji Oki,Dylan Salvador,Bolaji-Oki-276669,TKO (Punch to the Body),1
2023-08-29,2023,4,Dana White's Contender Series - Contender Series 2023: Week 4,Carlos-Prates-95593,Mitch-Ramirez-244107,,af8e52231b4cfce5,Carlos Prates,Mitch Ramirez,Carlos-Prates-95593,TKO (Punch),2
2023-09-05,2023,5,Dana White's Contender Series - Contender Series 2023: Week 5,Brendson-Ribeiro-210539,Bruno-Lopes-144007,af48657df8015e6d,d13c8ceda8609795,Brendson Ribeiro,Bruno Lopes,Brendson-Ribeiro-210539,KO (Punches),1
2023-09-05,2023,5,Dana White's Contender Series - Contender Series 2023: Week 5,Dione-Barbosa-266915,Rainn-Guerrero-292231,7e02c6105357be18,,Dione Barbosa,Rainn Guerrero,Dione-Barbosa-266915,Submission (Armbar),1
2023-09-05,2023,5,Dana White's Contender Series - Contender Series 2023: Week 5,Jean-Silva-239947,Kevin-Vallejos-391233,fa859b94c8582c26,f82c365cb6b6a2e8,Jean Silva,Kevin Vallejos,Jean-Silva-239947,Decision (Unanimous),3
2023-09-05,2023,5,Dana White's Contender Series - Contender Series 2023: Week 5,Ramon-Taveras-332055,Serhiy-Sidey-220713,9dd44108e3e1b102,1f5d82279eb460df,Ramon Taveras,Serhiy Sidey,Serhiy-Sidey-220713,TKO (Punches),1
2023-09-05,2023,5,Dana White's Contender Series - Contender Series 2023: Week 5,Chad-Hanekom-215519,Dylan-Budka-377018,,5941bd38f1fe3952,Chad Hanekom,Dylan Budka,Dylan-Budka-377018,Decision (Unanimous),3
2023-09-12,2023,6,Dana White's Contender Series - Contender Series 2023: Week 6,Jean-Matsumoto-263061,Kasey-Tanner-160671,99142b6b0a8bdbba,,Jean Matsumoto,Kasey Tanner,Jean-Matsumoto-263061,Decision (Unanimous),3
2023-09-12,2023,6,Dana White's Contender Series - Contender Series 2023: Week 6,Eduardo-Neves-363709,Jhonata-Diniz-389887,,460b5fa5b94b70bd,Eduardo Neves,Jhonata Diniz,Jhonata-Diniz-389887,KO (Punches),1
2023-09-12,2023,6,Dana White's Contender Series - Contender Series 2023: Week 6,AJ-Cunningham-228033,Steven-Nguyen-121057,,6ff3abc1052a0921,A.J. Cunningham,Steven Nguyen,Steven-Nguyen-121057,TKO (Punches),2
2023-09-12,2023,6,Dana White's Contender Series - Contender Series 2023: Week 6,James-Llontop-191443,Malik-Lewis-183193,9ae6be6b0db58d78,,James Llontop,Malik Lewis,James-Llontop-191443,Decision (Unanimous),3
2023-09-19,2023,7,Dana White's Contender Series - Contender Series 2023: Week 7,Stephanie-Luciano-265743,Talita-Alencar-386905,3285bd6966dffe99,,Stephanie Luciano,Talita Alencar,,Draw (Unanimous),3
2023-09-19,2023,7,Dana White's Contender Series - Contender Series 2023: Week 7,Dylan-Mantello-286197,Kaynan-Kruschewsky-152747,,16b49cd67451547b,Dylan Mantello,Kaynan Kruschewsky,Kaynan-Kruschewsky-152747,Technical Submission (Rear-Naked Choke),1
2023-09-26,2023,8,Dana White's Contender Series - Contender Series 2023: Week 8,Angel-Pacheco-90675,Danny-Silva-310429,95d8b12e5a21ed5a,07f69c437c68f468,Angel Pacheco,Danny Silva,Danny-Silva-310429,Decision (Unanimous),3
2023-09-26,2023,8,Dana White's Contender Series - Contender Series 2023: Week 8,Carli-Judice-381889,Ernesta-Kareckaite-319093,35fd53a02396b4af,3c972c6d8123294c,Carli Judice,Ernesta Kareckaite,Ernesta-Kareckaite-319093,Decision (Split),3
2023-09-26,2023,8,Dana White's Contender Series - Contender Series 2023: Week 8,Victor-Madrigal-40341,Vinicius-Oliveira-139517,,aad8e24798f0a89f,Victor Madrigal,Vinicius Oliveira,Vinicius-Oliveira-139517,KO (Punch),1
2023-09-26,2023,8,Dana White's Contender Series - Contender Series 2023: Week 8,Danny-Barlow-336147,Raheam-Forest-250387,77f853c4d44cbe94,,Danny Barlow,Raheam Forest,Danny-Barlow-336147,TKO (Punches),1
2023-10-03,2023,9,Dana White's Contender Series - Contender Series 2023: Week 9,Murtaza-Talha-Ali-269171,Rodolfo-Bellato-266457,,157689fad4e22542,Murtaza Talha Ali,Rodolfo Bellato,Rodolfo-Bellato-266457,TKO (Punches),2
2023-10-03,2023,9,Dana White's Contender Series - Contender Series 2023: Week 9,Mauricio-Ruffy-192545,Raimond-Magomedaliev-191869,bd8ee82c2df0d588,,Mauricio Ruffy,Raimond Magomedaliev,Mauricio-Ruffy-192545,TKO (Punches),3
2023-10-03,2023,9,Dana White's Contender Series - Contender Series 2023: Week 9,Jose-Medina-251871,Magomed-Gadzhiyasulov-272659,,97c47845e7f9a88b,Jose Medina,Magomed Gadzhiyasulov,Magomed-Gadzhiyasulov-272659,Decision (Unanimous),3
2023-10-03,2023,9,Dana White's Contender Series - Contender Series 2023: Week 9,Eduardo-Torres-190429,Victor-Hugo-123631,,fca2542155e4fd20,Eduardo Torres,Victor Hugo,Victor-Hugo-123631,Submission (Kneebar),2
2023-10-10,2023,10,Dana White's Contender Series - Contender Series 2023: Week 10,Issa-Isakov-181953,MarQuel-Mederos-302655,,bb76e767e4bf0b9a,Issa Isakov,MarQuel Mederos,MarQuel-Mederos-302655,TKO (Knee and Punches),1
2023-10-10,2023,10,Dana White's Contender Series - Contender Series 2023: Week 10,Torrez-Finney-379262,Yuri-Panferov-289931,ac54fb7dcc875b59,,Torrez Finney,Yuri Panferov,Torrez-Finney-379262,Submission (Rear-Naked Choke),2
2023-10-10,2023,10,Dana White's Contender Series - Contender Series 2023: Week 10,Davi-Bittencourt-263121,Lucas-Rocha-255729,,ee66f8d0ba75975e,Davi Bittencourt,Lucas Rocha,Lucas-Rocha-255729,KO (Knee and Punches),2
2023-10-10,2023,10,Dana White's Contender Series - Contender Series 2023: Week 10,Cortavious-Romious-206845,Ramon-Taveras-332055,,9dd44108e3e1b102,Cortavious Romious,Ramon Taveras,Ramon-Taveras-332055,TKO (Punches),1
2023-10-10,2023,10,Dana White's Contender Series - Contender Series 2023: Week 10,Connor-Matthews-84660,Jair-Farias-184971,37f91d57ed109584,,Connor Matthews,Jair Farias,Connor-Matthews-84660,Decision (Unanimous),3
2023-10-10,2023,10,Dana White's Contender Series - Contender Series 2023: Week 10,Andre-Lima-201199,Rickson-Thai-Zenidim-Bueno-134695,e1601c0597a7b444,,Andre Lima,Rickson Thai Zenidim Bueno,Andre-Lima-201199,Decision (Unanimous),3
2024-08-13,2024,1,Dana White's Contender Series - Contender Series 2024: Week 1,Mansur-AbdulMalik-393926,Wesley-Schultz-338469,b9562bf0e19e971a,,Mansur Abdul-Malik,Wesley Schultz,Mansur-AbdulMalik-393926,TKO (Elbows and Punches),2
2024-08-13,2024,1,Dana White's Contender Series - Contender Series 2024: Week 1,Bruno-Lopes-144007,Mikheil-Sazhiniani-315835,d13c8ceda8609795,,Bruno Lopes,Mikheil Sazhiniani,Bruno-Lopes-144007,TKO (Punches),2
2024-08-13,2024,1,Dana White's Contender Series - Contender Series 2024: Week 1,Ernie-Juarez-269253,Jose-Delgado-307733,,2f88f17add7669c5,Ernie Juarez,Jose Delgado,Jose-Delgado-307733,KO (Knee and Punches),2
2024-08-13,2024,1,Dana White's Contender Series - Contender Series 2024: Week 1,An-Tuan-Ho-307731,Loneer-Kavanagh-213249,,10a96d52c89b5469,An Tuan Ho,Lone'er Kavanagh,Loneer-Kavanagh-213249,KO (Punch),1
2024-08-20,2024,2,Dana White's Contender Series - Contender Series 2024: Week 2,Hugo-Cunha-227763,Rizvan-Kuniev-86319,,16862aff18bed355,Hugo Cunha,Rizvan Kuniev,Rizvan-Kuniev-86319,TKO (Knee to the Body and Punches),1
2024-08-20,2024,2,Dana White's Contender Series - Contender Series 2024: Week 2,Cameron-Rowston-239381,Torrez-Finney-379262,,ac54fb7dcc875b59,Cameron Rowston,Torrez Finney,Torrez-Finney-379262,Decision (Unanimous),3
2024-08-20,2024,2,Dana White's Contender Series - Contender Series 2024: Week 2,Billy-Brand-128455,Cody-Haddon-286511,,8a1aa5c3cd50dedf,Billy Brand,Cody Haddon,Cody-Haddon-286511,Submission (Rear-Naked Choke),1
2024-08-27,2024,3,Dana White's Contender Series - Contender Series 2024: Week 3,Andrey-Pulyaev-398399,Liam-Anderson-299651,634eda97df9caa0e,,Andrey Pulyaev,Liam Anderson,Andrey-Pulyaev-398399,Decision (Unanimous),3
2024-08-27,2024,3,Dana White's Contender Series - Contender Series 2024: Week 3,Bogdan-Grad-156707,Michael-Aswell-286497,c15f8ac4d76af53a,bbad8cc98783fae1,Bogdan Grad,Michael Aswell Jr.,Bogdan-Grad-156707,Decision (Split),3
2024-09-03,2024,4,Dana White's Contender Series - Contender Series 2024: Week 4,Austin-Bashi-362871,Dorian-Ramos-203579,87bd1fc4820e6e6f,,Austin Bashi,Dorian Ramos,Austin-Bashi-362871,Submission (Rear-Naked Choke),2
2024-09-10,2024,5,Dana White's Contender Series - Contender Series 2024: Week 5,Taiga-Iwasaki-375260,Yousri-Belgaroui-380449,,02e16570ff7efb38,Taiga Iwasaki,Yousri Belgaroui,Yousri-Belgaroui-380449,TKO (Punches),3
2024-09-10,2024,5,Dana White's Contender Series - Contender Series 2024: Week 5,Navajo-Stirling-413272,Phillip-Latu-392424,0b43bf0acbd22ca3,,Navajo Stirling,Phillip Latu,Navajo-Stirling-413272,KO (Punch),2
2024-09-10,2024,5,Dana White's Contender Series - Contender Series 2024: Week 5,Josias-Musasa-416801,Otari-Tanzilovi-333455,ef4f913e6a99246b,,Josias Musasa,Otari Tanzilovi,Josias-Musasa-416801,Decision (Split),3
2024-09-17,2024,6,Dana White's Contender Series - Contender Series 2024: Week 6,Aaron-Tau-228831,Elijah-Smith-385324,,28922ab0ce7d617b,Aaron Tau,Elijah Smith,Elijah-Smith-385324,Decision (Unanimous),3
2024-09-17,2024,6,Dana White's Contender Series - Contender Series 2024: Week 6,Arthur-Lopes-196611,Tallison-Teixeira-394342,,395835d15985848e,Arthur Lopes,Tallison Teixeira,Tallison-Teixeira-394342,KO (Punches),1
2024-09-24,2024,7,Dana White's Contender Series - Contender Series 2024: Week 7,Alexia-Thainara-287251,Rose-Conceicao-211299,3808fc6e211485cf,,Alexia Thainara,Rose Conceicao,Alexia-Thainara-287251,Decision (Unanimous),3
2024-09-24,2024,7,Dana White's Contender Series - Contender Series 2024: Week 7,Cam-Teague-337869,Kevin-Vallejos-391233,,f82c365cb6b6a2e8,Cam Teague,Kevin Vallejos,Kevin-Vallejos-391233,TKO (Punches),1
2024-09-24,2024,7,Dana White's Contender Series - Contender Series 2024: Week 7,Daniel-Frunza-219965,Vadym-Kutsyi-168917,d9935a239ea022f2,,Daniel Frunza,Vadym Kutsyi,Daniel-Frunza-219965,TKO (Punches),2
2024-10-01,2024,8,Dana White's Contender Series - Contender Series 2024: Week 8,Bartosz-Szewczyk-227573,Diyar-Nurgozhay-274275,,c3fd5865a09e741a,Bartosz Szewczyk,Diyar Nurgozhay,Diyar-Nurgozhay-274275,KO (Head Kick and Punches),2
2024-10-01,2024,8,Dana White's Contender Series - Contender Series 2024: Week 8,David-Martinez-221351,Xavier-Franklin-260583,f98cac378dcfb57b,,David Martinez,Xavier Franklin,David-Martinez-221351,Decision (Unanimous),3
2024-10-01,2024,8,Dana White's Contender Series - Contender Series 2024: Week 8,Christien-Savoie-186775,Jacobe-Smith-394506,,ef56a8f712d971ef,Christien Savoie,Jacobe Smith,Jacobe-Smith-394506,TKO (Elbows),2
2024-10-01,2024,8,Dana White's Contender Series - Contender Series 2024: Week 8,Abdelah-ErRamy-333741,Torrez-Finney-379262,,ac54fb7dcc875b59,Abdelah Er-Ramy,Torrez Finney,Torrez-Finney-379262,TKO (Punches),1
2024-10-01,2024,8,Dana White's Contender Series - Contender Series 2024: Week 8,Alberto-Montes-257203,Carlos-Calderon-247279,837d7b515e82e17f,,Alberto Montes,Carlos Calderon,Alberto-Montes-257203,Submission (Anaconda Choke),2
2024-10-08,2024,9,Dana White's Contender Series - Contender Series 2024: Week 9,Lucas-Triverio-Camacho-242865,Mario-Pinto-310173,,3f143ed5d6b45e39,Lucas Triverio Camacho,Mario Pinto,Mario-Pinto-310173,KO (Punches),1
2024-10-08,2024,9,Dana White's Contender Series - Contender Series 2024: Week 9,Islam-Dulatov-236167,Vanilton-Antunes-183297,966e46aafac530c8,,Islam Dulatov,Vanilton Antunes,Islam-Dulatov-236167,KO (Elbow),1
2024-10-15,2024,10,Dana White's Contender Series - Contender Series 2024: Week 10,Antonio-Monteiro-152885,Yadier-Del-Valle-293141,,47dfe6ac6c9121a0,Antonio Monteiro,Yadier del Valle,Yadier-Del-Valle-293141,Decision (Unanimous),3
2024-10-15,2024,10,Dana White's Contender Series - Contender Series 2024: Week 10,Heraldo-Souza-300743,Nick-Klein-270893,,28061eae5a6884c3,Heraldo Souza,Nick Klein,Nick-Klein-270893,Submission (Rear-Naked Choke),1
2025-08-19,2025,2,Dana White's Contender Series - Contender Series 2025: Week 2,Guilherme-Uriel-402490,Josh-Hokit-433441,,d39a1677910874e9,Guilherme Uriel,Josh Hokit,Josh-Hokit-433441,TKO (Elbows),2
2025-08-26,2025,3,Dana White's Contender Series - Contender Series 2025: Week 3,AbdulRakhman-Yakhyaev-395509,Alik-Lorenz-347505,8d4cda2a290cc491,,Abdul Rakhman Yakhyaev,Alik Lorenz,AbdulRakhman-Yakhyaev-395509,TKO (Knee to the Body and Punches),1
2025-08-26,2025,3,Dana White's Contender Series - Contender Series 2025: Week 3,Cristian-Perez-244701,Manoel-Sousa-319559,,a175cb5d70c753c6,Cristian Perez,Manoel Sousa,Manoel-Sousa-319559,TKO (Punches),3
2025-08-26,2025,3,Dana White's Contender Series - Contender Series 2025: Week 3,Darion-Abbey-255585,Donte-Johnson-414279,,62eb06895e1e4b0b,Darion Abbey,Donte Johnson,Donte-Johnson-414279,TKO (Punches),1
2025-08-26,2025,3,Dana White's Contender Series - Contender Series 2025: Week 3,Ryan-Gandra-404139,Trent-Miller-382805,85a165c98f003923,,Ryan Gandra,Trent Miller,Ryan-Gandra-404139,TKO (Punches),1
2025-09-02,2025,4,Dana White's Contender Series  - Contender Series 2025: Week 4,David-Mgoyan-417456,Tommy-McMillen-229309,,006859adbc880edd,David Mgoyan,Tommy McMillen,Tommy-McMillen-229309,Decision (Majority),3
2025-09-02,2025,4,Dana White's Contender Series  - Contender Series 2025: Week 4,Cezary-Oleksiejczuk-171801,Theo-Haig-364045,e180666d3423c42b,,Cezary Oleksiejczuk,Theo Haig,Cezary-Oleksiejczuk-171801,TKO (Punches),1
2025-09-09,2025,5,Dana White's Contender Series - Contender Series 2025: Week 5,Cam-Teague-337869,Lerryan-Douglas-77125,,26f15079cf039c8c,Cam Teague,Lerryan Douglas,Lerryan-Douglas-77125,KO (Punch),1
2025-09-09,2025,5,Dana White's Contender Series - Contender Series 2025: Week 5,Felipe-Franco-415770,Freddy-Vidal-401852,dad9b43cf7480f68,,Felipe Franco,Freddy Vidal,Freddy-Vidal-401852,Submission (Rear-Naked Choke),3
2025-09-09,2025,5,Dana White's Contender Series - Contender Series 2025: Week 5,Anthony-Guarascio-414547,Steven-Asplund-407940,,7d1e163720b62145,Anthony Guarascio,Steven Asplund,Steven-Asplund-407940,TKO (Punch and Elbows),1
2025-09-16,2025,6,Dana White's Contender Series - Contender Series 2025: Week 6,Iwo-Baraniewski-381634,Mahamed-Aly-184187,f7012ef25547fc99,,Iwo Baraniewski,Mahamed Aly,Iwo-Baraniewski-381634,KO (Punches),1
2025-09-16,2025,6,Dana White's Contender Series - Contender Series 2025: Week 6,Hecher-Sosa-236589,Macksom-Lee-320649,205e928621a6f62d,,Hecher Sosa,Macksom Lee,Hecher-Sosa-236589,Decision (Unanimous),3
2025-09-23,2025,7,Dana White's Contender Series - Contender Series 2025: Week 7,Djani-Barbir-164755,Mantas-Kondratavicius-310159,,a2abca58544b6a7b,Djani Barbir,Mantas Kondratavicius,Mantas-Kondratavicius-310159,TKO (Punches),1
2025-09-23,2025,7,Dana White's Contender Series - Contender Series 2025: Week 7,Jair-de-Oliveira-267853,Rafael-Tobias-403663,,5a7dee229b27e06c,Jair de Oliveira,Rafael Tobias,Rafael-Tobias-403663,Submission (Rear-Naked Choke),1
2025-09-30,2025,8,Dana White's Contender Series - Contender Series 2025: Week 8,Demba-Seck-386973,Kurtis-Campbell-302831,,e25181125365fbe6,Demba Seck,Kurtis Campbell,Kurtis-Campbell-302831,TKO (Elbows and Punches),1
2025-09-30,2025,8,Dana White's Contender Series - Contender Series 2025: Week 8,Damian-Pinas-426729,Vitor-Costa-355863,c212ca8a9b232259,,Damian Pinas,Vitor Costa,Damian-Pinas-426729,TKO (Punches),1
2025-10-07,2025,9,Dana White's Contender Series - Contender Series 2025: Week 9,Luke-Fernandez-376548,Rafael-Pergentino-430613,8b41d0ebea0c3e18,,Luke Fernandez,Rafael Pergentino,Luke-Fernandez-376548,TKO (Punches),1
2025-10-07,2025,9,Dana White's Contender Series - Contender Series 2025: Week 9,Imanol-Rodriguez-418935,Roque-Conceicao-Moreira-Junior-239909,1c33eb78bdc5df39,,Imanol Rodriguez,Roque Conceicao Moreira Junior,Imanol-Rodriguez-418935,TKO (Punches),1
