espnId,fullName,dob,citizenship
2085811,Roy Jones,1985-10-26,
2125311,Danny Garcia,,
2158767,Pierre Walters,1986-03-25,USA
2180412,Jan Jorgensen,1984-08-21,USA
2182566,Jonathan Eiland,,
2200062,Greg Childers,1986-04-11,USA
2216681,Zeke Tuinei-Wily,1988-01-31,USA
2220951,Greg Hardy,1988-07-28,USA
2223033,Austen Lane,1987-11-09,USA
2245659,Steve Mocco,1981-12-28,
2274205,Taylor Escamilla,1988-01-30,USA
2279240,Sam Sprauer,,USA
2309803,Jake Heun,1987-08-24,
2312150,Mohammed Usman,1989-04-01,Nigeria
2323652,Clayton York,1990-06-08,USA
2335243,Carlos Condit,1984-04-26,USA
2335256,Carmelo Marrero,1981-01-26,
2335298,Brock Lesnar,1977-07-12,
2335301,Frank Mir,1979-05-24,USA
2335302,Heath Herring,1978-03-02,USA
2335338,Randy Couture,1963-06-22,
2335447,Anderson Silva,1975-04-14,Brazil
2335448,Patrick Cote,1980-02-29,
2335449,Thales Leites,1981-06-09,
2335458,James Irvin,1978-09-12,
2335464,Chuck Liddell,1969-12-17,
2335465,Rashad Evans,1979-09-25,USA
2335467,Wanderlei Silva,1976-07-03,Brazil
2335469,Keith Jardine,1975-10-31,
2335470,Quinton Jackson,1978-06-20,USA
2335472,Tito Ortiz,1975-01-23,USA
2335474,Drew McFedries,1978-07-27,
2335475,Nate Marquardt,1979-04-20,USA
2335476,Renato Sobral,1975-07-09,
2335477,Jeremy Horn,1975-08-25,USA
2335480,Pete Sell,1982-08-05,USA
2335483,Ryan Jensen,1977-09-20,
2335484,Floyd Sword,,
2335486,Alan Belcher,1984-04-24,
2335487,Wilson Gouveia,1978-03-10,
2335488,Ricardo Almeida,1976-11-29,USA
2335489,Nick Catone,1981-09-01,
2335490,Tim Credeur,1977-07-09,
2335491,Martin Kampmann,1982-04-17,
2335495,Jason Day,,
2335496,Joe Doerksen,1977-09-10,
2335497,Dan Henderson,1970-08-24,
2335498,Rich Franklin,1974-10-05,
2335513,Chris Leben,1980-07-21,USA
2335514,Mauricio Rua,1981-11-25,Brazil
2335515,Mark Coleman,1964-12-20,
2335516,Alistair Overeem,1980-05-17,Netherlands
2335517,Kazuhiro Nakamura,1979-07-16,
2335518,Kevin Randleman,1971-08-10,
2335519,Cyrille Diabate,1973-06-10,France
2335520,Ricardo Arona,1978-07-17,
2335521,Antonio Rodrigo Nogueira,1976-06-02,Brazil
2335522,Forrest Griffin,1979-07-01,
2335523,Vernon White,1971-12-03,
2335524,Lyoto Machida,1978-05-30,Brazil
2335525,Stephan Bonnar,1977-04-04,
2335526,Thiago Silva,1982-11-12,Brazil
2335527,Matt Hamill,1976-10-05,
2335528,Razak Al-Hassan,1983-04-14,Ghana
2335529,Houston Alexander,1972-03-22,USA
2335530,Ryan Bader,1983-06-07,USA
2335531,Tim Boetsch,1981-01-28,USA
2335532,Jason Brilz,1975-07-07,
2335602,Michael Bisping,1979-02-28,
2335603,Sean Salmon,1977-11-09,
2335604,Jason Lambert,1977-09-23,USA
2335605,Sam Hoger,1980-06-28,
2335606,Brad Imes,1977-03-16,
2335607,Jaime Jara,1969-08-02,
2335608,Hector Ramirez,1976-03-28,USA
2335610,Rameau Thierry Sokoudjou,1984-04-18,Cameroon
2335627,David Heath,1976-10-02,
2335628,Dimitiri Wanderley,,
2335629,BJ Penn,1978-12-13,USA
2335633,Steve Cantwell,1986-12-08,
2335634,Luiz Cane,1981-04-02,
2335635,Jason DeLucia,,
2335636,Tomasz Drwal,1982-01-22,Poland
2335637,Andre Gusmao,,
2335638,Art Jimmerson,,
2335639,Jon Jones,1987-07-19,USA
2335640,Kyle Kingsbury,1982-03-22,
2335641,Tom Lawlor,1983-05-15,USA
2335642,James Lee,1973-09-22,
2335643,Vinny Magalhaes,1984-07-02,Brazil
2335644,Eliot Marshall,1980-07-07,
2335645,Antonio Mendes,1981-04-19,
2335646,Guy Mezger,1968-01-01,
2335647,Mark Munoz,1978-02-09,USA
2335648,Jake O'Brien,1984-09-25,
2335649,Michael Patt,,
2335650,Eric Schafer,1977-09-20,
2335651,Krzysztof Soszynski,1977-08-22,
2335652,Brandon Vera,1977-10-10,USA
2335653,Ken Shamrock,1964-02-11,
2335654,Cain Velasquez,1982-07-28,USA
2335655,Cheick Kongo,1975-05-17,France
2335656,Shane Carwin,1975-01-04,
2335657,Mostapha Al-Turk,1973-07-14,
2335658,Pat Barry,1979-07-07,
2335659,Georges St-Pierre,1981-05-19,
2335660,Thiago Alves,1983-10-03,Brazil
2335661,Matt Hughes,1973-10-13,
2335662,Matt Serra,1974-06-02,
2335663,Anthony Johnson,1984-03-06,USA
2335664,Josh Koscheck,1977-11-30,
2335665,Jon Fitch,1978-02-24,USA
2335666,Matt Brown,1981-01-10,USA
2335667,Ryo Chonan,1976-10-08,
2335668,Akihiro Gono,1974-10-07,Japan
2335669,Matt Arroyo,1982-01-09,
2335670,Chris Lytle,1974-08-18,
2335671,Diego Sanchez,1981-12-31,USA
2335672,Joe Stevenson,1982-06-15,USA
2335673,Jeremy Stephens,1986-05-25,USA
2335674,Clay Guida,1981-12-08,USA
2335675,Kenny Florian,1976-05-26,
2335676,Joe Lauzon,1984-05-22,USA
2335677,Tyson Griffin,1984-04-20,USA
2335678,Sean Sherk,1973-08-05,
2335679,Nate Diaz,1985-04-16,USA
2335680,Junie Browning,1985-05-12,
2335681,Roger Huerta,1983-05-20,USA
2335682,Urijah Faber,1979-05-14,USA
2335683,Marcus Aurelio,1973-08-18,
2335684,Rich Clementi,1977-03-31,
2335685,Mac Danzig,1980-01-02,
2335686,Rolando Delgado,1981-11-22,
2335687,Rafael Dos Anjos,1984-10-26,Brazil
2335688,Efrain Escudero,1986-01-15,Mexico
2335689,Gray Maynard,1979-05-09,USA
2335690,Cole Miller,1984-04-28,USA
2335691,Josh Neer,1983-03-24,USA
2335692,Shane Nelson,,
2335693,Phillipe Nover,1984-02-03,USA
2335694,Frankie Edgar,1981-10-16,USA
2335695,Yushin Okami,1981-07-21,Japan
2335696,Dan Miller,1981-06-30,
2335697,Royce Gracie,1966-12-12,
2335698,Joe Riggs,1982-09-23,USA
2335699,Frank Trigg,1972-05-07,USA
2335700,Renato Verissimo,,
2335701,Karo Parisyan,1982-08-28,
2335702,Ivan Menjivar,1982-05-30,
2335703,Jeff Curran,1977-09-02,USA
2335704,Din Thomas,1976-09-28,
2335705,Kelly Dullanty,1977-07-04,
2335706,Yves Edwards,1976-09-30,
2335707,Bobby Lashley,1976-07-16,
2335708,Hermes Franca,1974-08-27,Brazil
2335709,Nick Diaz,1983-08-02,USA
2335710,Joel Blanton,1971-05-21,
2335711,Lee King,1976-08-14,
2335712,Brodie Farber,,
2335713,Darin Brudigan,,
2335714,Fedor Emelianenko,1976-09-28,Russia
2335715,Bob Sapp,1972-09-22,
2335716,Spencer Fisher,1976-05-09,USA
2335717,Mark Bocek,1981-10-24,
2335718,Jim Miller,1983-08-30,USA
2335719,Steve Steinbeiss,,
2335720,Deividas Taurosevicius,1977-08-28,
2335721,Steve Macabe,,
2335722,Jay Isip,,
2335723,Mark Getto,,
2335724,Mike Ciesnolevicz,1979-10-28,
2335725,Junior Dos Santos,1984-01-30,Brazil
2335726,Dan Severn,1954-06-08,
2335727,Stefan Struve,1988-02-18,Netherlands
2335728,Zane Frazier,1966-07-16,
2335729,Justin Eilers,1978-06-28,
2335730,Antoni Hardonk,1976-05-02,
2335731,Neil Grove,1971-01-18,
2335732,Chris Wilson,,
2335733,Brandon Wolff,,
2335734,Yoshiyuki Yoshida,1974-05-10,Japan
2335735,Paulo Thiago,1981-01-25,Brazil
2335736,Paul Taylor,1979-12-15,
2335737,Kendall Grove,1982-12-11,USA
2335738,Gerard Gordeau,1959-03-30,
2335739,Justin McCully,1976-02-18,
2335741,Denis Stojnic,1980-02-02,Bosnia & Herzegovina
2335742,Patrick Trey Smith,1963-07-16,
2335743,Mike Wessel,1977-12-02,USA
2335744,CB Dollaway,1983-08-10,USA
2335745,Alex Schoenauer,,
2335746,Ivan Serati,,
2335747,Derek Downey,1980-04-27,
2335748,Brian Stann,1980-09-24,
2335749,Marvin Eastman,1971-07-16,
2335750,Christian Wellisch,1981-04-17,
2335751,Denis Kang,1977-09-17,
2335752,Xavier Foupa-Pokam,1982-03-07,
2335754,Ed Herman,1980-10-02,USA
2335755,Alexandre Barros,,
2335756,Rob Kimmons,1981-01-30,
2335757,Trent Jenkins,,
2335759,Brad Blackburn,,
2335760,David Baron,1973-02-15,
2335761,Matt Horwich,1978-02-10,USA
2335762,Nissen Osterneck,,
2335763,David Bielkheden,1979-06-06,Sweden
2335764,Rousimar Palhares,1980-02-20,Brazil
2335765,Steve Bruno,,
2335766,Jorge Rivera,1972-02-28,
2335767,Kyle Bradley,1982-08-19,USA
2335768,Travis Lutter,1973-12-05,
2335769,Nate Loughran,,
2335770,Justin Buchholz,1983-08-22,USA
2335771,Jason MacDonald,1975-06-03,
2335772,Evan Dunham,1981-12-18,USA
2335773,Nate Quarry,1972-03-18,
2335774,Mike Massenzio,1982-11-01,USA
2335775,Per Eklund,,
2335776,Jake Rosholt,1982-02-09,
2335777,Goran Reljic,1984-03-20,Croatia
2335778,Demian Maia,1977-11-06,Brazil
2335779,Amir Sadollah,1980-08-27,
2335780,Rob Emerson,1981-07-30,USA
2335781,Charles McCarthy,1980-08-06,
2335782,Terry Etim,1985-10-19,
2335783,Manvel Gamburyan,1981-05-08,USA
2335784,Roan Carneiro,1978-06-02,Brazil
2335785,Alessio Sakara,1981-09-02,Italy
2335786,Ivan Salaverry,1971-01-11,
2335787,George Sotiropoulos,1977-07-09,Australia
2335788,Dan Cramer,1985-10-31,
2335789,Matt Grice,1981-07-29,USA
2335790,Jorge Santiago,1980-10-09,USA
2335791,Tim McKenzie,,
2335792,Tom Egan,,
2335793,Aaron Simpson,1974-07-20,USA
2335794,Gina Carano,1982-04-16,USA
2335795,Shannon Gugerty,1981-12-30,
2335796,Chael Sonnen,1977-04-03,
2335797,Dennis Siver,1979-01-13,Germany
2335798,Dustin Hazelett,1986-04-29,
2335799,Luke Cummo,1980-04-27,
2335800,Melvin Guillard,1983-03-30,USA
2335801,George Roop,1981-11-10,
2335802,Rory Markham,1982-03-25,
2335803,Luigi Fioravanti,1981-01-22,USA
2335804,Marcus Davis,1973-08-24,
2335805,Dale Hartt,,
2335806,Jonathan Goulet,1979-07-13,
2335807,Tamdan McCrory,1986-11-05,USA
2335808,John Howard,1983-03-01,USA
2335809,Aaron Riley,1980-12-09,USA
2335810,John Hathaway,1987-07-01,England
2335811,Corey Hill,1978-10-03,USA
2335812,Kurt Pellegrino,1979-05-07,
2335813,Paul Kelly,1984-09-12,
2335814,David Kaplan,1979-11-16,
2335815,Nate Mohr,1983-03-03,
2335816,Troy Mandaloniz,1980-01-02,
2335817,Sammy Morgan,1981-09-28,
2335818,Dong Hyun Kim,1981-11-17,Korea
2335819,Mike Swick,1979-06-19,
2335820,Ben Saunders,1983-04-13,USA
2335821,Jason Tan,,
2335822,Alex Karalexis,1977-09-20,
2335823,Jess Liaudin,,
2335824,Jared Rollins,1977-01-26,
2335825,Keita Nakamura,1984-05-22,Japan
2335826,Ryan Madigan,1977-04-02,
2335827,Kuniyoshi Hironaka,1976-06-17,
2335828,Matthew Riddle,1986-01-14,
2335829,Dean Lister,1976-02-13,
2335830,Evan Tanner,1971-02-11,
2335831,Rory Singer,1976-05-28,
2335832,Kalib Starnes,1975-01-06,Canada
2335833,Izuru Takeuchi,1974-08-05,
2335834,Ryan McGivern,1980-01-17,
2335835,Mike Geurin,,
2335837,Dave Phillips,1980-01-12,
2335838,Jose Rodriguez,,
2335839,Lance Everson,,
2335840,Dave Perez,,
2335842,Paulo Filho,1978-05-24,
2335844,Aleksei Oleinik,1977-06-20,Russia
2335845,Kyacey Uscola,1981-10-07,
2335846,Bryan Baker,1985-10-13,USA
2335847,Amar Suloev,1976-07-01,
2335867,David Loiseau,1979-12-17,
2335874,Dan Evensen,1974-06-01,
2335875,Mirko Filipovic,1974-09-10,
2335876,Assuerio Silva,1974-06-18,
2335877,Gilbert Aldana,1977-08-28,
2335878,Dave Dalgliesh,1978-04-05,
2335879,Gabor Nemeth,1973-03-06,
2335880,Gilbert Yvel,1976-06-30,Netherlands
2335881,Joop Kasteel,1964-08-27,
2335882,Dave Vader,1977-07-04,
2335883,Hans Nijman,1959-09-23,
2335884,Cade Swallows,,
2335885,Jens Pulver,1974-12-06,
2335886,Mike Brown,1975-09-08,
2335887,Chance Farrar,1975-09-11,
2335888,Dominick Cruz,1985-03-09,USA
2335889,Joe Pearson,1978-03-28,USA
2335890,Bibiano Fernandes,1980-03-30,Brazil
2335891,Enoch Wilson,,
2335892,Naoya Uematsu,,
2336285,Kazuyuki Fujita,1970-10-16,
2336286,Hidehiko Yoshida,1969-09-03,
2354016,Miguel Torres,1981-01-18,USA
2354017,Brad Morris,,
2354018,Jeremiah Constant,1974-07-19,
2354019,Jesse Fujarczyk,1983-01-28,
2354023,Min Soo Kim,1975-01-22,
2354046,Dan Christison,1972-04-26,
2354047,Marcio Cruz,1978-04-24,
2354048,Tim Sylvia,1976-05-03,
2354049,Wes Sims,1979-08-04,
2354050,David Abbott,1965-07-16,
2354051,Jason Miller,1980-12-24,USA
2354052,Dave Strasser,1969-07-13,
2354053,Tony DeSouza,1974-07-26,
2354054,John Alessio,1979-07-05,Canada
2354055,Derrick Noble,1978-08-14,
2354056,Ansar Chalangov,,
2354057,Vitor Belfort,1977-04-01,Brazil
2354058,Kazuo Misaki,1976-04-25,
2354059,Murilo Bustamante,1966-07-30,
2354075,Elvis Sinosic,1971-02-13,
2354076,Josh Haynes,,
2354078,Ross Pointon,1980-02-18,England
2354079,Jakob Lovstad,,
2354080,Mike Nickels,,
2354081,Miika Mehmet,,
2354082,Milco Voorn,,
2354083,Don Frye,1965-11-23,
2354084,Allan Goes,1971-04-20,
2354085,Akira Shoji,1974-01-31,
2354086,Leonard Garcia,1979-07-14,
2354087,Cub Swanson,1983-11-02,USA
2354088,Cole Escovedo,1981-08-30,
2354089,Kenji Arai,1979-10-05,
2354090,Hayato Sakurai,1975-08-24,
2354091,Tomomi Iwama,,
2354093,Sean Sallee,,
2354097,Eban Oroz,,
2354098,Manny Reyes Jr.,,
2354099,Jason Bryant,,
2354100,Rocky Long,1978-08-18,
2354101,Dustin Neace,1986-09-12,
2354102,Masakazu Imanari,1976-02-10,Japan
2354103,Tony Fryklund,,
2354104,Joshua Burkman,1980-04-10,USA
2354105,Mike Cook,,
2354106,Brock Larson,1977-08-23,USA
2354107,Jason Guida,1977-08-04,
2354108,Joshua Franklin,,
2354109,Luis Dutra Jr.,1982-05-06,
2354110,Paulo Cavera,,
2354111,Leonardo Pecanha,1982-07-15,
2354112,Fernando Bettega,,
2354113,Frank Carelli,,
2354114,Igor Pakoto,,
2354115,Diogo Almeida,,Brazil
2354116,Marcone Marcone,,
2354117,Ricardo Petrucio,,
2354118,Bill Mahood,1967-02-01,
2354119,Renzo Gracie,1967-03-11,Brazil
2354120,Rodrigo Gracie,1975-03-11,
2354121,Duane Ludwig,1978-08-04,
2354122,Ferrid Kheder,1975-03-03,Tunisia
2354123,Evert Fyeet,,
2354124,Alvin Robinson,1982-07-16,USA
2354125,Buck Meredith,1982-05-17,
2354126,Dokonjonosuke Mishima,1972-04-19,
2354127,Yoshihiro Akiyama,1975-07-29,Japan
2354128,Sam Stout,1984-04-23,Canada
2354129,Kit Cope,1977-03-17,
2354130,Johny Hendricks,1983-09-12,
2354131,Ronald Jhun,,
2354132,Jose Landi-Jons,1973-09-15,
2354133,Osami Shibuya,1976-01-07,
2354136,Nick Sorg,,
2354137,Paul Rodriguez,1975-05-18,
2354138,Mark Miller,,
2354139,Tyson Burris,,
2354140,Mark Gearhart,,
2354141,TJ Waldburger,1988-04-25,
2354142,Wayne Haijcek,,
2354170,Josh Grispi,1988-10-14,
2354186,Justin Haskins,1979-08-30,
2354187,Richard Gamble,,
2354188,Spencer Cowley,,
2354189,Victor Rackliff,,
2354190,Alex Serdyukov,1980-05-24,
2354193,Thiago Tavares,1984-11-08,Brazil
2354194,Alberto Crane,1976-07-14,
2354195,Steve Vigneault,,
2354196,Gideon Ray,1973-05-27,
2354197,Ryan Thomas,1984-11-05,USA
2354198,Dan Barrera,1980-12-23,
2354199,Charles Blanchard,,
2354200,Kenny Stevens,,
2354201,Rick Delvecchio,,
2354202,Reggie Pena,1983-04-09,USA
2354203,Diego Vitosky,,
2354204,Crafton Wallace,,
2354205,Dan Hardy,1982-05-17,
2354206,Pete Spratt,1971-01-09,
2354207,Shonie Carter,1972-05-03,USA
2354208,Forrest Petz,1975-09-22,
2354210,Daniel Weichel,1984-11-22,Germany
2354211,Chad Reiner,,
2354212,Manuel Garcia,,
2354213,Hidetaka Monma,1973-10-23,
2354214,Daizo Ishige,1980-11-11,
2354215,Willy Ni,,
2354216,Alexandre Izidro,,
2354217,Dan Lauzon,1988-03-30,USA
2354218,Matt Wiman,1983-09-19,USA
2354219,Randy Hauer,,
2354220,Junior Assuncao,1981-06-24,Brazil
2354221,Drew Fickett,1979-12-14,USA
2354222,Jesse Chilton,1981-09-18,
2354223,Vadim Kulchitskiy,,
2354224,Chris Price,,
2354225,Jay Carter,,
2354226,Matt Gidney,,
2354228,James McSweeney,1980-10-24,England
2354229,Gary Turner,,
2354230,Tengiz Tedoradze,,
2354231,Mark Kerr,1968-12-21,
2354232,Henry Miller,1969-07-16,
2354233,Martin Thompson,1985-03-31,England
2354234,Fereidoun Naghizadeh,,
2354235,Kassim Annan,1980-12-18,
2354236,Mike Ward,,
2354237,Hong Man Choi,1980-10-30,
2354238,Tatsuya Mizuno,1981-06-02,
2354239,Gabriel Gonzaga,1979-05-18,Brazil
2354240,Eddie Sanchez,1982-04-11,
2354241,Josh Barnett,1977-11-10,USA
2354242,Ikuhisa Minowa,1976-01-12,
2354243,Caol Uno,1975-05-08,Japan
2354244,Shinya Aoki,1983-05-09,
2354245,Mitsuhiro Ishida,1978-12-29,
2354246,Andre Amado,,
2354247,Katsuhiko Nagata,,
2354248,Ali Ibrahim,,
2354249,Gesias Cavalcante,1983-07-06,Brazil
2354250,Kultar Gill,1979-03-29,
2354251,Ole Laursen,,
2354252,Tommy Speer,1984-08-20,
2354253,Clay French,1980-10-07,
2354254,John Mahlow,1980-06-28,
2354255,Buddy Clinton,1977-09-09,
2354256,Orlando Ruiz,,
2354257,Jason Ireland,1979-12-30,
2354258,Bart Palaszewski,1983-05-30,
2354259,Chris Liguori,,
2354260,Nuri Shakir,,
2354261,Anthony Morrison,1984-03-29,
2354262,Al Buck,,
2354263,Moyses Gabin,1980-08-14,
2354264,Parker Porter,1985-04-22,USA
2354265,Ryan Verrett,,
2354266,Anthony Pina,,
2354267,Carlos Eduardo,1981-12-09,
2354268,Brad Bernard,,
2354269,Andrei Arlovski,1979-02-04,USA
2354270,Josh Schockman,1980-12-29,
2354271,Kristof Midoux,,
2354272,Pat Harmon,,
2354273,Antoine Hayes,,
2354274,Jay White,,
2354275,Johnathan Ivey,,
2354276,Masanori Tonooka,,
2354277,Katsuyori Shibata,1979-11-17,
2354278,Paul Georgieff,1982-09-22,
2354279,Kazushi Sakuraba,1969-07-14,
2354280,Dan Chambers,,
2354281,Melvin Manhoef,1976-05-11,Netherlands
2354282,Cory MacDonald,,
2354283,Travis Axworthy,,
2354284,Jesse Bongfeldt,,
2354285,Thomas Schulte,1981-01-13,
2354287,Hidehiko Hasegawa,1978-07-13,
2354288,Yukiharu Maejima,1973-11-05,
2354289,Hidenobu Koike,1976-05-11,
2354290,Jun Ando,,
2354291,Kosei Kubota,1977-08-11,
2354292,Tomoyoshi Iwamiya,1982-06-15,
2354293,Jesse Taylor,1983-01-02,USA
2354295,Bill Smallwood,1981-10-23,USA
2354296,Hans Marrero,,
2354297,Joe Bunch,1984-01-09,
2354298,George Hartman,,
2354299,Levi LaLonde,,
2354300,Chuck Pablo,,
2354301,Travis Bartlett,,
2354302,Shane Primm,,
2354303,Cesar Barros,,
2354304,Jason Barlog,,
2354305,Jonathan Fernandez,,
2354306,Ariel Gandulla,,
2354307,Matt Veach,,
2354308,Jason Black,1972-08-15,
2354309,Clint Kerley,,
2354310,Jason Anderson,,
2354311,Dan Marks,,
2354312,Joe Davis,,
2354313,Shervin Alavi,,
2354314,Matt Grey,,
2354315,Noah Tedesco,,
2354316,Johnny Torres,,
2354317,Lucas Factor,,
2354318,Paris Ruiz,,
2354319,Rob Yundt,1980-05-05,
2354320,Joe Nicholas,,
2354321,Joey Radanzzo,,
2354322,Jose Carillo,,
2354323,Yuki Saski,,
2354324,Andrei Semenov,1977-06-17,
2354332,Kestutis Smirnovas,,
2354333,Taiei Kin,,
2354334,Tokimitsu Ishizawa,1968-08-05,
2354335,Brian Gassaway,1972-08-07,
2354336,Gleison Tibau,1983-07-10,Brazil
2354337,Diego Saraiva,1982-04-23,Brazil
2354338,Nick Walker,,
2354339,Vern Jefferson,,
2354340,Norm Alexander,,
2354341,Samy Schiavo,1975-12-24,
2354342,Justin James,,
2354343,Joe Martin,,
2354344,Yusuke Endo,1982-02-03,
2354346,Matt Lindland,1970-05-17,
2354347,Mark Hunt,1974-03-23,New Zealand
2354348,Wagner da Conceicao Martins,1978-05-19,
2354349,Tsuyoshi Kosaka,1970-03-06,Japan
2354350,Dong Sik Yoon,1972-08-24,
2354351,Hirotaka Yokoi,1978-06-08,
2354352,TJ Grant,1984-02-26,
2354353,Beau Baker,1979-05-23,
2354354,Mike Gates,,
2354355,Stephane Lamarche,,
2354356,Stephane Dube,,
2354357,Kevin Manderson,,
2354358,Gary Wright,,
2354359,Jason Reinhardt,,
2354360,Brandon Melendez,1983-03-24,
2354361,Douglas Brown,,
2354362,Zane Baker,,
2354363,Adam Comfort,,
2354364,Raphael Assuncao,1982-07-19,Brazil
2354368,David Lee,,England
2354369,Chuck Kim,,
2354370,Dennis Davis,1978-03-15,
2354371,Joe Hurley,1978-06-24,
2354435,Douglas Evans,1980-10-10,
2354436,John Halverson,1972-09-08,
2354437,Jason Dent,1980-06-12,
2354438,Joe Camacho,1972-03-10,
2354439,Dan Swift,1975-01-15,
2354440,Logan Barger,,
2354441,Dustin Walden,,USA
2354522,Ryan Roberts,1978-07-18,USA
2354523,Luke Caudillo,1980-11-30,
2354524,Takanori Gomi,1978-09-22,Japan
2354525,Jutaro Nakao,1970-11-30,
2354527,Igor Vovchanchyn,1973-08-06,
2354530,Naoya Ogawa,1968-03-31,
2354531,Ibragim Magomedov,1995-02-10,Russia
2354532,Mike Van Arsdale,1965-06-20,
2354533,Fabricio Werdum,1977-07-30,Brazil
2354534,Kiyoshi Tamura,1969-12-17,
2354535,Pawel Nastula,1970-06-26,
2354536,Mike Whitehead,1981-06-29,USA
2354537,Kerry Schall,1971-08-09,
2354538,Dennis Silver,,
2354539,Gabe Ruediger,1977-08-29,USA
2354540,Rick Davis,,
2354541,Eric Regan,,
2354544,Jamie Varner,1984-10-12,
2354545,Joe Jordan,1978-07-27,
2354546,Brandon Olsen,,
2354547,Toby Imada,1979-07-16,
2354548,Ryan Schultz,1977-04-07,
2354553,Kevin Ferguson,1974-02-08,
2354554,Seth Petruzelli,1979-12-03,
2354555,James Thompson,1978-12-16,
2354556,Kelly Kobold,,
2354557,Kaitlin Young,1985-09-15,USA
2354558,Tonya Evinger,1981-06-04,USA
2354559,Bo Cantrell,1969-02-08,
2354560,Julie Kedzie,1981-03-18,USA
2354561,Elaina Maxwell,,
2354562,Rosi Sexton,1977-07-16,
2354563,Leiticia Pestova,,
2354564,Cris Cyborg,1985-07-09,Brazil
2354565,Hitomi Akano,1974-07-27,
2354566,Yoko Takahashi,1973-04-20,
2354567,Shayna Baszler,1980-08-08,USA
2354568,Marise Vitoria,,
2354569,Elaine Santiago,,
2354570,Chris Schroeder,,
2354571,Vanessa Porto,1984-03-16,Brazil
2354572,Erica Paes,,
2354575,Jeff Cox,1969-12-31,
2354576,John Franchi,,
2354577,Pat Benson,,
2354579,Joe Veres,1977-11-09,
2354580,Stryder Fann,,
2381659,Rogerio Nogueira,1976-06-02,Brazil
2381666,Joey Gorczynski,,
2381675,Tyrone Glover,,
2381676,Dwayne Shelton,,
2381677,Dustin Piekin,,
2381678,Gabe Lemley,,
2381679,Luciano Azevedo,1981-06-25,
2396131,Sasuke Zapata,,
2396132,Kyle Jensen,,
2396134,Antoine Skinner,,
2396135,Kyle Gibbons,1983-09-12,
2396136,Takafumi Otsuka,1986-08-22,Japan
2396137,Takaichi Hirayama,1978-08-20,
2396138,Gabriel Veiga,,
2396139,Danilo Cherman,1983-01-21,
2396140,Mauricio Reis,,
2396141,Thiago Minu,1975-09-05,
2396142,Johil de Oliveira,1969-08-07,
2396143,Mateus Trinidade,,
2396144,Mark Colangelo,,
2396146,Garrett Davis,1976-12-12,
2410603,Tommy Wagner,,
2410604,Jon Kecks,,
2410605,TJ Zasa,,
2410606,Peter Newsheller,,
2410607,Nic Stone,,
2410608,Mike Smith,,
2410609,Joe Cronin,1981-10-25,
2410611,Brent Weedman,1984-10-10,
2410612,Josh Powell,,
2410613,Jorge Gurgel,1977-01-25,
2410614,Andy Wang,,
2410615,Josh Sauder,,
2410616,John Strawn,,
2410617,Takeshi Inoue,1980-03-18,
2410618,Saul Mitchell,,
2410619,Joe Germain,,
2410621,Neil Wain,,England
2410622,Sherman Pendergarst,,
2410623,Rex Richards,,
2410624,Rick Slaton,,
2410625,Chris Guillen,1972-12-09,
2410626,Justice Smith,,
2410627,Jay McCown,,
2410628,Casey Jackson,,
2410629,Carlton Jones,,
2412445,Pedro Rizzo,1974-05-03,Brazil
2412446,Jeff Monson,1971-01-18,USA
2412447,Aleksander Emelianenko,1981-08-02,Russia
2412448,Vitor Vianna,1979-11-02,
2412449,Claudio Godoi,,
2412450,Dino Pezao,,
2431250,Terry Martin,1980-10-10,
2431251,Edwin Dewees,1982-08-07,
2431252,Jason Thacker,,
2431253,Dave Menne,1974-07-29,
2431254,Jeff Joslin,1975-04-30,
2431255,Danny Babcock,,
2431256,Falaniko Vitale,,
2431257,Makoto Takimoto,1974-08-12,
2431258,Robbie Lawler,1982-03-20,USA
2431259,Reese Andy,1973-03-31,
2431260,Andre Mussi,,
2431261,Fabiano Scherner,1972-06-30,
2431262,Rex Holman,,
2431263,Jesse Forbes,1984-10-24,
2431264,Robert Hitte,,
2431266,Buckley Acosta,,
2431267,Brad Peterson,,
2431268,Josh Hendricks,1976-08-28,
2431269,Ulysses Cortez,,
2431270,Dicky Chavez,,
2431271,Tim Peacock,,
2431272,Kevin Jordan,1970-12-31,
2431273,David Baggett,,
2431274,Dave Covello,,
2431275,Walter Farias,,
2431276,Chris Tuchscherer,1975-09-08,
2431277,William Hill,1974-10-11,
2431278,Ryan Antle,,
2431279,Rob MacDonald,1978-09-05,Canada
2431280,Jason Veach,,
2431281,Colin Robinson,1968-11-27,
2431282,Claudineney Kozan,,
2431283,Kevin Burns,,
2431284,Keith Wilson,,
2431285,Rich Moskowitz,,
2431286,Jonathan Romero,,
2431287,Tim Hague,1983-05-09,Canada
2431289,Simon Diouf,,
2431290,John George,,
2431291,Mike Delaney,1974-08-10,
2431292,Tony Lopez,1973-11-28,USA
2431293,Demian Decorah,,
2431294,Maurice Jackson,,
2431295,Angelo Mcleroy,,
2431296,Rocky Batastini,,
2431297,Aric Dylan,,
2431298,Brian Ryan,,
2431299,Dan Glasgow,,
2431300,Joe Tsosie,,
2431303,Edwin Aguilar,,
2431304,Damien Riccio,,
2431305,Matt Ewin,,
2431306,Eiji Ishikawa,1979-10-12,
2431308,Wes Combs,1973-06-18,
2431309,Kazuhiro Hamanaka,,
2431310,Gary LaFranchi,,
2431311,Bobby Southworth,1969-12-16,
2431312,Lodune Sincaid,,
2431313,Gegard Mousasi,1985-08-01,Netherlands
2431314,Jacare Souza,1979-12-07,Brazil
2431315,Steve Mensing,1977-12-06,
2431316,Evangelista Santos,1977-12-12,
2431317,Damir Mirenic,1974-08-02,
2431318,Alexander Kokoev,,
2431319,Rodney Glunder,1975-01-03,
2431320,Travis Wiuff,1978-03-15,USA
2431321,James Zikic,1977-03-01,England
2431322,Kazuo Takahashi,1969-03-13,
2431323,Antony Rea,1976-07-15,
2431324,Ji Won Bang,,
2431325,Alexander Timonov,,
2431326,Roman Zentsov,,
2431327,Hakim Goram,,
2431328,Michal Kita,1980-05-18,Poland
2431329,Sergey Shemetov,1983-12-14,
2431330,Paul Buentello,1974-01-16,USA
2431331,Vitor Ribeiro,1979-02-24,
2431332,David Gardner,,
2431333,Eddie Alvarez,1984-01-11,USA
2431334,Todd Moore,1983-12-30,
2431335,Joachim Hansen,1979-05-26,
2431336,Bu-Kyung Jung,,
2431337,Ray Steinbeiss,1979-09-12,
2431338,Mike Aina,,
2431339,KJ Noons,1982-12-07,
2431340,Katsuya Inoue,1979-08-10,
2431341,Muhsin Corbbrey,,
2431342,Thomas Denny,,
2431343,Frank Shamrock,1972-12-08,
2431344,Scott Smith,1979-05-21,
2431356,TBA,,
2431357,Siyar Bahadurzada,1984-04-17,Afghanistan
2431358,Logan Clark,1985-02-12,
2431359,Trevor Prangley,1972-08-24,
2431360,Jay Hieron,1976-07-29,
2431361,Jason High,1981-10-12,USA
2431362,Chris Kennedy,,
2431363,Delson Heleno,1977-11-16,Brazil
2431364,Donnie Liles,,
2447600,Amos Sotelo,,
2447601,Paul Daley,1983-02-21,England
2447602,Chris Horodecki,1987-09-24,
2447603,Williams Sriyapai,,
2447604,Nate Lamotte,,
2447605,Shad Lierley,,
2447606,Josh Odom,,
2447607,Ed West,1983-10-30,
2447608,Erik Owings,,
2447620,Anthony Peters,,
2447621,Jason Harris,,
2447622,Leonard Wilson,,
2447623,Dyrell Walker,,
2447624,James Meals,1982-07-27,
2447626,Richard Nancoo,,
2447627,Derek Collins,,
2447628,Bobby Gamboa,,
2447629,Charles Wilson,,
2447630,Darius Turcinskas,,
2447631,Jeff Bedard,1970-02-06,
2447632,Chase Beebe,1985-03-29,
2447633,Yoshiro Maeda,1981-10-31,Japan
2447634,Manny Tapia,,
2447635,Takeya Mizugaki,1983-12-16,Japan
2447636,Brian Bowles,1980-06-22,
2447637,Cung Le,1972-05-25,
2447638,Jason Von Flue,,
2447639,Brian Warren,,
2447640,Mike Altman,,
2447641,José Aldo,1986-09-09,Brazil
2447644,Lukasz Chlewicki,1979-01-24,
2447645,Vitelmo Kubis Bandeira,,
2447646,Gustavo Machado,1975-05-17,
2447647,Fabio Nascimento,,
2447648,Ryan Stout,,
2447649,Chad Jay,1986-12-06,
2447650,Jeremiah Caves,,
2447651,Christopher Clark,,
2447652,Dusty Miller,,
2465506,Hiroyuki Takaya,1977-06-10,Japan
2465507,Allen Berubie,,
2465508,Rocky Johnson,,
2465509,Steve Horton,,
2465510,Victor Estrada,,
2465552,Will Ribeiro,1983-02-17,
2465553,Damacio Page,1982-09-30,USA
2465554,Marcos Galvao,1981-06-23,Brazil
2465555,Charlie Valencia,,
2465556,Shane Weinischke,,
2465557,Charles Nutt,,
2465558,Tim Honeycutt,1977-03-13,
2468496,Jameel Massouh,1984-09-12,
2470332,Josh Thomson,1978-09-21,USA
2470333,Daisuke Sugie,1980-10-12,
2470334,Harris Sarmiento,1983-09-09,USA
2470335,Nam Phan,1983-03-13,USA
2470336,Nick Gonzalez,1981-03-03,
2470337,Adam Lynn,,
2470338,Gilbert Melendez,1982-04-12,USA
2470339,Ashe Bowman,1976-11-17,
2473325,Ricco Rodriguez,1977-08-19,USA
2473326,Valentijn Overeem,1976-08-17,
2473327,Tony Halme,,
2473328,Steven Graham,,
2473329,Maurice Smith,1961-12-13,
2473330,Enson Inoue,1967-04-15,
2473331,Mikhail Illoukhine,1966-11-21,
2473332,Ryushi Yanagisawa,1972-06-22,
2473333,Travis Galbraith,,
2473334,Justin Bruckmann,,
2473720,Ben Rothwell,1981-10-17,USA
2473803,Yuji Nagata,,
2473804,Gary Goodridge,1966-01-17,
2473805,Egidijus Valavicius,1978-12-23,
2473989,Semmy Schilt,1973-10-27,
2473990,Chris Haseman,1969-06-02,
2473991,Lee Hasdell,1966-07-16,
2473992,Mihail Apostolov,,
2473993,Hiroya Takada,1977-08-16,
2473994,Levon Lagvilava,,
2473995,Martin Lazarov,,
2475111,Sergei Kharitonov,1980-08-18,Russia
2475116,Sanae Kikuta,1971-09-10,
2475121,Hiromitsu Kanehara,,
2475125,Volk Han,,
2475132,David Dodd,,
2475133,Nate Schroeder,,
2475134,Iouri Kotchkine,,
2475135,Andrei Kopylov,,
2475136,Achmed Labasanov,,
2475325,Branko Busick,1990-07-15,USA
2476787,Sam Greco,1967-05-03,
2476793,Michael McDonald,1965-02-06,
2476796,Kengo Watanabe,1976-01-31,
2478987,Eric McConico,1990-05-09,USA
2479466,Luiz Azeredo,,
2479469,Jose Barreto,,
2479471,Claudionor Fontinelle,,
2479472,Curtis Stout,,
2479910,Tetsuji Kato,,
2479911,Israel Albuquerque,,
2479912,Alex Stiebling,,
2479913,Alexander Otsuka,,
2479914,Carlos Newton,,
2479915,Daiju Takase,,
2479916,Waldir dos Anjos,,
2479917,Lee Murray,,
2479918,Donald Cerrone,1983-03-29,USA
2483867,Jay Coleman,,
2483868,Abner Lloveras,1982-09-04,Spain
2483869,Dave Drago,,
2483870,Michael McQuade,,
2483871,Jason Dublin,,
2483872,Ron Stallings,1983-02-25,USA
2483879,Chris Kiever,,
2483880,George Lopez,,
2483881,Todd Carney,,
2483882,Nakapan Phungephorn,,
2486931,Hiromitsu Miura,1981-09-22,Japan
2486932,Carlo Prater,1981-06-25,Brazil
2486933,Tatsunori Tanaka,1978-12-14,
2486934,Takuya Wada,1978-02-14,
2486935,Koji Oishi,1977-05-31,
2486936,Pat Healy,1983-07-20,USA
2486937,Jake Shields,1979-01-09,USA
2486942,Jake Ellenberger,1985-03-28,
2486943,Porfirio Alves Jr.,1982-01-25,Brazil
2486955,Paul Jenkins,,
2486956,Mike Weir,1967-09-19,
2486957,Bojan Kosednar,1983-06-21,Slovenia
2486958,Nick Thompson,1981-06-23,
2486959,Aurelijus Kerpe,,
2486960,Antonio Moreno,,
2486961,Cruz Chacon,,
2486962,Craig Tennant,,
2486964,Jesse Brock,,
2486965,Anthony Njokuani,1980-03-01,USA
2486966,Kenneth Alexander,,
2486967,Danny Castillo,1979-08-25,USA
2486968,Rob McCullough,,
2486970,James Krause,1986-06-04,USA
2487019,Benson Henderson,1983-11-16,USA
2487020,Yasunori Kanehara,,
2487259,Jay Silva,1981-05-25,USA
2487588,Steve Lopez,1984-07-30,
2487697,Chris Clark,,
2487698,Stan Strong,,
2487699,Brian Heden,1985-04-26,USA
2487700,Mark Racine,,
2487701,Josh Melichar,,
2487702,Ralph Kelly,,
2487703,Jon Murphy,,
2487704,Ron Humphrey,,
2487705,Brett Rogers,1981-02-17,USA
2487720,Travis Fulton,1977-05-29,USA
2487721,Roy Nelson,1976-06-20,USA
2487722,Matt Thompson,,
2487725,Devin Cole,1976-10-01,
2487726,Wojtek Kaszowski,,
2487727,Bryan Vetell,,
2487728,Wagnney Fabiano,1975-07-14,
2487729,Tommy Lee,,
2487730,Ali Nestor Charles,,
2487731,Matt Fiordirosa,,
2487732,Bao Quach,,
2487733,Ian Loveland,1983-09-07,USA
2487734,Cam Ward,,
2487735,John Gunderson,1979-01-05,
2487736,L.C. Davis,1980-10-28,
2487737,Akitoshi Tamura,,
2487738,Fredson Paixao,,
2487838,Vladimir Matyushenko,1971-01-04,
2487839,Yuki Kondo,1975-07-17,Japan
2487840,Jerry Bohlander,,
2487841,Wiehan Lesh,,
2487842,Jason Braswell,,
2487843,Kent Hensley,,
2487844,Steve Sayegh,,
2487845,Ebenezer Fontes Braga,,
2487846,Edson Silva,,
2487847,Joey Gilbert,,
2487848,Paul Creighton,,
2488100,Bryan Pardoe,,
2488101,Danny Anderson,,
2488102,Dennis Reed,,
2488174,Shungo Oyama,1974-04-11,
2488175,Murilo Rua,1980-05-22,
2488176,Bakouri Gogitidze,,
2488177,Eric Smith,,
2488178,Crezio de Souza,,
2488350,Masuhito Wanamekawa,,
2488351,Erick Wanderley,,
2488352,Angelo Antonio,,
2488353,Rafael Freitas,,
2488368,Kotetsu Boku,1977-05-27,
2488369,Kazuyuki Miyata,1976-01-29,
2488370,Eiji Mitsuoka,1976-01-01,
2488371,Tatsuya Kawajiri,1978-05-08,Japan
2488455,Chris Sanford,,
2488458,Jorge Ortiz,,
2488459,Mike Seal,,
2488460,Gabe Garcia,,
2488461,Solomon Hutcherson,1972-08-13,
2488462,Eric Tix,,
2488463,Dan Hart,,
2488464,Mike Pyle,1975-09-18,USA
2488468,Ray Elbe,,
2488469,Travis Beachler,,
2488470,John Cronk,,
2488471,Rene Kronvold,,
2488472,Mike Guymon,1974-09-17,
2488473,Jake Short,,
2488474,Shannon Ritch,1970-09-27,USA
2488475,Jesus Sanchez,,
2488476,Michael Johnson,1986-06-04,USA
2488528,Don Richards,,
2488529,Adam Rivera,,
2488532,Wes Albritton,,
2488533,Jeremy Screeton,,
2488536,Alejandro Garcia,,
2488538,Tony Juares,,
2488539,Gilbert Rael,,
2488551,Bobby McAndrews,,
2488552,Jason Giroux,,
2488557,Jerome LeBanner,1972-12-26,
2488558,Carl Toomey,,
2488559,Michael Lerma,,
2488560,Masakatsu Okuda,,
2488561,Francois Botha,,
2488568,Eugene Jackson,,
2488573,Mackens Semerzier,1980-11-03,USA
2488765,Marco Bermudaz,,
2488766,Ron Rumpf,,
2488767,Warren Owsley,,
2488768,Rob Smith,,
2488769,Charlie West,,
2488770,Dave Taylor,,
2488771,Rocko Henderson,,
2488772,Bryson Haubrick,,
2488773,Kenneth Williams,,
2488774,Yuki Ishikawa,,
2488775,Daijiro Matsui,,
2488776,Masaaki Satake,,
2488777,Sean Gray,,
2488849,Phil Baroni,1976-04-16,USA
2488857,Erick Snyder,,
2488858,Craig Quick,,
2488859,Victor Hunsaker,,
2488860,Dennis Hallman,1975-12-02,USA
2488861,Joe Stern,,
2488862,Valeri Ignatov,,
2488863,Tom Schmitz,,
2488864,LaVerne Clark,,
2488865,Daniel Vianna,,
2488866,Jorge Pereira,,
2488867,Eric DaVila,1976-10-25,
2488868,Shawn Peters,,
2488869,Marcelo Aguiar,,
2488870,Joe Guist,,
2488871,Robbie Newman,,
2488872,Maynard Marcum,,
2488873,Brett Al-azzawi,,
2488874,Bruce Nelson,,
2488876,Scott Johnson,,
2488878,Chatt Lavender,,
2488879,Steve Gomm,,
2488880,Gil Castillo,,
2488881,Tatsuya Iwasaki,,
2488903,Todd Medina,,
2488904,Bob Schrijber,,
2488905,Tony Petarra,,
2488906,Adrian Serrano,,
2488907,Artur Mariano,,
2488908,Egidio da Costa,,
2488935,Royce White,1991-04-10,USA
2489734,Carl Greco,,
2489735,Sean Bormet,,
2489736,Marcelo Barbosa,,
2489737,Dilson Filho,,
2492782,Ido Pariente,,
2492783,Steve Berger,,
2492784,Hector Urbina,1987-09-17,USA
2492785,Tim Kennedy,1979-09-01,USA
2492786,Kala Hose,,
2493016,Mike Kyle,1980-03-31,USA
2493017,John-Olav Einemo,1975-12-10,Norway
2493018,Antonio Silva,1979-09-14,Brazil
2494133,Jae Young Kim,1983-09-19,South Korea
2494265,Jung Gyu Choi,,
2494733,Chris Mickle,1983-10-07,USA
2494734,Rolando Perez,,
2494735,Jonathan Brookins,1985-08-13,USA
2494736,Alexandre Franca Nogueira,,
2494737,Shoji Maruyama,1983-04-24,Japan
2494738,Fabio Mello,1975-06-28,
2494739,Thiago Meller,,
2494740,Micky Young,,
2494741,Phil Harris,1983-04-09,
2494742,Anderson Silverio,,
2494743,Aritano Barbosa,,
2494744,Luiz de Paula,,
2494745,Hudson Rocha,,
2495165,Jacob Volkmann,1980-09-05,USA
2495166,Fabricio Camoes,1978-12-23,
2495231,Dion Staring,1978-06-09,
2495232,Moise Rimbon,1977-04-20,France
2495234,Todd Gouwenberg,,
2497088,Joe Brammer,1983-08-30,
2497242,Scott Cornwell,,
2497587,Daniel Aspe,,Peru
2497588,Chris Stringer,,England
2497613,Kengo Ura,,
2497723,Mike Pierce,1980-09-01,
2497724,Ricardo Funch,1980-08-14,Brazil
2497950,Rodrigo Damm,1980-02-03,Brazil
2497951,Nobuhiro Obiya,,
2497958,Benji Radach,1979-04-05,USA
2497959,Kyle Noke,1980-03-18,Australia
2497960,Jeff Morris,,
2497961,Troy Miller,,
2497962,David Terrell,1978-01-09,
2498055,Gary Myers,,
2498056,Aaron Brink,,
2498057,Chris Seifert,,
2498058,Yan Pellerin,,
2498059,Roberto Ramirez,,
2498060,Leo Sylvest,,
2498061,Ralph Dilon,,
2498146,Ed Ratcliff,,
2498451,Rodrigo Gripp de Sousa,,
2498452,Flavio Polones,,
2498453,Rubens Xavier,,
2498540,Mizuto Hirota,1981-05-05,Japan
2498637,Jailson Silva Santos,,
2498638,Eduardo Maiorino,1979-08-16,
2498639,Joaquim Ferreira,,
2498640,Jair Goncalves,,
2498641,Geronimo dos Santos,1980-08-18,Brazil
2498643,Amir Rahnavardi,1974-07-12,
2498644,Abe Andujo,,
2498645,Philip Preece,,
2498646,Allan Sullivan,,
2498647,George Allen,,
2498648,Keiichiro Yamamiya,,
2498649,Brian Bair,,
2498650,Tom Elrite,,
2498651,Arman Gambaryan,,
2498774,Graham Lewis,,
2498775,Jeff Telvi,,
2498776,Greg Melisi,,
2498777,Adam Copenhaver,,
2498778,Adam Bass,,
2498779,Dan Duke,,
2498780,Shawn Nolan,,
2498781,Jed Deno,,
2498782,Bill Guardiola,,
2498783,Vito Woods,,
2498784,Clay Guidiolla,,
2498869,Brandon Adamson,,
2498871,Alex Carter,,
2498880,Alonzo Martinez,1984-04-22,
2498881,Jay Estrada,,
2498882,Dave Cochran,,
2498883,Jeff Carstens,,
2498884,Tristan Yunker,,
2498885,Michael Knaap,,
2498886,Dave Van der Veen,,
2498887,Andre Tete,,
2498889,Clint Godfrey,,
2499007,Dan Gregary,,
2499008,Chad Klingensmith,,
2499009,Allen Williams,,
2499010,David Dagloria,,
2499011,Bryan Corley,,
2499012,Mike Maestas,,
2499013,Ricardo Tirloni,1983-02-03,Brazil
2499014,Shane Roller,1979-07-14,
2499032,Marcus Hicks,1975-11-25,
2499033,Sherron Leggett,,
2499034,Jason Gilliam,1972-10-31,USA
2499035,Tony Llamas,,
2499037,Paul Arroyo,,
2499038,Adam Roland,,
2499039,Kyle Sprouse,,
2499040,James Upshur,,
2499041,Jarvis Brennaman,,
2499043,David Klein,,
2499044,Justin Nauling,,
2499045,Jesse Moreng,,
2499046,Carlos Ortega,,
2499115,Herschel Walker,1962-03-03,
2499116,Greg Nagy,,
2499117,Marloes Coenen,1981-03-31,
2499246,Jeremy Jackson,,
2499248,Mike Wick,,
2499249,Blaine Tyler,,
2499254,Lee Doski,,
2499255,Andy Melia,,
2499256,Aaron Barrow,,
2499257,Andy Walker,,
2499258,Stuart Barrs,,
2499259,Lautaro Arborelo,,
2499260,Sami Berik,,
2499261,Diego Gonzalez,1984-08-29,Sweden
2499262,Matt Thorpe,,
2499263,Danny Rushton,,
2499264,Marius Zaromskis,1980-07-30,Lithuania
2499290,Jay Valencia,,
2499292,George Adkins,,
2499293,David Velasquez,,
2499294,Del Hawkins,,
2499295,Rami Boukai,,
2499296,Eben Kaneshiro,,
2499297,David Granados,,
2499298,Hiroyuki Abe,,
2499299,Shawn Bias,,
2499300,Charles Bennett,1979-11-23,USA
2499302,Ryan Frost,,
2499303,Cody Williams,1984-08-13,
2499304,Jorge Evangelista,,
2499305,Melchor Manibusan,,
2499534,Eric Wisely,1984-07-25,USA
2499535,Mike Budnik,1974-08-08,
2499536,Raul Sosa,,
2499537,Ian Freeman,1970-12-31,
2499538,Pete Williams,,
2499539,Roberto Traven,,
2499690,Matt Delanoit,,
2499693,Dustin Pague,1987-08-05,
2499694,Ronys Torres,1985-08-13,Brazil
2499749,Aaron Hall,,
2499757,Ricardo Morais,,
2499763,Nobuhiko Takada,,
2499775,Brian Johnston,,
2499776,Julian Sanchez,,
2499779,Moti Horenstein,,
2499802,Anselmo Martinez,,
2499803,Mamed Khalidov,1980-07-17,Poland
2499809,Dan Quinn,,
2499810,Jerome Smith,,
2499815,Gary Quan,,
2499819,Jeff Hougland,,
2499820,Stephen Palling,,
2499821,Olaf Alonso,,
2499825,Kaynan Kaku,,
2499827,Rumina Sato,1973-12-29,
2499832,Tom Erikson,,
2499866,Jason Chambers,,
2499867,Carlos Pereira,1979-04-04,Brazil
2499868,Fabio Holanda,,
2499869,Wilson Belchoir,,
2499870,Lucas Lopes,,
2499871,Alex Cook,,
2499872,Dave Radford,,
2499873,Mark Epstein,,
2499874,Andy Bridges,,
2499875,John Weir,,
2499876,Steve Mathews,,
2499915,Mario Bigola,,
2499916,Jon Hess,,
2499917,Tra Telligman,1965-02-07,
2499918,Scott Ferrozzo,,
2499919,Joe Charles,,
2499933,Quinn Mulhern,1984-09-20,
2499934,Chris Collado,,
2499965,Noe Hernandez,,
2499967,Paul Jones,,
2499968,Steve Heath,,
2499973,Yoshihisa Yamamoto,,
2499974,Ron Waterman,,
2499975,Alberto El Patron,1977-05-25,
2499976,Phil Davis,1984-09-25,USA
2499977,Brett Chism,,
2499978,Josh Green,,
2499979,Terry Cohens,,
2499991,Katsuhisa Fujii,,
2499992,Jim Theobald,,
2499993,Yusuke Imamura,,
2499994,Tsuyoshi Kosaka,1970-03-08,
2499995,Jesse Ault,,
2499996,Scott Shipman,,
2499997,Justin Hawes,,
2499998,Greg Curnut,,
2499999,Homer Moore,,
2500000,Justin Bailey,,
2500001,Adam Tarsey,,
2500002,Tim Williams,1986-07-03,USA
2500118,Anthony Perosh,1972-05-10,Australia
2500120,Jeff Darienzo,,
2500124,Vinny Brightman,,
2500132,Gavin Murie,,
2500133,Kelly Jacobs,,
2500134,Marcio Bittencourt,,
2500138,Brian Ebersole,1980-11-27,
2500139,Josh Kruger,,
2500140,Jay Massey,,
2500141,Brad Lynde,,
2500142,Sergio Lourenco,,
2500143,John Connelly,,
2500144,Florentim Amorim,,
2500145,Shigetoshi Iwase,1975-06-06,Japan
2500146,Jung Hwan Cha,,
2500147,James Nicholl,,
2500148,Billy Miles,,
2500149,Roman Mitichyan,,
2500151,Jerry Vrbanovic,,
2500152,Ray Seraille,,
2500153,Michael Buchkovich,,
2500154,Jason Godsey,,
2500155,Josh Curran,,
2500156,Vince Lucero,,
2500157,Mario Rinaldi,,
2500158,Shane Ott,,
2500159,Antoine Jaoude,,
2500160,Brendan Schaub,1983-03-18,
2500171,Larry Pulliam,,
2500172,Dan Caesar,,
2500173,Michael Reyna,,
2500174,Khris Cramer,,
2500175,Cory Merriman,,
2500176,Ricky Olson,,
2500177,Chad Bratton,,
2500178,Jesse Gudenschwagger,,
2500179,Danny Alexander,,
2500180,David Odle,,
2500181,Mark Jaromillo,,
2500182,Josh Mason,,
2500183,Patrick Rodriguez,,
2500184,Danny Long,,
2500185,Nick Mitchell,,
2500186,Steve Reyna,1979-02-11,
2500187,Craig Williamson,,
2500188,Brian Szohr,,
2500189,Lindsey Durlacher,,
2500191,Alex Khanbabian,,
2500192,Jim Bruketta,,
2500193,Mike French,,
2500292,Mustafa Hussaini,,
2500311,Abdul Mohamed,,
2500312,Peter Angerer,,
2500313,Joey van Wanrooij,,
2500314,Jean Silva,1977-06-20,
2500316,Blake Fredrickson,,
2500317,Ross Mason,,
2500318,Satoru Kitaoka,1980-02-04,Japan
2500319,Sol Gilbert,,
2500320,Mark Weir,1967-09-19,
2500331,Jake Hattan,,
2500332,Shawn Simpson,,
2500333,Brent Medley,,
2500334,Puma Green,,
2500335,Chris Cantrell,,
2500336,Josh Kennedy,,
2500337,Royce Louck,,
2500339,Joe Chacon,,
2500340,Dave Hess,,
2500341,Fred Leavy,,
2500342,Anthony Macias,,
2500343,Mark Bear,,
2500345,Terrance Reasby,,
2500346,Jay Jack,,
2500347,Mark Long,,
2500364,Todd Kiser,,
2500401,Anthony Ladonna,,
2500402,Katsunori Kikuno,1981-10-30,Japan
2500403,Adam Fearon,,
2500404,Chris Schlesinger,,
2500405,Seichi Ikemoto,,
2500406,Danila Veselov,,
2500407,Daisuke Hanazawa,,
2500408,Scott Henze,,
2500409,Eric Reynolds,1983-05-11,
2500411,Ross Ebanez,,
2500412,Matt Lee,1971-07-09,
2500413,Greg Loughran,,
2500419,Hiroshi Tsuruya,,
2500420,Kazumichi Takada,,
2500421,Takuya Kuwabara,,
2500422,Johnny Eduardo,1978-08-03,Brazil
2500424,Ryan Bow,,
2500425,Leonardo Santos,1980-02-05,Brazil
2500426,Chris Brennan,,
2500427,Nick Ertl,,
2500428,Jadson Costa,,
2500429,Ralph Gracie,,
2500430,Seung Hwan Bang,,
2500431,Sergey Golyaev,,
2500432,Tony Hervey,1985-12-19,
2500433,Anderson Pavao,,
2500434,Takashi Nakakura,,
2500435,Tony Sylvester,,
2500445,Curtis Hill,,
2500447,Ray Morales,,
2500448,Alfonso Alcarez,,
2500449,Phil Johns,,
2500450,Eric Hibler,,
2500451,Joao Roque,,
2500452,Dave Gries,,
2500453,John Lewis,,
2500454,Takehiro Murahama,,
2500455,Jason Maxwell,,
2500456,Richard Hess,,
2500457,Joseph Benavidez,1984-07-31,USA
2500458,Javier Vazquez,1977-07-16,
2500459,Dai Okimura,,
2500460,Yasutoshi Ryu,,
2500461,Keith Wisniewski,1981-10-25,
2500462,Akira Kikuchi,,
2500463,Brian Lo-A-Njoe,1976-01-22,Netherlands
2500464,Kaipo Kalama,,
2500465,Ricky Gunz,,
2500466,Hendricks Matt,,
2500467,Trenell Young,1976-06-19,
2500469,Tripstin Kersiano,,
2500470,Tenyeh Dixon,,
2500472,hendricks matt,,
2500473,Matt Hendricks,,
2500474,Rico Washington Sr.,,
2500486,Johnathan Tsosie,,
2500526,Charlie Brown,,USA
2500527,Branden Lee Hinkle,,
2500528,Cicero Costa,,
2500561,Tae Hyun Lee,1975-01-17,
2500562,Nikolajus Cilkinas,,
2500563,Eddie Castro,,
2500564,Rosco McClellan,,
2500565,Tom Schwager,,
2500566,Josh Donahue,,
2500567,Nick Hedrick,,
2500568,Michael Barney,,
2500569,Juan Miranda,,
2500570,Shad Smith,,
2500571,Kenneth Aimes,,
2500572,Ian McCall,1984-07-05,USA
2500573,Ivan Lopez,,Mexico
2500574,Dave Hisquierdo,,
2500589,James Jones,,
2500590,Joseph Andujar,,
2500591,Kevin Roddy,,
2500592,Eddie Fyvie,,
2500593,Cole Konrad,1984-04-02,
2500594,Joel Wyatt,,
2500595,Gary Hamen,,
2500597,Ben Askren,1984-07-18,USA
2500598,Mitchell Harris,,
2500599,Josh Flowers,,
2500626,Marcelo Alfaya,1978-12-19,
2500627,Brendan Seguin,1976-07-03,
2500628,Doo Won Seo,1981-10-10,
2500629,Farouk Lakebir,,
2500630,Rick Story,1984-08-28,
2500631,Zach Light,,
2500632,Ben Uker,,
2500633,Kenneth Allen,1980-06-12,USA
2500634,Sean Huffman,,
2500635,Brian Daley,,
2500636,Evan Boemer,,
2500637,Brent Shepard,,
2500638,Deryck Ripley,,
2500639,Brad Fox,,
2500640,Cory Simpson,1986-10-08,USA
2500641,Cameron Wells,,
2500642,Doug Marshall,1975-09-09,
2500643,Houssain Oushani,,
2500644,Jody Poff,,
2500645,Pete Werve,,
2500646,Allen Scoville,,
2500648,Anthony Griffin,,
2500649,Josue Tirado,,
2500650,Darren Bryant,,
2500651,Timothy Morris,,
2500652,Danny Henderson,,
2500653,Butch Bacon,,
2500654,James Gabert,,
2500655,James Whitfield,,
2500656,Victor Bell,,
2500657,Tomohiko Hashimoto,,
2500659,Rodney Wallace,1981-11-21,USA
2500660,Jared Hamman,1982-03-07,
2500661,Greg Soto,1986-06-03,USA
2500662,Jay Ellis,1984-02-07,USA
2500663,Brett Cooper,1987-07-02,USA
2500664,Chris Clements,1976-02-09,Canada
2500665,Marcelo Azevedo,,
2500667,Trevor Garrett,,
2500668,Brian Green,1985-09-05,
2500669,Jay Palmer,1971-07-16,
2500670,Mike Van Meer,,
2500671,Steve Kinnison,1983-07-05,USA
2500672,Kazuki Okubo,,
2500673,Jimmy Boyd,,
2500674,James Warfield,1978-05-09,USA
2500675,Ryan Williams,,
2500676,Kurt Illeman,,
2500677,John Bulger,,
2500678,Dante Rivera,1974-12-08,
2500679,Nick Osipczak,1984-12-30,
2500680,Craig Kaufmann,,
2500681,Shawn Formann,,
2500682,Doug Gordon,,
2500683,Sergio Vinagre,,
2500684,Hyun Gyu Lim,1985-01-16,South Korea
2500685,Dave Church,,
2500686,Ricardo Martinez,,
2500687,Joey Whitt,,
2500688,Brian King,,
2500689,Mikey Gomez,1982-05-08,
2500690,Jason Nickoson,,
2500691,Douglas Lima,1988-01-05,Brazil
2500692,Daniel Moraes,,
2500693,Dan Kolbasowski,,
2500695,James Wilks,1978-04-05,
2500716,Torrance Taylor,,
2500717,Mauro Chimento Jr.,1981-07-20,
2500718,Maninho Maninho,,
2500719,Marcello Rodriques,,
2500720,Wagner Tulio,,
2500721,Lucio Linhares,1973-12-08,
2500722,Daniel Acacio,1977-12-27,
2500723,Flavio Luiz Moura,,
2500724,Helio Dipp,,
2500725,Claudio Mattos,,
2500726,Arthur Cesar,,Brazil
2500727,Renan Moraes,,
2500728,Bruno Bastos,,
2500729,Antwain Britt,1987-05-09,
2500730,Aaron Stark,,
2500731,Gregory Milliard,1983-09-14,Aruba
2500732,Marcus Vanttinen,1987-07-23,
2500733,Mike Brown,,
2500734,Carlos Zevallos,1978-09-05,
2500735,Ovince Saint Preux,1983-04-08,Haiti
2500736,Toni Valtonen,,
2500737,Wesley Cantillo,,USA
2500738,Andre Fyeet,,
2500739,Valdas Pocevicius,,Lithuania
2500743,Pavel Nohynek,,
2500744,Nordin Asrih,1978-10-18,Germany
2500745,Denis Juskevic,,
2500746,Martin Kubes,,
2500747,Przemyslaw Tomczyk,,
2500765,Ulf Fritzmann,,
2500766,Jacek Buczko,,
2500767,Krzysztof Golaszewski,,
2500768,Slawomir Zakrzewski,,
2500769,Daniel Les,,
2500770,Piotr Baginski,,
2500771,Alexander Gustafsson,1987-01-15,Sweden
2500772,Poai Suganuma,,
2500773,Ibrahim Ibrahim,,
2500774,Aaron Rosa,1983-05-28,USA
2500777,Rogent Lloret,1979-03-20,Spain
2500779,Paul Mince,,
2500780,Rafael del Real,,
2500781,Ricardo Arrivabeive,,
2500782,Randall Limond,,
2500783,Scott Graham,,
2500784,Ray Lizama,,
2500811,Mike Lee,,
2500812,Josh Medina,,
2500813,Jose Garcia,,
2500814,Josh Groves,,
2500815,David Harris,1981-10-08,USA
2500816,Genki Sudo,,
2500817,Anthony Washington,,
2500818,Kiuma Kunioku,,
2500819,Masaya Kojima,,
2500820,Yuji Hoshino,,
2500821,Seiko Ryo,,
2500839,Yuji Hisamatsu,,
2500856,Rudy Lindsey,,
2500857,Jorge Masvidal,1984-11-12,USA
2500858,Joe Ahlert,,
2500859,Ryan Ciotoli,,
2500860,Justin Blasich,,
2500861,Renat Myzabekov,,
2500862,Jerry Mosquea,,
2500863,David Gilrein,,
2500870,Ricardo Fyeet,,
2500875,Yuriy Kochkine,,
2500885,Justin Davis,,
2500886,James Fanshier,,
2500887,Brian Sleeman,,
2500888,Landon Showalter,,
2500889,John Hall,,
2500890,Ben Birtcher,,
2500891,Bryce Hamilton,,
2500892,Justin Terherst,,
2500894,Kenny Jerrell,,
2500895,Naoyuki Kotani,,
2500896,Matt Brady,,
2500897,Jeff Carlson,,
2500898,Shane Lavafor,,
2500901,Mike Bencic,,
2500906,Bozigit Ataev,1979-03-12,Russia
2500918,Chris Watts,,
2500919,Can Sahinbas,,
2500921,Bobby Hoffman,,
2500922,Peter Verschuren,,
2500923,Vladimer Tchanturia,,
2500924,Stanislav Nuschik,,
2500925,Vesa Vuori,,
2500926,Sergey Kaznovsky,,
2500928,Toni Vivas,,
2500929,Dave Jones,,
2500930,Gert Mannaerts,,
2500931,Ryan Heckert,,
2500932,Tim Palmer,,
2500933,Jonathan Spears,,
2500934,Daryl Guthmiller,,
2500935,Eddy Ellis,,
2500943,Shawn McCully,,
2500946,Tim Means,1984-02-20,USA
2500948,Kyle Watson,1979-08-09,USA
2500949,Henry Matamoros,,
2501130,Chase Gormley,1983-08-11,USA
2501136,Bojan Spalevic,,
2501138,Alex Rozman,,
2501139,Johnny Curtis,,
2501141,Jay Lester,,
2501235,Gregory Bouchelaghem,,
2501238,Hector Lombard,1978-02-02,Cuba
2501239,Siala-Mou Siliga,1970-10-08,
2501240,Hidetada Irie,,
2501241,Diogo Oliveira,,Brazil
2501242,Jorge Brito,,
2501243,Felipe Arinelli,,
2501244,Joao Paulo,,
2501245,Adriano Abu,,
2501246,Sanjin Kadunc,,
2501248,Tsuyoshi Kurihara,,
2501249,Stefan Klever,,
2501250,Chico Martinez,,
2501251,John Donnelly,,
2501252,Petras Markevicius,,
2501253,Erik Oganov,,
2501254,Elmer Waterhen,,
2501255,Rody Trost,,
2501256,Nicholas Portieous,,
2501257,Eric Beaulieu,,
2501258,Rob Wynne,,
2501259,Daniel Grandmaison,,
2501260,Craig Skinner,,
2501261,Niko Puhakka,1979-12-07,
2501262,Gilson Ferreira,,
2501263,Xander Nel,,
2501264,Daniel Spek,,
2501300,Mike Vaughn,,
2501301,Jason Hathaway,,
2501302,Craig Gunder,,
2501303,Andy Normington,,
2501304,Shawn Gay,,
2501331,Paul Harrison,,
2501333,Marty Amendarez,,
2501334,Phillip Miller,,
2501335,Randy Velarde,,
2501336,Tracy Hess,,
2501337,Robert Ferguson,,
2501338,Milton Vieira,1978-10-04,Brazil
2501340,Ray Cooper,,
2501348,Marty Armendarez,,
2501360,Jason Trzewieczynski,,
2501361,Mark Holst,,
2501362,Marcus Sursa,1982-09-13,
2501363,Ron Fields,,
2501364,David Franks,,
2501365,Roger Kimes,,
2501366,Travis Fowler,,
2501367,Sergei Trovnikov,,
2501368,Tim Ellis,,
2501370,Justin Levens,,
2501372,Thomas Russell,,
2501373,Sydney Machado,,Brazil
2501374,Leopoldo Serao,,
2501375,Joey Villasenor,1975-10-17,
2501376,Jordan Radev,,
2501377,Justin Wieman,,
2501378,Jay Martin,,
2501379,Austin Achorn,,
2501380,Tony Rubalcava,,
2501381,Chuck Grigsby,1972-08-15,USA
2501382,Ricardo Barros,,
2501384,Kris Leverton,,
2501385,Neil Barber,,
2501387,Aaron Blackwell,,
2501388,Kamel Nacer,,
2501389,Danny van Bergen,,
2501390,Edgars Podnieks,,
2501391,Brian Cobb,1980-09-03,USA
2501396,Luiz Augusto Alvareda,,
2501397,Ben Spijkers,,
2501398,Phil Benedict,,
2501399,James Warring,,
2501400,Oleg Taktarov,,
2501401,Eugenio Tadeu,,
2501402,Wataru Sakata,,
2501403,Michiyoshi Ohara,,
2501404,Pat Miletich,1968-03-09,USA
2501484,Jedrzej Kubski,,
2501485,Marcelo Brito,1977-11-27,
2501486,Josenildo Rodrigues de Oliveira,,
2501487,Anderson Cruz,1976-05-14,
2501488,Josenildo Ramarho,,
2501489,Adriano Martins,1982-06-12,Brazil
2501490,Daniel Muralha,,
2501491,Emanuel Silva,,
2501492,Fernando Terere,,
2501493,Paulo Boiko,,
2501494,Rivanio Aranha,,
2501510,Myun Joo Lee,,
2501511,Brian Foster,1984-04-04,USA
2501512,Ryuta Sakurai,1971-09-18,Japan
2501513,Kazuhiro Hanada,,
2501514,Hikaru Sato,,
2501515,Sen Nakadai,,
2501516,Steve White,,
2501517,Kyosuke Sasaki,,
2501522,Muhammed Lawal,1981-01-11,
2501523,Ryo Kawamura,1981-06-29,Japan
2501524,Yukiya Naito,,
2501526,Fabio Silva,,
2501534,Vince Libardi,,
2501535,Jarrett Becks,,
2501536,David Love,,
2501537,Harris Norwood,,
2501538,Gerald Strebendt,,
2501539,Kajan Johnson,1984-04-21,Canada
2501540,Doug Evans,,
2501541,Norifumi Yamamoto,1977-03-15,Japan
2501542,Jason Abajian,,
2501543,Aaron Williams,,USA
2501544,Doug Alcorn,,
2501545,Kendrick Johnson,,
2501546,Will Shutt,1985-01-21,USA
2501547,Sharome Blanchard,,
2501548,Chris Caleb,,
2501549,Ted Worthington,,
2501550,Grzegorz Jakubowski,,
2501551,Will Elworthy,,
2501552,Mike Bell,,
2501553,Dave Pariseau,,
2501554,Dave Goulet,,
2501555,Stephane Laliberte,,
2501556,Matt McDonald,,
2501557,Mitsunori Tanimura,,
2501558,Hyung Kwang Kim,,
2501559,Young Ahm Noh,,
2501560,Anthony Ferguson,,
2501561,Paul Bowers,,
2501587,Eric Heinz,,
2501588,Kaleo Padilla,,
2501589,Ryuki Ueyama,,
2501590,Charles Diaz,,USA
2501591,John Alexander,,
2501592,Curtis Brigham,,
2501593,Jason Purcell,,
2501594,Tiki Ghosn,,
2501595,Scott Bills,,
2501596,Kurtis Jensen,,
2501597,Johnnie Holland,,
2501598,Roscoe Ostyn,,
2501601,Ken Parham,,
2501614,Hideo Tokoro,1977-08-22,Japan
2501615,Serkan Yilmaz,,
2501616,Chandet Sorpantrey,,
2501618,Fabiano Iha,,
2501619,Marcio Barbosa,,
2501620,Andre Pederneiras,,
2501621,Ricardo Botelho,,
2501622,Zvonko Jakovcevic,,
2501623,Ian James Schaffa,,
2501624,Yuji Fujita,,
2501625,Masahito Wachi,,
2501626,Yuzo Tateishi,,
2501627,Patrick Tapels,,
2501629,Hiroki Kotani,,
2501635,Walter McCall,,
2501637,Justin Wisniewski,,
2501638,Darrell Smith,1976-08-16,
2501639,Antonio McKee,1970-03-12,USA
2501640,James Dunn,,USA
2501641,Takumi Nakayama,,
2501642,Remigijus Morkevicius,,
2501647,Daisuke Nakamura,1980-06-10,Japan
2501655,Dustin Denes,,
2501656,Jim Desouza,,
2501657,Paul Ivens,,
2501658,Steve Martin,,
2501659,Duane Franzen,,
2501660,John Lowey,,
2501661,Ron Faircloth,,
2501662,Ahron Davis,,
2501663,Ray Casias,,
2501670,Ryan Jimmo,1981-11-27,
2501671,Jon Madsen,1980-02-12,USA
2501676,Chad Hinton,,
2501685,Chan Sung Jung,1987-03-17,Korea
2501702,Matt Mitrione,1978-07-15,USA
2501708,Chris Charnos,,
2501709,Bob Gilstrap,,
2501710,Juha Tuhkasaari,,
2501711,John Marsh,,
2501712,Gan McGee,,
2501716,Jimmy Ambriz,1977-03-20,
2501717,Rene Rooze,,
2501718,Edward Odquina,,
2501719,Bill Mahoney,,
2501720,Mike Large,,
2501721,Shawn Graham,,
2501722,Mark Hominick,1982-07-22,
2501723,Leigh Remedios,,
2501724,Renato Tavares,,
2501725,Taiyo Nakahara,,
2501726,Takeshi Yamazaki,,
2501777,Dan Bobish,,
2501778,Joey Smith,,
2501779,Allan Weickert,,
2501780,Jonathan Wiezorek,,
2501781,Matt Bear,,
2501782,Carlos Barreto,,
2501783,Curtis Crawford,,
2501784,Mike Priest,,
2501785,Mike Radnov,,
2501786,Mike Marshalleck,,
2501787,Steve Hutson,,
2501789,Bill Billington,,
2501790,Darren Block,,
2501791,Rob Schinkle,,
2501798,Stefan Gamlin,,
2501799,Mark Moreno,,
2501800,Egan Inoue,,
2501801,Sean Taylor,,
2501802,Mark Longworth,,
2501803,Jay Buck,,
2501804,Phil Ensminger,,
2501805,Tommy Laguwans,,
2501806,Tait Fletcher,,
2501807,John Seilhan,,
2501808,Isidro Gonzalez,,
2501809,Levi Thornbrue,,
2501810,Ted Stamatelos,,
2501814,Rory MacDonald,1989-07-22,Canada
2501816,Tim Stout,,
2501820,Akbarh Arreola,1983-01-14,Mexico
2501821,Max Marin,,
2501822,Luke Spencer,,
2501823,Mike Valdez,,
2501824,Frank Kirmse,,
2501825,Cedric Stewart,,
2501826,Ray Totorico,,
2501827,Brandon Bledsoe,,
2501831,Claudio Palma,,
2501832,Manoel Vicente,,
2501835,Pedro Otavio,,
2501836,Dario Amorim,,
2501837,Zaza Tkeshelashvili,,
2501838,Brad Kohler,,
2501839,Marco Vinicios,,
2501840,Fernando Cerchiari,,
2501841,Augusto Menezes Santos,,
2501842,Pierre Guillet,,
2501843,Jacob Zobnin,,
2501844,Tariel Bitsadze,,
2501901,Steve Schneider,,
2501922,Marcus Jones,,
2501926,Tyron Woodley,1982-04-07,USA
2501927,Sal Woods,,
2501928,Rudy Bears,1978-11-12,
2501938,Atte Backman,,
2501939,Daniel Tabera,1977-12-25,
2501941,Maurice Wilson,,
2501942,David Roberts,,
2501943,Mike Berardi,,
2501944,Erik Meaders,,
2501945,Kai Kamaka,,USA
2501946,Ryan Painter,,
2501947,Brad Gumm,,
2501948,Gary Aldar,,
2501949,Jerry Gummo,,
2501950,Romie Aram,,
2501951,Casey Balkenbush,,
2501952,Kiko Cassela,,
2501953,Demitrius Jefford,,
2501954,Cory Cass,,
2501955,Brian Dunn,,
2501958,Fabio Piamonte,,
2501959,Big Mo T,,
2501960,Karimula Barkalaev,,
2501961,Algirdas Darulis,,
2501972,Bas Jussen,,
2501973,Oleg Tsygolnik,,
2501975,Sergei Tunic,,
2501976,Pedro Palm,,
2501977,Vyacheslav Kiselev,,
2501978,Leon Dijk,,
2501979,Rob van Leeuwen,,
2501983,Pat Curran,1987-08-31,USA
2501984,Albert Basconcelles,,
2501985,Robert Villegas,,
2501989,Nathan Coy,1978-07-24,USA
2501990,Pat Bennett,,
2501991,Keith Plate,,
2501992,Jermaine Johnson,,
2501993,Fernando Munoz,,
2501994,Takahiro Oba,,
2501995,Alexei Veselovzorov,,
2501996,Jin Ho Yang,,
2501998,Ali Elias,,
2501999,Javier Buentello,,
2502000,Dan Gilbert,,
2502001,Jean Jacques Machado,,
2502002,Jason Medina,,
2502005,Junpei Hamada,,
2502006,Kobus Huisamen,,
2502007,Hyun Chul Cho,,
2502008,Hyung Jun Kim,,
2502009,Stephan Potvin,,
2502010,Keith Rockel,,
2502011,Chris Peak,,
2502012,Shane Biever,,
2502013,Minoru Suzuki,,
2502014,Lonnie Canida,,
2502015,Joe Slick,,
2502016,Jacen Flynn,,
2502017,Tom Bolger,,
2502018,Fadi Habib,,
2502019,Eric Harcrow,,
2502020,Mike Willus,,
2502021,Don Kaecher,,
2502022,Yohei Suzuki,,
2502023,Anthony Hamlett,,
2502024,Ryan Diaz,1979-02-06,
2502025,Richard Crunkilton,1979-11-25,
2502026,Tom Kirk,,
2502027,Eddie Yagin,1979-03-23,USA
2502028,Jon Weidler,,
2502029,Isaias Martinez,,
2502030,Warren Donley,,
2502031,Danny Payne,,
2502032,Edwin Allseitz,,
2502033,Jeremy Jiminez,,
2502034,Rick McCoy,,
2502035,Ben Earwood,,
2502036,Dymitrius Wilson,,
2502037,Aristides Britto,,
2502038,Scott Melia,,
2502039,Rick Thompson,,
2502041,Reza Madadi,1980-06-20,Iran
2502043,Kamal Shalorus,1972-08-27,Iran
2502044,Frank Gomez,1986-03-31,
2502045,Ricardo Mayorga,1973-10-03,
2502046,Rob Baer,,
2502047,Jason Bender,,
2502048,Don Banville,,
2502049,Tim Douglas,,
2502050,Ed Lutz,,
2502051,Rodney Brown,,
2502052,Tomas Velazquez,,
2502057,Kenichiro Togashi,1980-12-05,
2502058,Metin Yakut,,
2502059,Sami Hyyppa,,
2502060,Rafles la Rose,,
2502061,Olof Inger,,
2502062,Jani Lax,,
2502063,Marcus Peltonen,,
2502064,Alosio Barros,,
2502065,Peter Kaljevic,,
2502066,Santino Defranco,,
2502067,Angel Nievens,,
2502068,Rich Miller,,
2502069,Paul Purcell,,
2502070,Alex Kronofsky,,
2502071,Rod Ramirez,,
2502072,Jonathon Hargroder,,
2502073,Calvin Martin,,
2502093,Masaki Tuchhi,,
2502094,Will Bradford,,
2502113,David Lindemeyer,,
2502115,Tyrell McElroy,,
2502117,Anthony Zamora,,
2502125,Tommy Gouge,,
2502126,Nick Roscorla,,
2502128,Matt Lafromboise,,
2502129,Ben Konecnec,,
2502130,Kyle Olsen,,
2502132,Jack Burton,,
2502133,Dennis Stull,,
2502134,Lee Mein,1967-05-26,
2502135,Chris Thiel,,
2502136,Troy Hadley,,
2502137,Martin Desilets,,
2502138,Brian Schall,,
2502139,Tom Howard,,
2502140,Icho Larenas,,
2502141,Alex Andrade,,
2502142,Mariusz Pudzianowski,1977-02-07,Poland
2502143,Yusuke Kawaguchi,1980-08-14,
2502144,Marcin Najman,,
2502145,Jason Riley,,
2502146,Ray Mercer,,
2502147,Mike Block,,
2502148,Wesley Correira,1978-11-11,USA
2502149,Jeff Gerlick,,
2502150,Boyd Ballard,,
2502151,Matt Fremmbling,,
2502152,Gino De La Cruz,,
2502153,Ernest Henderson,,
2502154,Greg Wikan,,
2502155,Gabe Beauperthy,,
2502156,Randy Durant,,
2502169,Viacheslav Datsik,,
2502170,John Dixson,,
2502171,Michael Tielrooy,,
2502188,Jim York,,
2502189,Yoshihiro Nakao,,
2502191,Eric Pele,,
2502192,Georgy Kaysinov,,
2502193,Tadas Rimkevicius,,
2502194,Ruben Villareal,1970-01-05,
2502197,Rafael Carino,,
2502198,Marcus Tchinda,,
2502270,Allen Hernandez,,
2502271,Marshall Blevins,,
2502272,Cody Geertz,,
2502273,Todd Duffee,1985-12-06,USA
2502274,Josh Bennett,,
2502275,Mark Honneger,1988-08-07,
2502276,Mike Walbright,,
2502277,Mike Russow,1976-11-09,USA
2502278,Mitch Rosland,,
2502279,Gary Hicks,,
2502280,John Herrera,,
2502281,Brad Krane,,
2502282,Vince Fields,,
2502283,Tony Mendoza,,
2502284,Jerry Spiegel,,
2502285,Alex Jones,,
2502286,Rob Wince,,
2502287,Aaron Praschak,,
2502288,Erik Jenks,,
2502289,Ed Meyers,,
2502290,Brandon Quigley,,
2502291,Chris Harrison,,
2502292,Steve Conkel,,
2502293,Sergei Fedorov,,
2502294,Scott Harper,,
2502296,Steve Campbell,,
2502297,Braden Bice,,
2502314,Jim Morris,,
2502315,Wesley Felix,,
2502317,Ludovic Perez,,
2502318,Tarcio Santana,,
2502319,Charles Barbosa,,
2502321,Tommy Maguire,,
2502323,Marvin Arnold Bleau,,
2502324,Richard Griffin,,
2502325,Jack Mason,,England
2502358,Wayne Harnois,,
2502359,David George,,
2502361,Andrew Montanez,,
2502362,Brendan Hoxie,,
2502363,Justin Hammertrum,,
2502364,King Green,1986-09-09,USA
2502365,Frank Latina,,
2502367,Andre Gustavo,,
2502368,Maurice Igor,,
2502369,Gilson Ricardo,,
2502370,Capataz Capataz,,
2502371,Joao Assis,,
2502372,James Damien Stelly,,
2502380,Cody Shipp,,
2502381,Andrew Hoogeboom,,
2502382,Frank Carabello,,
2502384,Chris Barnes,1985-10-17,USA
2502387,Waylon Lowe,1981-10-31,USA
2502400,Andre Juskevicius,,
2502401,Josh Dempsey,,
2502402,Matt Frye,,
2502403,Mu Jin Na,,
2502404,Yasuhito Namekawa,,
2502405,Ryan Robinson,,
2502406,Jaime Fletcher,,
2502407,Brian Robinson,,
2502408,Josh Stamp,,
2502409,Tyrone Roberts,,
2502410,Neal Rowe,,
2502411,Arturo Segovia,,
2502412,Michael Gonzalez,,
2502413,Victor Moreno,1984-01-05,
2502414,Chris Camozzi,1986-11-20,USA
2502415,Bernard Rutherford,,
2502416,JR Schumacher,,
2502417,Shane DeZee,,
2502418,Dave Vitkay,,USA
2502419,Cleburn Walker,,
2502420,Marlon Sims,,
2502421,BJ Lacy,1979-12-28,USA
2502422,Alfred Escobedo,,
2502423,Mitch Whitesel,1981-07-12,USA
2502442,Jan Finney,,
2502443,Ron Sparks,1974-11-23,
2502444,Ross Pearson,1984-09-26,England
2502445,Steve Claveau,,
2502446,Michihiro Omigawa,1975-12-19,Japan
2502447,Andrew Chappelle,,
2502448,Maicon Alarcao,,
2502449,Cedric Marks,1974-07-15,
2502450,Nick Gilardi,,
2502451,Aaron Stregles,,
2502452,Jeremy Bennett,,
2502453,Colin O'Rourke,,
2502454,Joe Merit,,
2502455,CJ Fernandes,1977-11-13,
2502456,Billy Johnson,,
2502457,Rob Tallack,,
2502458,Tony Apponte,,
2502459,James Julian,,
2502460,Shane Garrett,,
2502461,Phil Stroffolino,,
2502462,Brian Boclair,,
2502463,Chris Mounce,,
2502464,Mario Roberto,,
2502465,Chris Malgieri,,
2502474,Nick Hinchliffe,,
2502475,Yoon Heo,,
2502476,Quinton Moreno,,
2502477,Jordan Mein,1989-10-10,Canada
2502478,Ken Tran,,
2502479,Terry Thiara,,
2502480,Dustin Akbari,,
2502481,Cleber Luciano,,
2502482,Talon Hoffman,,
2502483,Mark Daoust,,
2502484,Nassor Lewis,,
2502485,Gabriel Martinez,,
2502589,DaMarques Johnson,1982-06-28,
2502590,Igor Pokrajac,1979-01-02,Croatia
2502591,Brian Geraghty,,
2502592,Nick Agallar,,
2502593,Thomas Grissom,,
2502594,DJ Randall,,
2502595,Vern Johns,,
2502596,Greg Bossler,,
2502597,Joe Garza,,
2502599,Chester Post,,Canada
2502600,Andrew Buckland,,
2502601,Freddie Espiricueta,,
2502603,Chris Fontaine,,
2502604,Mario Miranda,1978-09-21,Brazil
2502609,Peter Sobotta,1987-01-11,Jamaica
2502681,Dan Hornbuckle,1980-12-26,
2502682,John Orr,,
2502708,Jesse Jones,,
2502709,Anis Abdelli,,
2502710,Shawn Tompkins,,
2502711,Jason St. Louis,,
2502712,Gerald Harris,1979-11-19,
2502713,Lorenzo Hood,1989-03-02,USA
2502714,Chad Vance,,USA
2502715,Tyson Jeffries,,USA
2502716,Mike Hayes,1980-10-16,
2502717,Jose Diaz,,
2502718,Joe Vedepo,1983-01-01,USA
2502719,Joshua Cross,,
2502720,Taurus Cabbab,,
2502721,Brent Weatherhill,,
2502722,Steve Storwick,,
2502961,Wagner Ribeiro,,
2503056,Charlie Brenneman,1981-02-09,
2503059,Stanislav Nedkov,1981-09-12,
2503487,Sergei Ussanov,,
2503516,Dae Won Kim,,
2503544,Eduardo Pamplona,1975-08-20,
2503545,Jeremy Brown,,
2503546,John Reed,,
2503547,Marco Macera,,
2503548,Saburo Kawakatsu,,
2503556,Danny Downes,1986-04-08,
2503581,Khamzat Vitaev,,
2503582,Glen Cordoza,,
2503606,Michael Martin,,
2503607,Eugene Pinault,,
2503656,Rafael Cavalcante,1981-01-11,Brazil
2503657,Diego Garijo,,
2503659,Rani Yahya,1984-09-12,Brazil
2503660,Danny Martinez,1985-06-14,USA
2503662,Junya Kudo,,
2503663,Maurice Eazel,,
2503664,Jason Georgianna,,
2503665,Rocky Del Monte,,USA
2503666,Carlos Lovio,,
2503667,Justin Smitley,,
2503668,Ramon Rodriguez,,
2503669,Brandon Shelton,,
2504046,Joey Beltran,1981-12-09,USA
2504047,Julio Paulino,,
2504057,Ricardeau Francois,,
2504058,Glenn Murdoch,,
2504059,Pascal Gosselin,,
2504081,Teila Tuli,,
2504082,Kevin Rosier,,
2504168,Darren Elkins,1984-05-16,USA
2504169,Charles Oliveira,1989-10-17,Brazil
2504170,Christian Morecraft,1986-09-08,
2504171,Anthony Pettis,1987-01-27,USA
2504172,Chad Mendes,1985-05-01,USA
2504173,Scott Jorgensen,1982-09-17,
2504174,Brad Pickett,1978-09-24,
2504175,Zachary Micklewright,,
2504176,Maciej Jewtuszko,1981-01-31,Poland
2504177,Dave Jansen,1979-08-21,
2504178,Ricardo Lamas,1982-05-21,USA
2504179,Bryan Caraway,1984-08-04,USA
2504227,Andre Winner,1981-11-09,England
2504229,Nik Lentz,1984-08-13,USA
2504230,John Salter,1985-03-21,USA
2504231,Amilcar Alves,1979-12-13,Brazil
2504239,Karl Amoussou,1985-11-21,France
2504242,Daiki Hata,1982-08-24,Japan
2504243,Young Sam Jung,,
2504244,Karlos Vemola,1985-07-01,Czechia
2504245,Daniel Roberts,1980-01-01,USA
2504246,David Branch,1981-09-26,USA
2504247,Ricardo Romero,1978-04-15,
2504254,Bobby Stack,,
2504255,Derrick Burnsed,,
2504257,Yancy Medeiros,1987-09-07,USA
2504258,Gareth Joseph,,
2504260,Bret Bergmark,,
2504261,Vagner Rocha,1982-06-06,Brazil
2504262,Chris Cope,1983-03-05,
2504263,Ron Keslar,1980-04-17,
2504550,Renan Barao,1987-01-31,Brazil
2504551,Anthony Leone,1987-05-27,USA
2504552,Chris Cariaso,1981-05-27,USA
2504554,Rafael Rebello,,
2504555,Diego Nunes,1982-11-30,Brazil
2504556,Erik Koch,1988-10-04,USA
2504557,Bendy Casimir,,
2504558,Will Kerr,,
2504560,Karen Darabedyan,1986-12-18,
2504561,Eddie Wineland,1984-06-26,USA
2504562,Will Campuzano,1986-05-27,USA
2504563,Yves Jabouin,1979-05-30,Canada
2504564,Shigeki Osawa,,
2504566,Kyung Ho Kang,1987-09-09,South Korea
2504567,Nick Denis,1983-10-11,Canada
2504568,Marlon Sandro,1977-03-08,
2504570,Tomonari Kanomata,,
2504574,Maximo Blanco,1983-10-16,Venezuela
2504576,Chang Hyun Kim,,
2504611,Dieusel Berto,,
2504612,Sam Adkins,,
2504613,Claude Patrick,1980-06-14,
2504614,Geza Kalman,,
2504615,Felix Lee Mitchell,,
2504616,Jesse Lennox,,
2504626,Rafaello Oliveira,1982-01-26,
2504632,James Te Huna,1981-09-29,New Zealand
2504633,Rolles Gracie,1978-07-14,Brazil
2504634,Conor Heun,1979-11-02,
2504635,Jeremy Umphries,,
2504636,RJ Clifford,,
2504637,Hugo Sandoval,,
2504638,Marcus Kowal,,
2504639,Court McGee,1984-12-12,USA
2504640,Kris McCray,1981-09-24,
2504641,Rich Attonito,1977-06-16,
2504642,Jamie Yager,1983-11-29,USA
2504643,Brad Tavares,1987-12-21,USA
2504644,Seth Baczynski,1981-10-26,USA
2504645,Josh Bryant,,
2504647,James Hammortree,,
2504648,Travis Browne,1982-07-17,USA
2504667,Rafael Natal,1982-12-25,Brazil
2504669,Sean McCorkle,1976-09-15,
2504679,Rick Reeves,,
2504680,Joao Silva,,
2504681,Erin Beach,,
2504806,Masanori Kanehara,1982-11-18,Japan
2504807,Adrian Wooley,,
2504808,Randy Spence,,
2504809,Steve Bosse,1981-07-29,Canada
2504810,Mychal Clark,,
2504811,Aaron Miller,,
2504812,John Fraser,,
2504813,Thierry Quenneville,,
2504814,Antonio Carvalho,1979-05-30,
2504815,Juan Barrantes,,
2504816,Ryan Machan,,
2504817,Roy Boughton,1992-05-26,USA
2504818,Misha Cirkunov,1987-02-27,Canada
2504819,Bruno Hosier,,
2504820,John Macphearson,,
2504821,Josh Hill,1986-11-24,Canada
2504822,Brent Franczuz,,
2504823,Demetrios Arvanitopoulos,,
2504824,Jay Alexander,,
2504826,Tyler Stinson,1986-01-17,
2504827,Lisa Ward,,
2504828,Stephanie Frausto,1990-09-20,USA
2504829,Jose Vega,,
2504830,Jarrod Card,,
2504831,Raphael Davis,1976-09-01,
2504832,Demetrius Richards,,
2504833,Jared Downing,,
2504834,Chad Vandenberg,,
2504926,Soa Palelei,1977-12-07,Australia
2504927,Jeremy May,1986-10-23,USA
2504928,Peter Graham,1975-08-05,Australia
2504929,Glover Teixeira,1979-10-28,Brazil
2504930,Marko Peselj,,
2504931,Richie Vaculik,1983-06-19,Australia
2504932,Glenn Taylor-Smith,,
2504933,Manuel Rodriguez,1985-04-25,Australia
2504934,Shane Nix,,
2504935,Ralek Gracie,1985-10-04,
2504936,Federico Lopez,,
2504937,Akiyo Nishiura,1983-08-08,Japan
2504938,Kenji Osawa,,
2504939,Imani Lee,,
2504941,Josh Barnes,,
2504942,Mike Campbell,,
2504943,Roxanne Modafferi,1982-09-24,USA
2504944,Tara LaRosa,1978-01-08,
2504945,Lukasz Jurkowski,1981-03-08,
2504946,Ho Jin Kim,,
2504947,Ralph Johnson,1986-06-27,USA
2504948,Brett Oteri,1977-06-18,
2504949,Anthony Lapsley,1980-02-13,USA
2504950,Frederic Belleton,,
2504951,Stipe Miocic,1982-08-19,USA
2504952,Paul Barry,,
2504954,Kevin Casey,1981-06-15,USA
2504955,Roger Bowling,1982-12-05,USA
2504956,Bobby Voelker,1979-04-26,USA
2504957,Tarec Saffiedine,1986-09-06,Belgium
2504958,Nate Moore,,
2504959,Bryan Travers,,
2504960,Pro Escobedo,,
2504961,Jason Sharp,,
2504963,Blaine Macintosh,,
2504964,Ben Morgan,,
2504965,David Lloyd,,
2504966,Jay Shaffer,,
2504967,Patrick Wittington,,
2504969,Hamza Salim,,USA
2504970,Lee Flores,,
2504971,Emanuel Newton,1984-01-02,
2504972,Dwayne Lewis,,
2504973,Gavin Neil,,
2504974,Richie Hightower,,
2504975,Ryan Fortin,,
2504976,Chad Freeman,,
2504977,Mike Froese,,
2504978,Keto Allen,,
2504979,Aaron Berke,,
2504980,Jevon Marshall,,
2504981,Garret Nybakken,,
2504982,Roger Gracie,1981-09-26,Brazil
2504983,Jesse Finney,,
2504984,Justin DeMoney,1985-07-01,USA
2504985,Lyle Beerbohm,1979-02-05,
2504986,Darryl Cobb,,
2504987,Booker DeRousse,,
2504988,Michael Chandler,1986-04-24,USA
2504989,Francisco France,1983-01-21,
2504990,Lee Brousseau,,
