canonicalOrg,tier,graduates,meanEloGain,shrunkEloGain,relFactor,ciLo,ciHi
WC,tier4,2,92.3,10.8,1.0660,1.0430,1.0873
MMA Series,tier4,2,75.2,8.8,1.0545,1.0533,1.0556
Ares,tier4,5,34.4,8.6,1.0530,0.9995,1.1038
GFC,tier4,4,39.4,8.3,1.0512,1.0021,1.0945
ACB,tier4,7,25.5,8.1,1.0502,1.0034,1.0975
WFCA,tier4,4,38.1,8.0,1.0497,1.0045,1.0988
Spartacus MMA,tier4,3,48.1,8.0,1.0496,1.0151,1.0812
M-1,tier3,28,12.0,7.8,1.0486,0.9920,1.1017
LFL,tier4,2,60.7,7.1,1.0444,1.0415,1.0472
100% Fight,tier4,2,58.6,6.9,1.0429,1.0282,1.0571
Road FC,tier4,5,27.2,6.8,1.0424,1.0175,1.0635
ProFC,tier4,4,32.1,6.7,1.0422,0.9892,1.1136
SFH,tier4,3,39.3,6.5,1.0409,0.9938,1.0836
K-1,tier4,5,23.3,5.8,1.0364,1.0095,1.0628
SFT,tier4,3,34.3,5.7,1.0357,1.0046,1.0651
Brave CF,tier3,18,9.9,5.4,1.0338,0.9520,1.1076
UWC Mexico,tier4,6,18.1,5.1,1.0324,0.9917,1.0745
EMMA,tier4,3,30.6,5.1,1.0320,0.9755,1.0837
HFS,tier4,10,12.7,5.0,1.0319,0.9885,1.0694
Cage Warriors,tier3,56,5.9,4.7,1.0295,0.9953,1.0693
SC1,tier4,2,39.7,4.6,1.0293,0.9872,1.0690
XMMA,tier4,3,27.8,4.6,1.0291,0.9825,1.0728
UCC,tier4,4,21.4,4.5,1.0283,0.9969,1.0593
ROC,tier4,33,6.5,4.4,1.0281,0.9858,1.0704
Jungle Fight,tier3,51,5.6,4.3,1.0273,0.9880,1.0683
CFC,tier4,10,10.6,4.2,1.0266,0.9897,1.0685
PFC,tier4,13,9.1,4.2,1.0266,0.9965,1.0591
Shamrock FC,tier4,2,36.0,4.2,1.0266,1.0152,1.0378
FCC,tier4,3,24.7,4.1,1.0259,0.9811,1.0682
KSW,tier3,11,9.6,4.1,1.0258,0.9723,1.0874
CCCW,tier4,3,24.4,4.0,1.0256,0.9963,1.0539
Future MMA,tier4,2,33.2,3.9,1.0246,0.9661,1.0791
PFL,tier2_5,36,5.4,3.8,1.0241,0.9828,1.0635
Kunlun Fight,tier4,5,14.4,3.6,1.0228,0.9787,1.0650
OFC,tier4,3,21.2,3.5,1.0223,0.9929,1.0763
Combate Global,tier4,4,16.6,3.5,1.0220,0.9974,1.0506
Oktagon MMA,tier4,5,13.7,3.4,1.0215,0.9725,1.0710
LUX,tier4,7,10.7,3.4,1.0214,0.9546,1.0837
FAC,tier4,2,28.3,3.3,1.0210,1.0062,1.0356
Thunder Fight,tier4,4,15.7,3.3,1.0208,0.9676,1.0712
LFA,tier3,112,3.7,3.2,1.0206,0.9865,1.0559
WOW,tier4,2,26.5,3.1,1.0196,1.0128,1.0264
HRMMA,tier4,2,26.1,3.0,1.0194,0.9682,1.0681
Fight Nights,tier4,5,12.1,3.0,1.0191,1.0008,1.0345
UAE Warriors,tier4,6,10.1,2.9,1.0183,0.9492,1.0832
300 Sparta,tier4,3,16.4,2.7,1.0173,0.9870,1.0468
Dream,tier4,9,7.0,2.6,1.0165,0.9823,1.0520
RCC,tier4,2,22.2,2.6,1.0165,0.9732,1.0582
Combat USA,tier4,2,20.9,2.4,1.0155,0.9928,1.0379
BAMMA,tier4,11,5.8,2.4,1.0155,0.9850,1.0499
C3 Fights,tier4,2,20.8,2.4,1.0155,1.0107,1.0202
Adventure Fighters Tournament,tier4,2,20.7,2.4,1.0154,0.9804,1.0494
FCR,tier4,2,19.9,2.3,1.0148,1.0105,1.0190
GFS,tier4,2,19.5,2.3,1.0145,0.9963,1.0325
CFS,tier4,2,19.0,2.2,1.0141,0.9856,1.0420
RIZIN,tier2_5,11,5.2,2.2,1.0140,0.9615,1.0823
WEF,tier4,4,10.4,2.1,1.0138,1.0010,1.0271
United Glory,tier4,2,17.4,2.0,1.0130,1.0129,1.0130
EBD,tier4,2,17.2,2.0,1.0128,0.9808,1.0442
Inka,tier4,4,9.4,1.9,1.0125,0.9816,1.0395
LXF,tier4,2,16.7,1.9,1.0125,0.9911,1.0335
Fight Time,tier4,3,11.8,1.9,1.0124,0.9915,1.0331
GKO,tier4,7,5.8,1.8,1.0118,0.9598,1.0658
X-1,tier4,4,8.3,1.7,1.0111,0.9818,1.0651
Ringside MMA,tier4,4,7.9,1.6,1.0105,0.9961,1.0254
MMA Xtreme,tier4,2,13.9,1.6,1.0103,0.9873,1.0330
WVC,tier4,3,9.4,1.5,1.0099,1.0076,1.0121
Dakota FC,tier4,2,13.2,1.5,1.0098,0.9888,1.0306
KOP,tier4,2,12.6,1.4,1.0094,0.9889,1.0296
Bodog Fight,tier4,5,5.8,1.4,1.0093,0.9814,1.0587
WFF,tier4,2,12.1,1.4,1.0090,0.9848,1.0329
CC,tier4,5,5.6,1.4,1.0088,0.9801,1.0379
United Fight League,tier4,2,11.3,1.3,1.0084,0.9820,1.0346
NLFC,tier4,3,7.7,1.2,1.0082,0.9540,1.0612
UCMMA,tier4,8,3.4,1.1,1.0075,0.9910,1.0260
Anthony Pettis FC,tier4,2,10.1,1.1,1.0075,0.9879,1.0270
UFL,tier4,2,9.8,1.1,1.0073,0.9912,1.0233
MD,tier4,3,6.8,1.1,1.0072,0.9944,1.0199
Challenge MMA,tier4,2,9.4,1.1,1.0070,1.0059,1.0081
ISCF,tier4,4,4.9,1.0,1.0066,1.0014,1.0134
ExciteFight,tier4,3,6.1,1.0,1.0064,0.9806,1.0500
MF,tier4,7,3.0,0.9,1.0062,0.9916,1.0198
IFC WC,tier4,7,2.8,0.9,1.0058,0.9948,1.0201
SHC,tier4,2,7.5,0.8,1.0056,0.9933,1.0179
MMA Attack,tier4,2,6.9,0.8,1.0052,0.9937,1.0166
USA MMA,tier4,4,3.8,0.8,1.0051,0.9689,1.0573
Pinnacle FC,tier4,2,6.8,0.8,1.0051,0.9910,1.0191
SFS,tier4,6,2.7,0.7,1.0050,0.9705,1.0343
OMMAC,tier4,2,6.0,0.7,1.0045,1.0012,1.0077
EC,tier4,31,1.0,0.6,1.0042,0.9899,1.0187
RSF,tier4,4,3.1,0.6,1.0042,0.9952,1.0172
Euphoria,tier4,3,3.8,0.6,1.0041,0.9967,1.0115
King of the Cage,tier3,73,0.7,0.6,1.0041,0.9821,1.0278
CZ,tier4,3,3.8,0.6,1.0040,0.9961,1.0120
SB,tier4,16,1.1,0.5,1.0036,0.9837,1.0248
CCFC,tier4,2,4.8,0.5,1.0036,1.0001,1.0071
CG,tier4,3,3.4,0.5,1.0036,0.9969,1.0102
Cageside Promotions / KCFA,tier4,2,4.6,0.5,1.0035,0.9807,1.0262
Rings,tier4,6,1.8,0.5,1.0034,0.9985,1.0085
XKO,tier4,4,2.2,0.4,1.0030,0.9714,1.0328
PLMMA,tier4,2,3.5,0.4,1.0026,0.9961,1.0091
Heat,tier4,2,3.0,0.3,1.0022,1.0000,1.0044
UWC,tier4,5,1.3,0.3,1.0021,0.9824,1.0254
IVC,tier4,2,2.1,0.2,1.0016,0.9979,1.0053
BRI,tier4,4,0.9,0.2,1.0013,0.9963,1.0068
Invicta FC,tier2_5,61,0.2,0.1,1.0011,0.9621,1.0434
WFL,tier4,2,1.4,0.1,1.0010,0.9802,1.0218
Eternal MMA,tier4,8,0.3,0.1,1.0008,0.9473,1.0561
MB,tier4,2,0.1,-0.0,1.0001,0.9969,1.0033
iFF,tier4,2,0.0,-0.0,1.0001,0.9845,1.0156
TKO,tier4,12,-0.1,-0.1,0.9999,0.9598,1.0446
Shooto,tier3,60,-0.1,-0.1,0.9997,0.9677,1.0333
GCM,tier4,2,-0.5,-0.1,0.9997,0.9970,1.0023
UVF,tier4,4,-0.4,-0.1,0.9996,0.9974,1.0019
Fight Party,tier4,2,-0.7,-0.1,0.9995,0.9874,1.0117
UCS,tier4,2,-0.7,-0.1,0.9995,0.9961,1.0029
Imortal FC,tier4,2,-0.7,-0.1,0.9995,0.9930,1.0059
RW,tier4,2,-0.9,-0.1,0.9994,0.9910,1.0077
Legend FC,tier4,2,-0.9,-0.2,0.9993,0.9853,1.0134
CS,tier4,2,-1.1,-0.2,0.9993,0.9742,1.0244
NLE,tier4,2,-1.2,-0.2,0.9992,0.9928,1.0055
Moon Management,tier4,2,-1.2,-0.2,0.9991,0.9923,1.0060
NFC,tier4,6,-0.6,-0.2,0.9990,0.9682,1.0370
EF,tier4,3,-1.1,-0.2,0.9989,0.9981,0.9996
Mainstream MMA,tier4,2,-2.5,-0.3,0.9981,0.9921,1.0041
HFP,tier4,2,-3.0,-0.4,0.9978,0.9952,1.0004
W-1 MMA,tier4,4,-1.7,-0.4,0.9978,0.9878,1.0081
Wreck MMA,tier4,2,-3.1,-0.4,0.9977,0.9959,0.9996
FEN,tier4,2,-3.2,-0.4,0.9977,0.9800,1.0154
ECC,tier4,3,-2.3,-0.4,0.9977,0.9946,1.0007
ROTR,tier4,6,-1.4,-0.4,0.9976,0.9826,1.0149
TFC,tier4,8,-1.2,-0.4,0.9975,0.9738,1.0228
BC,tier4,5,-1.7,-0.5,0.9973,0.9855,1.0099
VATV,tier4,3,-2.6,-0.5,0.9973,0.9925,1.0020
UGC,tier4,2,-4.5,-0.6,0.9967,0.9912,1.0022
Spirit MC,tier4,2,-4.6,-0.6,0.9966,0.9954,0.9979
The Zone FC,tier4,2,-4.7,-0.6,0.9965,0.9892,1.0039
AOW,tier4,3,-3.4,-0.6,0.9964,0.9930,0.9999
AFC,tier4,28,-0.9,-0.6,0.9964,0.9585,1.0377
BFL,tier4,7,-2.1,-0.7,0.9959,0.9683,1.0187
RF,tier4,3,-4.0,-0.7,0.9958,0.9868,1.0049
HOOKnSHOOT,tier4,8,-2.0,-0.7,0.9957,0.9874,1.0038
UW,tier4,2,-5.9,-0.7,0.9956,0.9940,0.9973
Reality Fighting,tier4,2,-6.5,-0.8,0.9952,0.9912,0.9993
IRFA,tier4,3,-4.6,-0.8,0.9952,0.9647,1.0260
ROF,tier4,9,-2.1,-0.8,0.9952,0.9771,1.0154
IFL,tier4,15,-1.6,-0.8,0.9951,0.9820,1.0083
Babilon MMA,tier4,2,-6.8,-0.8,0.9949,0.9438,1.0468
UA,tier4,3,-5.3,-0.9,0.9944,0.9920,0.9969
ShoXC,tier4,2,-7.6,-0.9,0.9944,0.9857,1.0031
Titan FC,tier3,23,-1.5,-0.9,0.9943,0.9554,1.0389
Meca,tier4,2,-7.8,-1.0,0.9942,0.9920,0.9965
GC,tier4,9,-2.5,-1.0,0.9942,0.9774,1.0155
UF,tier4,2,-8.2,-1.0,0.9939,0.9921,0.9957
SRC,tier4,3,-6.0,-1.0,0.9937,0.9823,1.0052
WFA,tier4,3,-6.2,-1.1,0.9935,0.9867,1.0004
Bitetti Combat,tier4,2,-9.0,-1.1,0.9933,0.9923,0.9944
AFS,tier4,2,-9.1,-1.1,0.9933,0.9897,0.9969
Brutaal Fight Night,tier4,2,-9.2,-1.1,0.9932,0.9893,0.9971
XFL,tier4,8,-3.2,-1.1,0.9931,0.9759,1.0133
Bellator,tier2_5,36,-1.6,-1.2,0.9929,0.9574,1.0297
CF,tier4,2,-9.7,-1.2,0.9928,0.9896,0.9960
MCC,tier4,4,-5.6,-1.2,0.9926,0.9789,1.0148
CXF,tier4,4,-5.7,-1.2,0.9925,0.9628,1.0292
WLF,tier4,11,-2.9,-1.3,0.9923,0.9427,1.0425
BFC,tier4,13,-2.7,-1.3,0.9922,0.9708,1.0145
BFW,tier4,2,-11.3,-1.4,0.9916,0.9887,0.9946
FFP,tier4,3,-8.0,-1.4,0.9916,0.9775,1.0059
FF,tier4,2,-11.5,-1.4,0.9915,0.9903,0.9927
IFC,tier4,10,-3.4,-1.4,0.9914,0.9738,1.0117
Future FC,tier4,3,-8.3,-1.4,0.9914,0.9795,1.0032
Cage Rage,tier4,10,-3.5,-1.4,0.9912,0.9735,1.0101
XFO,tier4,5,-5.7,-1.5,0.9911,0.9731,1.0148
Pancrase,tier3,32,-2.2,-1.5,0.9909,0.9692,1.0153
SF,tier4,17,-2.8,-1.5,0.9907,0.9650,1.0186
WOCS,tier4,7,-4.7,-1.5,0.9907,0.9720,1.0081
MMAX,tier4,2,-12.7,-1.5,0.9906,0.9890,0.9921
COTC,tier4,4,-7.3,-1.6,0.9904,0.9725,1.0164
SCL,tier4,2,-13.4,-1.6,0.9901,0.9878,0.9924
JMMAS,tier4,4,-7.5,-1.6,0.9901,0.9857,0.9957
RUFF,tier4,2,-13.5,-1.6,0.9900,0.9806,0.9995
RXF,tier4,4,-7.8,-1.7,0.9898,0.9598,1.0202
TC,tier4,9,-4.4,-1.7,0.9897,0.9715,1.0083
Xplode Fight Series,tier4,2,-13.9,-1.7,0.9897,0.9875,0.9919
NCF,tier4,5,-6.6,-1.7,0.9896,0.9777,1.0034
FTW,tier4,3,-10.4,-1.8,0.9891,0.9836,0.9947
EliteXC,tier4,5,-7.0,-1.8,0.9890,0.9783,1.0011
WBFN,tier4,6,-6.2,-1.8,0.9889,0.9795,0.9984
Showdown Fights,tier4,5,-7.2,-1.8,0.9887,0.9763,1.0017
SWC,tier4,2,-16.2,-1.9,0.9880,0.9848,0.9912
WFC,tier4,5,-7.8,-2.0,0.9878,0.9732,1.0025
Fury FC,tier4,29,-3.0,-2.0,0.9876,0.9385,1.0313
AFL,tier4,3,-12.1,-2.1,0.9873,0.9773,0.9974
Nitro MMA,tier4,4,-9.7,-2.1,0.9872,0.9736,1.0023
XK,tier4,3,-12.3,-2.1,0.9871,0.9837,0.9906
RITC,tier4,17,-3.9,-2.1,0.9870,0.9620,1.0182
WWFC,tier4,7,-6.6,-2.1,0.9869,0.9418,1.0336
XFCI,tier4,3,-12.7,-2.2,0.9867,0.9790,0.9944
KOK,tier4,2,-18.1,-2.2,0.9866,0.9824,0.9909
RFC,tier4,6,-7.5,-2.2,0.9866,0.9760,0.9962
VFC,tier4,9,-5.8,-2.2,0.9864,0.9585,1.0215
Iron Tiger Fight Series / Alliance MMA,tier4,2,-18.9,-2.3,0.9860,0.9812,0.9908
NAAFS,tier4,8,-6.5,-2.3,0.9859,0.9631,1.0180
Zst,tier4,2,-19.4,-2.3,0.9856,0.9729,0.9985
Instinct MMA,tier4,2,-19.5,-2.3,0.9856,0.9842,0.9869
LOF,tier4,6,-8.3,-2.4,0.9851,0.9770,0.9929
FCF,tier4,4,-11.4,-2.4,0.9849,0.9749,0.9961
JNI Promotions,tier4,2,-21.3,-2.5,0.9842,0.9835,0.9850
CWM MMA,tier4,3,-16.4,-2.8,0.9829,0.9710,0.9994
Gladiator Challenge,tier4,8,-8.0,-2.8,0.9825,0.9593,1.0073
PF,tier4,2,-23.7,-2.8,0.9825,0.9810,0.9839
FCOC,tier4,2,-24.0,-2.9,0.9823,0.9627,1.0022
MFS,tier4,2,-24.5,-2.9,0.9819,0.9817,0.9821
LFC,tier4,31,-4.3,-2.9,0.9819,0.9532,1.0126
FFC,tier4,16,-6.1,-3.2,0.9802,0.9290,1.0509
EFC Africa,tier4,2,-27.3,-3.3,0.9798,0.9788,0.9808
GCF,tier4,3,-19.7,-3.3,0.9794,0.9717,0.9871
Superior Challenge,tier4,6,-11.6,-3.3,0.9793,0.9667,0.9915
Deep,tier3,14,-7.1,-3.4,0.9787,0.9528,1.0102
Sengoku,tier4,8,-10.0,-3.5,0.9782,0.9643,0.9914
Octagon Promotion,tier4,2,-29.7,-3.5,0.9781,0.9720,0.9842
MFN,tier4,2,-33.3,-4.0,0.9754,0.9729,0.9779
PC,tier4,2,-33.9,-4.0,0.9750,0.9659,0.9842
GMC,tier4,2,-34.4,-4.1,0.9746,0.9635,0.9859
SFL,tier4,3,-24.4,-4.1,0.9745,0.9488,1.0011
TPF,tier4,14,-8.5,-4.1,0.9745,0.9557,0.9944
Square Ring Promotions,tier4,9,-10.9,-4.1,0.9744,0.9423,1.0181
CFA,tier4,7,-13.1,-4.2,0.9739,0.9577,0.9978
Combat Zone,tier4,2,-35.5,-4.2,0.9738,0.9690,0.9786
LFN,tier4,2,-35.6,-4.2,0.9737,0.9673,0.9802
BAMMA USA,tier4,5,-17.0,-4.3,0.9735,0.9636,0.9834
MFC,tier4,18,-7.8,-4.3,0.9733,0.9466,1.0013
SBC,tier4,3,-25.7,-4.3,0.9732,0.9679,0.9785
SFC,tier4,7,-13.5,-4.3,0.9732,0.9581,0.9881
HFC,tier4,3,-25.8,-4.3,0.9731,0.9627,0.9837
XFC,tier4,8,-13.6,-4.7,0.9706,0.9501,0.9895
Cage,tier4,6,-16.8,-4.8,0.9700,0.9550,0.9859
Combate,tier4,2,-41.3,-4.9,0.9696,0.9594,0.9799
RFA,tier4,19,-8.9,-5.0,0.9691,0.9417,1.0016
Venator FC,tier4,4,-23.8,-5.0,0.9687,0.9504,0.9835
CFFC,tier3,38,-7.5,-5.4,0.9667,0.9383,0.9956
TWC,tier4,5,-21.5,-5.4,0.9664,0.9446,0.9880
Fight Time Promotions,tier4,4,-26.2,-5.6,0.9655,0.9541,0.9772
URCC,tier4,4,-27.1,-5.7,0.9644,0.9470,0.9768
FNG,tier4,6,-20.4,-5.9,0.9637,0.9394,0.9942
Combate Americas,tier4,8,-17.9,-6.3,0.9612,0.9301,1.0049
Cage Titans FC,tier4,6,-22.1,-6.3,0.9607,0.9353,0.9888
EFC,tier4,12,-14.3,-6.4,0.9607,0.9226,0.9986
Top FC,tier4,4,-30.2,-6.4,0.9605,0.9489,0.9713
PXC,tier4,12,-15.9,-7.1,0.9562,0.9396,0.9736
CN,tier4,6,-28.5,-8.2,0.9499,0.9362,0.9631
ONE Championship,tier2_5,9,-23.1,-8.7,0.9467,0.9008,1.0006
WXC,tier4,5,-37.1,-9.3,0.9431,0.9371,0.9496
CES MMA,tier4,19,-18.6,-10.4,0.9367,0.9090,0.9715
