fighter1_ourId,fighter1_name,fighter2_ourId,fighter2_name,date,result1,result2,method,round,weightClass,eventName,source,kd1,kd2,str1,str2,td1,td2,sub1,sub2
fe8d8a8c3b0afe3e,Max Holloway,3437154cd3a90944,Conor McGregor,2026-07-11,W,L,KO/TKO,1,Welterweight,UFC 329: McGregor vs. Holloway 2,ufcstats,0,0,12,0,0,0,0,0
3495d04b5c109550,Paddy Pimblett,baf62b0c8795f506,Benoit Saint Denis,2026-07-11,W,L,SUB,1,Lightweight,UFC 329: McGregor vs. Holloway 2,ufcstats,0,0,4,1,0,0,1,0
fb2821134f28cffd,Mario Bautista,bf88971d31a1367b,Cory Sandhagen,2026-07-11,W,L,U-DEC,3,Bantamweight,UFC 329: McGregor vs. Holloway 2,ufcstats,1,0,114,89,8,1,3,0
22c9882008036ba4,Brandon Royval,10a96d52c89b5469,Lone'er Kavanagh,2026-07-11,W,L,SUB,3,Flyweight,UFC 329: McGregor vs. Holloway 2,ufcstats,0,1,84,56,3,1,2,1
70838bdc207b5308,King Green,d75d3c014f3a0d70,Terrance McKinney,2026-07-11,W,L,KO/TKO,1,Lightweight,UFC 329: McGregor vs. Holloway 2,ufcstats,1,0,43,45,0,1,0,0
40531c8f39f016fe,Robert Whittaker,9dd8a4f62f227cb4,Nikita Krylov,2026-07-11,W,L,KO/TKO,3,Light Heavyweight,UFC 329: McGregor vs. Holloway 2,ufcstats,0,0,54,51,0,3,0,0
us:f7e856a73c96048e,Gable Steveson,5ffade352e5b635f,Elisha Ellison,2026-07-11,W,L,KO/TKO,1,Heavyweight,UFC 329: McGregor vs. Holloway 2,ufcstats,1,0,41,13,0,0,0,0
f11750d4f48eb942,Adrian Yanez,2dcc031de9b13dcc,Cody Garbrandt,2026-07-11,W,L,KO/TKO,1,Bantamweight,UFC 329: McGregor vs. Holloway 2,ufcstats,1,0,16,13,0,0,0,0
2c5a8031b203a4e5,Luke Riley,us:eee0ef3e2b14816b,Kai Kamaka III,2026-07-11,W,L,KO/TKO,1,Featherweight,UFC 329: McGregor vs. Holloway 2,ufcstats,1,0,43,23,0,0,0,0
58cfe90363989b8f,Wang Cong,f23f5caaf463e283,Tracy Cortez,2026-07-11,W,L,U-DEC,3,Women's Flyweight,UFC 329: McGregor vs. Holloway 2,ufcstats,0,0,137,72,0,1,0,0
c212ca8a9b232259,Damian Pinas,600dc8df28333450,Cesar Almeida,2026-07-11,W,L,KO/TKO,1,Middleweight,UFC 329: McGregor vs. Holloway 2,ufcstats,1,0,25,37,0,1,0,0
6268180e745a1e23,Farid Basharat,us:a54b961a1f8be1d5,John Garza,2026-07-11,W,L,U-DEC,3,Bantamweight,UFC 329: McGregor vs. Holloway 2,ufcstats,0,0,86,82,5,0,0,0
85a165c98f003923,Ryan Gandra,3278a31624e0082e,Zach Reese,2026-07-11,W,L,KO/TKO,1,Middleweight,UFC 329: McGregor vs. Holloway 2,ufcstats,1,0,10,5,0,0,0,0
14a2fa2dd23e71d3,Alessandro Costa,a242f92577351a3c,Cody Durden,2026-07-11,W,L,SUB,2,Flyweight,UFC 329: McGregor vs. Holloway 2,ufcstats,0,0,21,28,0,0,2,0
4e08ff215f9a5fc0,Rafael Fiziev,aef0ff28e0e41917,Manuel Torres,2026-06-27,W,L,KO/TKO,2,Lightweight,UFC Fight Night: Fiziev vs. Torres,ufcstats,1,0,25,22,2,0,0,0
0d9f2d60c2483ea0,Shara Magomedov,b2d0ed4e270b49dc,Michel Pereira,2026-06-27,W,L,U-DEC,3,Middleweight,UFC Fight Night: Fiziev vs. Torres,ufcstats,0,1,52,35,0,0,0,0
1ec908c218b0c556,Matheus Camilo,f0427fab32e0994a,Nazim Sadykhov,2026-06-27,W,L,KO/TKO,1,Lightweight,UFC Fight Night: Fiziev vs. Torres,ufcstats,1,0,4,0,0,0,0,0
31bcb5ce3debb8df,Asu Almabayev,6b565d153901a9e1,Charles Johnson,2026-06-27,W,L,SUB,3,Flyweight,UFC Fight Night: Fiziev vs. Torres,ufcstats,0,0,28,21,6,0,1,1
331d3f58e32980ad,Ikram Aliskerov,b4fb66059bd82743,Brunno Ferreira,2026-06-27,W,L,U-DEC,3,Middleweight,UFC Fight Night: Fiziev vs. Torres,ufcstats,0,0,47,19,5,0,1,0
1be0a07a75aba8b6,Abus Magomedov,baf392e288389603,Michal Oleksiejczuk,2026-06-27,W,L,SUB,1,Middleweight,UFC Fight Night: Fiziev vs. Torres,ufcstats,1,0,10,5,0,0,1,0
us:c88f8a9c1ea7165d,Farman Hasanov,9c88a670ebba5427,Eric Nolan,2026-06-27,W,L,U-DEC,3,Welterweight,UFC Fight Night: Fiziev vs. Torres,ufcstats,0,0,21,15,17,0,0,0
8d4cda2a290cc491,Abdul Rakhman Yakhyaev,98007087a1199703,Julius Walker,2026-06-27,W,L,KO/TKO,1,Light Heavyweight,UFC Fight Night: Fiziev vs. Torres,ufcstats,1,0,6,0,0,0,0,0
37962e622840843a,Nursulton Ruziboev,634eda97df9caa0e,Andrey Pulyaev,2026-06-27,W,L,SUB,1,Middleweight,UFC Fight Night: Fiziev vs. Torres,ufcstats,0,0,1,2,2,0,1,0
b62e595027ceacad,Kaan Ofli,0dc9571266788e7c,Javier Reyes,2026-06-27,W,L,SUB,1,Featherweight,UFC Fight Night: Fiziev vs. Torres,ufcstats,1,0,17,7,0,0,1,0
1dbb544d1b5ac196,Daniil Donchenko,us:feef5f8f5629e5e7,Theodor Berggren,2026-06-27,W,L,KO/TKO,2,Welterweight,UFC Fight Night: Fiziev vs. Torres,ufcstats,2,0,71,23,0,0,0,0
99142b6b0a8bdbba,Jean Matsumoto,d29f0772d1082463,Bekzat Almakhan,2026-06-27,W,L,U-DEC,3,Bantamweight,UFC Fight Night: Fiziev vs. Torres,ufcstats,0,1,79,69,2,0,0,0
us:e047d3b541afd4a7,Tahir Abdullayev,us:4b85abc5abbe657c,Jefferson Nascimento,2026-06-27,W,L,KO/TKO,3,Welterweight,UFC Fight Night: Fiziev vs. Torres,ufcstats,0,0,37,35,2,0,0,0
1dbb544d1b5ac196,Daniil Donchenko,sd:Theodor-Berggren-347365,Theodor Berggren,2026-06-27,W,L,KO/TKO,2,Welterweight,UFC Fight Night 280 - Fiziev vs. Torres,sherdog,,,,,,,,
b62e595027ceacad,Kaan Ofli,sd:Javier-Reyes-182691,Javier Reyes,2026-06-27,W,L,SUB,1,Featherweight,UFC Fight Night 280 - Fiziev vs. Torres,sherdog,,,,,,,,
0b43bf0acbd22ca3,Navajo Stirling,4b69b3ef64951c28,Ion Cutelaba,2026-06-20,W,L,KO/TKO,2,Light Heavyweight,UFC Fight Night 279 - Kape vs. Horiguchi 2,sherdog,,,,,,,,
37965f5e8d73ed22,Andre Fili,aad8e24798f0a89f,Vinicius Oliveira,2026-06-20,L,W,KO/TKO,2,Featherweight,UFC Fight Night 279 - Kape vs. Horiguchi 2,sherdog,,,,,,,,
c9689833e730c077,Kevin Borjas,e1601c0597a7b444,Andre Lima,2026-06-20,W,L,U-DEC,3,Flyweight,UFC Fight Night 279 - Kape vs. Horiguchi 2,sherdog,,,,,,,,
c921a062105cb950,Kyoji Horiguchi,0cdf094ed2a15c5e,Manel Kape,2026-06-20,L,W,KO/TKO,3,Flyweight,UFC Fight Night 279 - Kape vs. Horiguchi 2,sherdog,,,,,,,,
a01276e067ddc553,Luana Santos,b9df3acc0fbdbbc3,Karol Rosa,2026-06-20,W,L,U-DEC,3,Women's Bantamweight,UFC Fight Night 279 - Kape vs. Horiguchi 2,sherdog,,,,,,,,
44b3eeff33faf035,Hyder Amil,a8cd76e59b7c49ab,Christian Rodriguez,2026-06-20,L,W,SUB,1,Featherweight,UFC Fight Night 279 - Kape vs. Horiguchi 2,sherdog,,,,,,,,
5138742df3096e35,Allan Nascimento,018e6efa6f1415a9,Mitch Raposo,2026-06-20,L,W,S-DEC,3,Flyweight,UFC Fight Night 279 - Kape vs. Horiguchi 2,sherdog,,,,,,,,
a11db5b1e98120ae,Melissa Mullins,sd:Beatriz-Mesquita-451242,Beatriz Mesquita,2026-06-20,L,W,SUB,1,Women's Bantamweight,UFC Fight Night 279 - Kape vs. Horiguchi 2,sherdog,,,,,,,,
9ffda31f36b02c95,Gaston Bolanos,bbad8cc98783fae1,Michael Aswell Jr.,2026-06-20,W,L,U-DEC,3,Bantamweight,UFC Fight Night 279 - Kape vs. Horiguchi 2,sherdog,,,,,,,,
7a88ea78c1ad646f,Melsik Baghdasaryan,sd:Murtazali-Magomedov-417141,Murtazali Magomedov,2026-06-20,L,W,SUB,1,Featherweight,UFC Fight Night 279 - Kape vs. Horiguchi 2,sherdog,,,,,,,,
bf14e890b46e0305,Diego Lopes,a49129adb0dad63b,Steve Garcia,2026-06-14,W,L,KO/TKO,2,Featherweight,UFC White House - Freedom 250: Topuria vs. Gaethje,sherdog,,,,,,,,
bd8ee82c2df0d588,Mauricio Ruffy,2ec8d26e4041f9fb,Michael Chandler,2026-06-14,W,L,KO/TKO,1,Lightweight,UFC White House - Freedom 250: Topuria vs. Gaethje,sherdog,,,,,,,,
d5ebb51288f99cee,Justin Gaethje,875c9f59fc746b88,Ilia Topuria,2026-06-14,W,L,KO/TKO,4,Interim Lightweight,UFC White House - Freedom 250: Topuria vs. Gaethje,sherdog,,,,,,,,
bbcaf7b57144df14,Sean O'Malley,a5430ac842baa304,Aiemann Zahabi,2026-06-14,W,L,KO/TKO,2,Bantamweight,UFC White House - Freedom 250: Topuria vs. Gaethje,sherdog,,,,,,,,
957522be7ec72223,Derrick Lewis,d39a1677910874e9,Josh Hokit,2026-06-14,L,W,KO/TKO,2,Heavyweight,UFC White House - Freedom 250: Topuria vs. Gaethje,sherdog,,,,,,,,
9a841327b5d824c6,Bo Nickal,adc254e5ba385928,Kyle Daukaus,2026-06-14,W,L,KO/TKO,1,Middleweight,UFC White House - Freedom 250: Topuria vs. Gaethje,sherdog,,,,,,,,
d405f6e1594c44db,Ciryl Gane,a38373934b735770,Alex Pereira,2026-06-14,W,L,KO/TKO,2,Heavyweight,UFC White House - Freedom 250: Topuria vs. Gaethje,sherdog,,,,,,,,
ab48c02798b0519f,Joanna Jedrzejczyk,934bd39fbb77e527,Zhang Weili,2022-06-12,L,W,KO/TKO,2,Women's Strawweight,UFC 275 - Teixeira vs. Prochazka,sherdog,,,,,,,,
c24cabb430a22ffc,Ramazan Emeev,sd:Jack-Della-Maddalena-208155,Jack Della Maddalena,2022-06-12,L,W,KO/TKO,1,Welterweight,UFC 275 - Teixeira vs. Prochazka,sherdog,,,,,,,,
74ddb1f1670a7b9e,Ben Sosoli,b6c51b7cbb426717,Marcos Rogerio de Lima,2020-02-23,L,W,KO/TKO,1,Heavyweight,UFC Fight Night 168 - Felder vs. Hooker,sherdog,,,,,,,,
d219545977df6023,Magomed Mustafaev,6bd0d703c648d687,Brad Riddell,2020-02-23,L,W,S-DEC,3,Lightweight,UFC Fight Night 168 - Felder vs. Hooker,sherdog,,,,,,,,
a0597d768b454501,Emil Meek,be2f4c42148aaa0d,Jake Matthews,2020-02-23,L,W,U-DEC,3,Welterweight,UFC Fight Night 168 - Felder vs. Hooker,sherdog,,,,,,,,
647818b879ec50f1,Callan Potter,cae5d7218cbc2994,Song Kenan,2020-02-23,L,W,KO/TKO,1,Welterweight,UFC Fight Night 168 - Felder vs. Hooker,sherdog,,,,,,,,
cb03fa3d2085a037,Hatsu Hioki,fc949bd38e5955fc,Dan Hooker,2015-05-10,L,W,KO/TKO,2,Featherweight,UFC Fight Night 65 - Miocic vs. Hunt,sherdog,,,,,,,,
eb0a363b83ad35ad,Lisa Ellis,4599b5344efcb99b,Bec Rawlings,2015-05-10,L,W,SUB,1,Women's Strawweight,UFC Fight Night 65 - Miocic vs. Hunt,sherdog,,,,,,,,
1a7027a0c72834f2,Dylan Andrews,eee2c24a46982135,Brad Scott,2015-05-10,L,W,SUB,2,Middleweight,UFC Fight Night 65 - Miocic vs. Hunt,sherdog,,,,,,,,
7e835647628c96d3,Vik Grujic,16a3914296cb06fa,Brendan O'Reilly,2015-05-10,L,W,U-DEC,3,Welterweight,UFC Fight Night 65 - Miocic vs. Hunt,sherdog,,,,,,,,
f63571bbe054f49c,Alptekin Ozkilic,39da821538e62fdf,Ben Nguyen,2015-05-10,L,W,KO/TKO,1,Flyweight,UFC Fight Night 65 - Miocic vs. Hunt,sherdog,,,,,,,,
238251dae9d57051,Pat Barry,a6a1b31d9da931bd,Soa Palelei,2013-12-07,L,W,KO/TKO,1,Heavyweight,UFC Fight Night 33 - Hunt vs. Bigfoot,sherdog,,,,,,,,
0562e7dccffbb28a,Julie Kedzie,7f2d4f1e239cd7b0,Bethe Correia,2013-12-07,L,W,S-DEC,3,Women's Bantamweight,UFC Fight Night 33 - Hunt vs. Bigfoot,sherdog,,,,,,,,
5ab44bdfb61803a9,Nick Ring,a988230b4b29d271,Caio Magalhaes,2013-12-07,L,W,U-DEC,3,Middleweight,UFC Fight Night 33 - Hunt vs. Bigfoot,sherdog,,,,,,,,
94a939862c496c87,Azamat Gashimov,sd:Zhenhong-Lu-109059,Zhenhong Lu,2014-03-29,W,L,U-DEC,3,Flyweight,RUFF 12 - Ranik Ultimate Fighting Federation 12,sherdog,,,,,,,,
9a5c0ed7297948f0,Wanderlei Silva,a51f98cc3f3bf3a2,Brian Stann,2013-03-03,W,L,KO/TKO,2,Light Heavyweight,UFC on Fuel TV 8 - Silva vs. Stann,sherdog,,,,,,,,
4124eaf50ca32b70,Riki Fukuda,d22abf14634b6e90,Brad Tavares,2013-03-03,L,W,U-DEC,3,Middleweight,UFC on Fuel TV 8 - Silva vs. Stann,sherdog,,,,,,,,
6f57fae77184f745,Nick Penner,59741062e95fad31,Cody Donovan,2012-12-15,L,W,KO/TKO,1,Light Heavyweight,UFC on FX 6 - Sotiropoulos vs. Pearson,sherdog,,,,,,,,
f7f357927a0e95d1,Aaron Rosa,5dcf91b79fd2a39b,James Te Huna,2012-03-03,L,W,KO/TKO,1,Light Heavyweight,UFC on FX 2 - Alves vs. Kampmann,sherdog,,,,,,,,
0cc95f3d65ef1f09,Mackens Semerzier,e0506c372c3a8916,Daniel Pineda,2012-03-03,L,W,SUB,1,Featherweight,UFC on FX 2 - Alves vs. Kampmann,sherdog,,,,,,,,
5d4c92bff66911d0,Steve Cantwell,4124eaf50ca32b70,Riki Fukuda,2012-02-26,L,W,U-DEC,3,Light Heavyweight,UFC 144 - Edgar vs. Henderson,sherdog,,,,,,,,
74c19e9aa7595e68,Tom Blackledge,549dd84099b6efee,Anthony Perosh,2011-02-27,L,W,SUB,1,Light Heavyweight,UFC 127 - Penn vs. Fitch,sherdog,,,,,,,,
fac7689da2e7bba2,Chris Tuchscherer,c0c1a09b5e1b46a3,Mark Hunt,2011-02-27,L,W,KO/TKO,2,Heavyweight,UFC 127 - Penn vs. Fitch,sherdog,,,,,,,,
14a2fa2dd23e71d3,Alessandro Costa,f1bfcaa7394010b5,Matt Schnell,2026-06-06,W,L,KO/TKO,1,Flyweight,UFC Fight Night 278 - Muhammad vs. Bonfim,sherdog,,,,,,,,
62c22d8f8fd6a0fc,Kai Kamaka,598430d5dbee5664,Dakota Hope,2026-04-04,W,L,S-DEC,3,Featherweight,UFC Fight Night 272 - Moicano vs. Duncan,sherdog,,,,,,,,
f7012ef25547fc99,Iwo Baraniewski,sd:Junior-Tafa-408471,Junior Tafa,2026-06-06,W,L,KO/TKO,1,Light Heavyweight,UFC Fight Night 278 - Muhammad vs. Bonfim,sherdog,,,,,,,,
60f31fb96a24723a,Edgar Chairez,sd:Bruno-Silva-118601,Bruno Silva,2026-06-06,W,L,SUB,1,Flyweight,UFC Fight Night 278 - Muhammad vs. Bonfim,sherdog,,,,,,,,
40a4d73f3a51ca65,Santiago Luna,b28df5607a6b1db8,Bryce Mitchell,2026-06-06,L,W,SUB,3,Bantamweight,UFC Fight Night 278 - Muhammad vs. Bonfim,sherdog,,,,,,,,
12c6b847f7f28593,Jordan Leavitt,5817d60924c7a7e0,Joanderson Brito,2026-06-06,L,W,SUB,1,Featherweight,UFC Fight Night 278 - Muhammad vs. Bonfim,sherdog,,,,,,,,
987a31b24ac333ea,Ketlen Souza,ede82a372dc9444c,Ariane Carnelossi,2026-06-06,W,L,KO/TKO,1,Women's Strawweight,UFC Fight Night 278 - Muhammad vs. Bonfim,sherdog,,,,,,,,
29f2d5ce1eef7082,Priscila Cachoeira,4068eabd52a7fa93,Chelsea Chandler,2026-06-06,L,W,SUB,1,Women's Bantamweight,UFC Fight Night 278 - Muhammad vs. Bonfim,sherdog,,,,,,,,
395835d15985848e,Tallison Teixeira,d38d32acdb6c8ac2,Sergei Pavlovich,2026-05-30,L,W,KO/TKO,1,Heavyweight,UFC Fight Night 277 - Song vs. Figueiredo,sherdog,,,,,,,,
6e8a5fe4993ba864,Song Yadong,087d5e2b3912bfd6,Deiveson Figueiredo,2026-05-30,W,L,SUB,2,Bantamweight,UFC Fight Night 277 - Song vs. Figueiredo,sherdog,,,,,,,,
72d51391d67206b8,Fares Ziam,23819db9f489592d,Tom Nolan,2026-06-06,L,W,U-DEC,3,Lightweight,UFC Fight Night 278 - Muhammad vs. Bonfim,sherdog,,,,,,,,
dd22fdf9ce2b85b6,Belal Muhammad,03b527306e0b57c8,Gabriel Bonfim,2026-06-06,L,W,U-DEC,5,Welterweight,UFC Fight Night 278 - Muhammad vs. Bonfim,sherdog,,,,,,,,
990efe1105080c68,Alonzo Menifield,81d3fc0435cfe7ac,Zhang Mingyang,2026-05-30,W,L,KO/TKO,1,Light Heavyweight,UFC Fight Night 277 - Song vs. Figueiredo,sherdog,,,,,,,,
dddaac197e3946ca,Angela Hill,sd:Jingnan-Xiong-176083,Jingnan Xiong,2026-05-30,W,L,U-DEC,3,Women's Strawweight,UFC Fight Night 277 - Song vs. Figueiredo,sherdog,,,,,,,,
1930fd17e9ee8a27,Jaqueline Amorim,2b4f0961dd196d20,Loma Lookboonmee,2026-05-30,W,L,SUB,1,Women's Strawweight,UFC Fight Night 277 - Song vs. Figueiredo,sherdog,,,,,,,,
58b6dee880eed3f4,Brendan Allen,f4544d57a0c93b7c,Edmen Shahbazyan,2026-06-06,W,L,U-DEC,3,Middleweight,UFC Fight Night 278 - Muhammad vs. Bonfim,sherdog,,,,,,,,
be2f4c42148aaa0d,Jake Matthews,2e98f3a31b40b58f,Carlston Harris,2026-05-30,W,L,U-DEC,3,Welterweight,UFC Fight Night 277 - Song vs. Figueiredo,sherdog,,,,,,,,
74bb53e7099cb5b9,Kai Asakura,6fe6a57990709869,Cameron Smotherman,2026-05-30,W,L,KO/TKO,1,Flyweight,UFC Fight Night 277 - Song vs. Figueiredo,sherdog,,,,,,,,
3a70cd0ddb52f7f7,Marcus McGhee,sd:John-Yannis-249443,John Yannis,2026-06-06,W,L,U-DEC,3,Bantamweight,UFC Fight Night 278 - Muhammad vs. Bonfim,sherdog,,,,,,,,
fd67143f447281de,Patricio Freire,sd:Aaron-Pico-191127,Aaron Pico,2026-04-11,L,W,U-DEC,3,Featherweight,UFC 327 - Prochazka vs. Ulberg,sherdog,,,,,,,,
7915c978759b49fb,Puja Tomar,sd:Ming-Shi-257533,Ming Shi,2026-05-29,L,W,SUB,1,Women's Strawweight,UFC - Road to UFC Season 5: Macau Quarterfinals 2,sherdog,,,,,,,,
0488ce27e1b8bb1d,Rei Tsuruya,sd:Luis-Gurule-390304,Luis Gurule,2026-05-30,W,L,SUB,1,Flyweight,UFC Fight Night 277 - Song vs. Figueiredo,sherdog,,,,,,,,
8a1aa5c3cd50dedf,Cody Haddon,sd:Qileng-Aori-222519,Qileng Aori,2026-05-30,W,L,KO/TKO,2,Bantamweight,UFC Fight Night 277 - Song vs. Figueiredo,sherdog,,,,,,,,
c54bce0af7e7b01b,Victor Martinez,sd:Zhu-Rong-233823,Zhu Rong,2026-05-28,L,W,KO/TKO,1,Lightweight,UFC - Road to UFC Season 5: Macau Quarterfinals 1,sherdog,,,,,,,,
