fmId,name,dwcsDate,pitRegionalElo,priorBouts,ageAtDwcs,reachedTop15
50579,Joby Sanchez,2017-07-11,1599.9,11,26.0,0
128618,Manny Vazquez,2017-07-11,1615.2,13,23.6,0
82772,Ricky Turcios,2017-07-11,1613.6,8,24.1,0
113997,Boston Salmon,2017-07-11,1570.4,6,26.6,0
69754,Azunna Anyanwu,2017-07-11,1611.0,17,35.9,0
24222,Greg Rebello,2017-07-11,1618.0,29,35.1,0
74162,Jamie Pickett,2017-07-11,1556.0,9,28.9,0
51886,Charles Byrd,2017-07-11,1495.4,3,33.7,0
116060,Sean OMalley,2017-07-18,1603.7,7,22.7,1
115401,Alfred Khashakyan,2017-07-18,1570.0,11,29.0,0
153455,Casey Kenney,2017-07-18,1595.5,7,26.3,0
72606,C.J. Hamilton,2017-07-18,1587.4,15,,0
48359,Jason Jackson,2017-07-25,1577.4,9,26.7,0
96821,Kyle Stewart,2017-07-25,1608.9,7,28.5,0
73564,Geoff Neal,2017-07-25,1572.4,9,26.9,0
69947,Chase Waldon,2017-07-25,1603.6,13,,0
116900,Dan Ige,2017-07-25,1587.2,8,26.0,0
151553,Luis Gomez,2017-07-25,1572.7,4,,0
114628,Karl Roberson,2017-07-25,1576.9,4,26.8,0
69660,Ryan Spann,2017-07-25,1577.9,14,25.9,0
153834,Alonzo Menifield,2017-07-25,1563.1,3,29.8,1
85468,Daniel Jolly,2017-07-25,1552.0,7,32.9,0
94436,Carlos Candelario,2017-08-01,1590.6,6,26.2,0
113047,Ronaldo Candido de Oliveira,2017-08-01,1525.9,1,28.3,0
57793,Austin Arnett,2017-08-01,1624.7,17,25.8,0
69305,Brandon Davis,2017-08-01,1480.9,5,27.2,0
113786,Phil Hawes,2017-08-01,1559.3,5,28.6,0
79823,Julian Marquez,2017-08-01,1560.8,6,27.2,0
24370,Alex Perez,2017-08-08,1630.4,21,,1
107984,Kevin Gray,2017-08-08,1583.1,12,,0
101352,Ricky Simon,2017-08-08,1607.9,10,24.9,0
81184,Donavon Frelow,2017-08-08,1560.5,8,32.5,0
72780,Julio Arce,2017-08-08,1628.4,14,27.8,0
140289,Peter Petties,2017-08-08,1549.3,7,26.6,0
117303,Jamelle Jones,2017-08-08,1533.0,11,29.5,0
99705,Mike Rodriguez,2017-08-08,1573.7,10,28.7,0
92329,Randall Wallace,2017-08-15,1593.7,21,,0
118435,Jaime Alvarez,2017-08-15,1580.0,7,,0
126306,Martin Day,2017-08-15,1506.3,2,28.8,0
146355,J.P. Buys,2017-08-22,1548.0,5,21.3,0
53183,Nick Urso,2017-08-22,1585.3,13,31.9,0
66254,Jordan Espinosa,2017-08-22,1562.9,15,27.8,0
108989,Benito Lopez,2017-08-22,1601.6,7,23.4,0
61652,Steven Peterson,2017-08-22,1617.4,20,27.2,0
71243,Anton Berzin,2017-08-22,1564.1,6,27.9,0
155817,Kennedy Nzechukwu,2017-08-22,1537.2,2,25.2,0
8922,Adam Antolin,2017-08-29,1605.9,15,35.5,0
166377,Dontale Mayes,2017-08-29,1537.9,4,25.6,0
126965,Allen Crowder,2017-08-29,1509.1,4,27.8,0
61674,Jose Flores,2017-08-29,1602.1,7,,0
95840,Matt Frevola,2017-08-29,1544.7,2,27.2,0
132142,Elias Urbina,2017-08-29,1554.6,3,23.9,0
153509,Bevon Lewis,2017-08-29,1557.8,3,26.3,0
149565,Lauren Mueller,2017-08-29,1556.6,3,25.8,0
133525,Kelly McGill-Velasco,2017-08-29,1482.2,1,,0
67597,Mike Santiago,2017-08-22,1590.7,5,28.1,0
20501,Matt Bessette,2017-07-11,1646.2,29,32.5,0
100357,Kevin Holland,2018-06-12,1623.6,15,25.6,0
66849,Will Santiago Jr.,2018-06-12,1562.5,13,35.3,0
48220,Chris Curtis,2018-06-12,1634.0,23,30.9,0
44113,Sean Lally,2018-06-12,1574.4,10,27.6,0
172155,Austen Lane,2018-06-12,1574.3,4,30.6,0
182932,Greg Hardy,2018-06-12,1500.0,0,,0
168473,Dashawn Boatwright,2018-06-12,1553.7,3,30.3,0
92652,Matt Sayles,2018-06-19,1585.2,7,24.3,0
154444,Yazan Hajeh,2018-06-19,1592.1,6,25.8,0
40269,Austin Springer,2018-06-19,1587.5,13,31.1,0
154715,Giga Chikadze,2018-06-19,1557.3,6,29.8,0
70609,Dwight Grant,2018-06-19,1582.3,8,33.8,0
56012,Tyler Hill,2018-06-19,1598.6,9,,0
86336,Jamall Emmers,2018-06-26,1621.4,16,28.9,0
72914,Julian Erosa,2018-06-26,1651.8,26,28.9,0
89850,Jaimelene Nievera,2018-06-26,1556.8,10,33.7,0
46255,Antonina Shevchenko,2018-06-26,1582.1,5,33.6,0
138880,Josh Parisian,2018-06-26,1556.9,8,29.0,0
126541,Te Edwards,2018-06-26,1562.5,6,27.8,0
91428,Austin Tweedy,2018-06-26,1591.5,11,27.8,0
40477,Riley Dutro,2018-07-10,1593.5,14,,0
127368,Jalin Turner,2018-07-10,1533.7,9,23.1,0
81749,Max Mustaki,2018-07-10,1483.4,1,30.7,0
131412,Alton Cunningham,2018-07-10,1589.5,5,25.1,0
58629,Kevin Aguilar,2018-07-10,1656.7,15,29.8,0
110474,Joey Gomez,2018-07-10,1561.5,3,,0
70328,Kurt Holobaugh,2017-07-11,1640.1,21,30.8,0
137086,Vince Morales,2018-07-17,1581.0,8,27.7,0
48644,Domingo Pilarte,2018-07-17,1580.6,8,28.5,0
151289,Austin Vanderford,2018-07-17,1575.6,4,28.3,0
150541,Angelo Trevino,2018-07-17,1562.6,9,25.1,0
111865,Antonio Jones,2018-07-17,1603.4,7,33.3,0
171163,Edmen Shahbazyan,2018-07-17,1589.4,6,20.7,0
103457,Jamie Colleen Miller,2018-07-17,1554.8,5,32.7,0
174117,Maycee Barber,2018-07-17,1576.5,4,20.2,1
124477,Sodiq Yusuff,2018-07-24,1590.1,7,25.2,0
148962,Mike Davis,2018-07-24,1582.8,5,,0
77002,Chris Birchler,2018-07-24,1562.2,10,31.1,0
157259,Jimmy Crute,2018-07-24,1597.1,7,22.4,0
172208,Chase Hooper,2018-07-24,1580.2,5,18.9,0
162728,Canaan Kawaihae,2018-07-24,1571.3,4,20.9,0
4009,Jeff Hughes,2018-07-24,1613.5,10,30.2,0
48115,Josh Appelt,2018-07-24,1597.2,21,35.1,0
152243,Mitchell Sipe,2018-07-31,1576.8,4,22.3,0
136169,Shawn Teed,2018-07-31,1564.5,6,26.5,0
167144,Juan Adams,2018-07-31,1555.0,3,26.5,0
144362,Roosevelt Roberts,2018-07-31,1588.9,5,24.5,0
86864,Garrett Gross,2018-07-31,1504.2,2,30.0,0
95136,Justin Sumter,2018-07-31,1573.3,7,28.7,0
141872,Ian Heinisch,2018-07-31,1628.1,11,30.0,0
57310,Jordan Griffin,2018-07-31,1610.2,21,28.4,0
29937,Maurice Mitchell,2018-07-31,1500.0,0,31.1,0
128472,Bobby Moffett,2018-08-07,1618.3,15,28.2,0
166892,Jacob Kilburn,2018-08-07,1569.4,7,23.1,0
78225,Joseph Lowry,2018-08-07,1620.5,8,,0
91072,Devonte Smith,2018-08-07,1592.1,8,25.0,0
177155,Tebaris Gordon,2018-08-07,1557.6,3,,0
87639,Dennis Bryant,2018-08-07,1556.6,6,,0
114327,Rogerio Bontorin,2018-08-10,1640.6,14,26.3,0
112356,Gustavo Gabriel Silva,2018-08-10,1500.0,0,,0
135318,Antonio Arroyo,2018-08-10,1566.0,9,29.1,0
78839,Diego Henrique da Silva,2018-08-10,1525.2,1,32.0,0
89398,Augusto Sakai,2018-08-10,1616.3,12,27.3,0
165492,Marcos Conrado Jr.,2018-08-10,1584.7,5,36.4,0
79036,Maiara Amanajas dos Santos,2018-08-10,1579.3,9,31.1,0
159046,Sarah Frota,2018-08-10,1588.3,5,31.3,0
89783,Allan Nascimento,2018-08-11,1645.4,21,26.9,0
132187,Raulian Paiva,2018-08-11,1669.5,18,22.8,0
134658,Johnny Walker,2018-08-11,1606.4,16,,0
136143,Henrique da Silva,2018-08-11,1604.6,18,,0
140926,Bruno Assis,2018-08-11,1579.0,10,,0
83938,Andre Muniz,2018-08-11,1629.1,20,,0
150708,Estefani Almeida,2018-08-11,1574.4,8,29.8,0
120000,Taila Santos,2018-08-11,1654.2,14,25.1,0
151580,Vinicius Moreira,2018-08-11,1583.2,8,29.4,0
103170,John Allan,2018-08-11,1505.0,2,25.5,0
112678,Tim Caron,2018-06-26,1599.8,10,30.9,0
135841,Brandon Davis,2017-08-01,1500.0,0,27.2,0
88873,Anthony Hernandez,2018-06-19,1594.3,6,,1
145021,Marina Rodriguez,2018-08-11,1546.2,2,31.3,0
72443,Jordan Williams,2018-06-26,1569.6,9,27.7,0
136394,Yorgan De Castro,2019-06-18,1571.9,4,31.5,0
193358,Alton Meeks,2019-06-18,1500.0,0,25.2,0
79414,Bill Algeo,2019-06-18,1614.4,15,30.0,0
44424,Brendan Loughnane,2019-06-18,1632.0,19,29.5,0
162742,Punahele Soriano,2019-06-18,1588.2,5,26.6,0
137608,Kali Robbins,2019-06-18,1567.2,8,35.0,0
150294,Hannah Goldy,2019-06-18,1576.4,4,27.1,0
134710,Miles Johns,2019-06-25,1622.9,8,25.2,0
111600,Richie Santiago,2019-06-25,1587.7,8,26.7,0
157769,Michael Lombardo,2019-06-25,1587.1,9,29.2,0
85564,Kyle Daukaus,2019-06-25,1595.6,6,26.3,0
74325,Victor Reyna,2019-06-25,1591.7,13,32.9,0
163354,Miguel Baeza,2019-06-25,1594.3,6,26.8,0
173161,Hunter Azure,2019-07-09,1592.2,6,27.4,0
145146,Chris Ocon,2019-07-09,1578.7,4,23.4,0
125803,Jacob Rosales,2019-07-09,1579.4,15,23.9,0
140094,Jonathan Pearce,2019-07-09,1577.9,11,27.2,0
51547,Maki Pitolo,2019-07-09,1582.6,15,28.6,0
161598,Joe Solecki,2019-07-09,1569.5,9,25.9,0
56004,James Wallace,2019-07-09,1576.5,10,,0
148934,Brendan Allen,2019-07-16,1609.7,14,23.5,1
112202,Aaron Jeffery,2019-07-16,1569.0,7,26.7,0
117454,Ode Osbourne,2019-07-16,1559.7,9,27.5,0
118993,Armando Villarreal,2019-07-16,1562.9,6,29.9,0
68225,Stephen Regman,2019-07-16,1586.5,12,27.9,0
127676,Ricardo Prasel,2019-07-16,1615.7,11,29.1,0
168564,Ramazan Kuramagomedov,2019-07-23,1586.6,5,22.9,0
187069,Jamahal Hill,2019-07-23,1586.0,5,28.2,1
97505,Alexander Poppeck,2019-07-23,1598.4,11,27.3,0
165393,Sean Woodson,2019-07-23,1581.3,5,27.1,0
164240,Terrance McKinney,2019-07-23,1584.0,8,24.9,0
129731,Kamuela Kirk,2019-07-23,1580.6,10,25.3,0
69641,Billy Quarantillo,2019-07-23,1611.0,13,30.6,0
121383,Daniel Rodriguez,2019-07-30,1605.4,9,32.6,1
116382,Rico Farrington,2019-07-30,1560.4,9,30.1,0
97466,Aalon Cruz,2019-07-30,1567.9,9,29.9,0
108168,Steven Nguyen,2019-07-30,1590.6,6,26.2,0
153401,Mariya Agapova,2019-07-30,1596.4,6,22.3,0
128825,Tracy Cortez,2019-07-30,1565.2,6,25.6,1
162775,Fabio Cherant,2019-07-30,1568.0,4,24.7,0
162327,Aleksa Camur,2019-07-30,1573.4,4,23.8,0
94733,Rodrigo Nascimento,2019-07-30,1591.5,6,26.7,0
177653,Michal Martinek,2019-07-30,1602.2,7,29.3,0
95548,Jay Perrin,2019-08-06,1560.5,11,26.1,0
98810,Dwight Joseph,2019-08-06,1587.4,10,30.0,0
163834,Taylor Johnson,2019-08-06,1587.9,5,28.7,0
74252,Harvey Park,2019-08-06,1622.7,14,33.4,0
107961,Omar Morales,2019-08-06,1602.9,7,33.8,0
124408,Herbert Burns,2019-08-06,1594.2,10,31.5,0
91920,Darrick Minner,2019-08-06,1611.1,31,29.3,0
153141,Tony Gravely,2019-08-13,1649.3,23,27.9,0
80189,Ray Rodriguez,2019-08-13,1606.7,20,,0
188024,William Knight,2019-08-13,1575.2,4,31.4,0
138847,Herdem Alacabek,2019-08-13,1587.8,5,28.2,0
54489,Brok Weaver,2019-08-13,1607.8,17,,0
160044,Devin Smyth,2019-08-13,1595.4,10,24.1,0
84579,Sarah Alpar,2019-08-13,1558.5,12,28.2,0
111488,Shanna Young,2019-08-13,1581.3,7,28.5,0
53335,Steve Garcia,2019-08-20,1594.4,12,,1
173204,Desmond Torres,2019-08-20,1582.7,8,22.6,0
124780,Jamal Pogues,2019-08-20,1564.0,8,23.7,0
176019,Marcos Brigagao,2019-08-20,1632.2,11,23.4,0
134224,Micol DiSegni,2019-08-20,1566.6,9,31.6,0
148469,Mallory Martin,2019-08-20,1528.8,6,25.6,0
127943,Leon Shahbazyan,2019-08-20,1579.4,8,23.8,0
202248,Impa Kasanganay,2019-08-27,1584.4,5,25.6,0
163873,Kailan Hill,2019-08-27,1582.5,4,24.7,0
151824,Dusko Todorovic,2019-08-27,1609.0,8,25.3,0
96396,Teddy Ash,2019-08-27,1619.2,18,29.7,0
81152,Peter Barrett,2019-08-27,1569.7,13,33.0,0
178043,Sang Hoon Yoo,2019-08-27,1586.8,5,,0
216474,Luis Gomez,2017-07-25,1500.0,0,,0
142997,Kenneth Bergh,2019-07-09,1594.3,6,30.0,0
81208,Jordan Wright,2018-06-19,1613.8,9,26.7,0
111133,Ben Sosoli,2019-08-27,1564.2,9,29.7,0
142966,Luana Carolina,2018-08-11,1483.0,1,,0
183725,Uros Medic,2020-08-04,1587.0,5,27.3,1
150591,Mikey Gonzalez,2020-08-04,1559.8,7,35.0,0
117867,Jerome Rivera,2020-08-04,1594.2,11,25.3,0
180534,Ronaldo Rodriguez,2020-08-04,1626.4,12,21.2,0
176447,Jordan Leavitt,2020-08-04,1594.8,6,25.2,0
75586,Dustin Jacoby,2020-08-04,1581.3,16,32.3,0
88418,Ty Flores,2020-08-04,1561.2,9,26.6,0
167228,Joe Pyfer,2020-08-11,1583.2,8,,1
102618,Dustin Stoltzfus,2020-08-11,1620.8,13,28.7,0
121015,Anthony Adams,2020-08-11,1603.9,9,32.6,0
142463,T.J. Laramie,2020-08-11,1598.8,14,22.8,0
74720,Daniel Swain,2020-08-11,1603.8,30,29.5,0
88422,Adrian Yanez,2020-08-11,1589.4,13,26.7,0
118837,Brady Huang,2020-08-11,1617.0,12,27.7,0
137505,Cory McKenna,2020-08-11,1554.0,5,21.1,0
105062,Vanessa Demopoulos,2020-08-11,1564.9,6,31.9,0
152173,Hilarie Rose,2020-08-18,1545.4,5,27.8,0
124454,Cheyanne Vlismas,2020-08-18,1551.1,5,,0
188038,Louis Cosce,2020-08-18,1584.7,6,25.0,0
156139,Chad Johnson,2020-08-18,1580.6,7,34.1,0
169275,Mike Breeden,2020-08-25,1589.5,10,31.3,0
158356,Anthony Romero,2020-08-25,1609.7,7,23.5,0
126053,Alejandro Flores,2020-08-25,1682.2,20,29.1,0
93985,Rafael Alves,2020-08-25,1598.1,27,,0
82778,Jacob Silva,2020-08-25,1556.5,8,32.5,0
156875,Jeff Molina,2020-08-25,1558.9,9,23.1,0
110621,Jhonoven Pati,2020-08-25,1553.3,9,30.3,0
167032,Jose Johnson,2020-09-01,1580.8,17,25.3,0
97075,Ronnie Lawrence,2020-09-01,1561.5,6,28.2,0
190266,Dennis Buzukja,2020-09-01,1546.0,5,22.9,0
132893,Melsik Baghdasaryan,2020-09-01,1547.2,5,28.6,0
187952,Cody Brundage,2020-09-01,1580.5,5,26.3,0
138692,Chase Gibson,2020-09-01,1548.4,13,30.6,0
108890,Tucker Lutz,2020-09-01,1599.3,10,26.1,0
61677,Jimmy Flick,2020-09-01,1612.9,19,30.0,0
130770,Nate Smith,2020-09-01,1591.2,6,,0
149667,Drako Rodriguez,2020-09-08,1588.3,8,24.2,0
131160,Khadzhimurat Bestaev,2020-09-08,1584.8,13,,0
153565,Al Matavao,2020-09-08,1590.1,11,26.5,0
187681,Tafon Nchukwi,2020-09-08,1563.2,3,25.9,0
152718,Aliaskhab Khizriev,2020-09-08,1651.3,13,30.0,0
76040,Henrique Shiguemoto,2020-09-08,1614.3,17,,0
136842,Gregory Rodrigues,2020-09-15,1562.9,9,28.6,1
187070,Collin Anglin,2020-09-15,1578.2,8,27.6,0
94874,Dustin Joynson,2019-08-27,1581.8,5,33.9,0
160434,Ignacio Bahamondes,2020-11-04,1595.2,14,23.2,0
127942,Edson Gomez,2020-11-04,1561.6,7,29.7,0
79423,Luis Saldana,2020-11-04,1579.8,19,29.8,0
106636,Vince Murdock,2020-11-04,1565.4,16,29.6,0
124784,Jared Vanderaa,2020-11-04,1578.7,14,28.5,0
167407,Harry Hunsucker,2020-11-04,1544.0,8,31.8,0
166499,Luana Pinheiro,2020-11-10,1578.4,8,28.0,0
62309,Stephanie Frausto,2020-11-10,1527.5,14,30.1,0
99626,Nikolas Motta,2020-11-10,1596.4,14,27.8,0
161297,Shaheen Santana,2020-11-10,1597.9,6,29.4,0
161277,Natan Levy,2020-11-10,1583.9,5,29.1,0
163130,Pauline Macias,2020-11-17,1572.4,4,32.4,0
163303,Gloria de Paula,2020-11-17,1535.7,6,25.4,0
154315,Victoria Leonardo,2020-11-17,1573.2,9,30.8,0
206288,Chelsea Hackett,2020-11-17,1556.6,4,22.3,0
98358,Oscar Cota,2020-11-17,1596.9,13,36.1,0
198424,Nick Maximov,2020-11-17,1578.2,5,22.9,0
147678,Sherrard Blackledge,2020-11-17,1586.7,5,27.3,0
266108,Marina Rodriguez,2018-08-11,1500.0,0,31.3,0
109169,Antonio Trocoli,2019-07-09,1599.0,14,28.6,0
102023,Diego Lopes,2021-08-31,1670.7,22,26.7,1
138765,Joanderson Brito,2021-08-31,1611.9,14,26.6,0
153965,Victor Altamirano,2021-08-31,1618.6,10,30.6,0
189457,A.J. Fletcher,2021-08-31,1597.0,8,24.5,0
167639,Leonardo Damiani,2021-08-31,1597.6,13,31.0,0
73574,C.J. Vergara,2021-09-07,1578.8,11,30.2,0
58274,Bruno Mesquita,2021-09-07,1622.0,16,30.2,0
126845,Saimon Oliveira,2021-09-07,1643.4,20,30.4,0
128790,Jose Alday,2021-09-07,1600.7,19,30.0,0
139399,Muin Gafurov,2021-09-07,1645.5,20,25.3,0
64658,Chad Anheliger,2021-09-07,1564.3,15,34.8,0
5945,Chidi Njokuani,2021-09-07,1625.0,26,32.7,0
151951,Jack Della Maddalena,2021-09-14,1584.5,11,25.0,0
93588,Ange Loosa,2021-09-14,1587.0,8,28.5,0
103055,Jailton Almeida,2021-09-14,1628.0,15,30.2,0
126605,Nasrudin Nasrudinov,2021-09-14,1623.7,9,29.9,0
88917,Albert Duraev,2021-09-14,1619.2,16,32.7,0
80589,Caio Bittencourt,2021-09-14,1573.1,20,,0
181445,Michael Morales,2021-09-21,1631.6,11,22.2,1
141461,Nikolay Veretennikov,2021-09-21,1566.1,12,31.7,0
162470,Kleydson Rodrigues,2021-09-21,1578.4,8,25.9,0
180643,Santo Curatolo,2021-09-21,1586.7,7,26.7,0
88997,Victor Martinez,2021-09-21,1595.4,16,,0
76490,Hashem Arkhagha,2021-09-21,1596.3,6,32.0,0
106614,A.J. Dobson,2021-09-21,1585.5,5,29.7,0
176590,Theo Rlayang,2021-09-21,1574.0,5,27.1,0
143694,Lucas Almeida,2021-09-28,1646.4,12,,0
167076,Daniel Zellhuber,2021-09-28,1641.0,11,22.2,0
142194,Caio Borralho,2021-09-28,1587.1,9,28.7,1
88373,Rizvan Kuniev,2021-09-28,1580.3,12,29.6,1
169549,Edivan Mineiro Santos,2021-09-28,1591.2,14,,0
142435,Ihor Potieria,2021-09-28,1679.9,24,25.3,0
110717,Lukasz Sudolski,2021-09-28,1604.3,8,,0
115258,Daniel Barez,2021-10-05,1606.6,16,32.8,0
134216,Carlos Hernandez,2021-10-05,1573.9,7,27.9,0
190065,Joseph Holmes,2021-10-05,1560.1,6,26.3,0
177431,Shonte Barnes,2021-10-05,1548.2,8,34.7,0
160989,Genaro Valdez,2021-10-05,1619.6,9,29.7,0
158737,Patrik White,2021-10-05,1603.2,10,28.3,0
101804,Fernie Garcia,2021-10-05,1600.6,10,29.5,0
176378,Joshua Weems,2021-10-05,1596.2,10,27.4,0
186263,Mitch Raposo,2021-10-12,1576.7,5,23.0,0
148618,Jake Hadley,2021-10-12,1605.7,7,25.2,0
107803,Reyes Cortez Jr.,2021-10-12,1553.8,6,29.2,0
198556,Christian Rodriguez,2021-10-12,1586.1,5,,0
76108,Chris Duncan,2021-10-12,1604.6,7,28.4,0
214356,Viacheslav Borshchev,2021-10-12,1550.0,5,29.8,0
130715,Martin Buday,2021-10-12,1586.0,9,29.9,0
51715,Lorenzo Hood,2021-10-12,1587.0,16,32.6,0
128962,Jesse Murray,2021-10-19,1566.7,11,28.7,0
131164,James Barnes,2021-10-19,1612.2,18,39.4,0
123308,Pedro Falcao,2021-10-19,1627.8,17,29.2,0
163159,Kaloyan Kolev,2021-10-19,1624.9,10,29.0,0
198468,Armen Petrosyan,2021-10-19,1568.5,6,31.0,0
160358,Solomon Renfro,2021-10-19,1602.7,9,24.7,0
67413,Jonny Parsons,2021-10-19,1563.4,10,30.1,0
171002,Piera Rodriguez,2021-10-19,1596.1,6,28.9,0
155509,Valesca Machado,2021-10-19,1568.0,10,25.5,0
151843,Maria Oliveira,2018-08-11,1541.5,4,21.7,0
159068,Javid Basharat,2021-10-26,1621.5,10,26.1,0
92125,Oron Kahlon,2021-10-26,1643.3,12,37.0,0
130864,Cristian Quinonez,2021-10-26,1649.0,19,25.5,0
164316,Long Xiao,2021-10-26,1638.3,29,,0
121131,Gadzhi Omargadzhiev,2021-10-26,1645.5,12,28.7,0
121055,Jansey Silva,2021-10-26,1580.2,8,26.4,0
195809,Manuel Torres,2021-10-26,1616.2,13,,1
82781,Kolton Englund,2021-10-26,1583.0,12,28.3,0
194822,Yohan Lainesse,2021-11-02,1611.2,7,29.2,0
128395,Justin Burlinson,2021-11-02,1597.5,6,24.5,0
70138,Achilles Estremadura,2021-11-02,1598.9,7,29.6,0
141805,Mabelly Lima,2018-08-11,1544.5,2,24.5,0
66276,Joey Gomez,2018-07-10,1570.0,8,,0
189372,Rafael Alves,2020-08-25,1500.0,0,,0
155429,Henrique da Silva,2018-08-11,1500.0,0,,0
161140,Lucas Almeida,2021-09-28,1579.1,7,,0
132699,Luis Gomez,2017-07-25,1480.0,1,,0
173020,Andres Luna Martinetti,2022-07-26,1646.8,12,,0
155102,Alessandro Costa,2022-07-26,1607.4,12,26.5,0
126810,Osman Diaz,2022-07-26,1583.6,8,,0
165019,Anton Turkalj,2022-07-26,1607.1,7,26.1,0
112054,Acacio dos Santos,2022-07-26,1603.0,18,30.8,0
67189,Shannon Ross,2022-08-02,1579.9,17,,0
137930,Vinicius Salvador,2022-08-02,1612.3,17,26.0,0
190271,Charlie Campbell,2022-08-02,1576.3,7,27.1,0
174331,Shimon Smotritsky,2022-08-02,1605.3,9,21.9,0
86840,Connor Matthews,2022-08-02,1564.1,5,30.2,0
188241,Francis Marshall,2022-08-02,1580.4,5,23.4,0
152361,Dylan Potter,2021-09-14,1568.0,15,26.7,0
169660,Edgar Chairez,2022-08-09,1581.4,11,26.5,1
152926,Clayton Carpenter,2022-08-09,1584.1,5,26.2,0
247572,Bo Nickal,2022-08-09,1520.0,1,26.6,1
238740,Zachary Borrego,2022-08-09,1571.3,4,26.1,0
126176,Paulo Renato Jr.,2022-08-09,1594.9,10,28.5,0
157693,Erik Silva,2022-08-09,1598.1,9,35.4,0
237600,Anvar Boynazarov,2022-08-09,1565.6,4,33.6,0
192450,Josh Quinlan,2021-09-07,1587.0,5,28.6,0
114367,Lukasz Brzeski,2021-09-14,1581.0,10,29.3,0
129655,Jack Cartwright,2022-08-16,1637.0,10,28.2,0
178943,Nazim Sadykhov,2022-08-16,1575.5,7,28.3,0
188959,Ahmad Sohail Hassanzada,2022-08-16,1596.9,9,,0
172025,Claudio Ribeiro,2022-08-16,1591.2,11,30.1,0
198721,Ivan Valenzuela,2022-08-16,1584.0,9,29.7,0
182944,Hailey Cowan,2022-08-16,1555.6,8,30.5,0
189265,Claudia Leite,2022-08-16,1586.9,10,25.8,0
135381,Logan Urban,2021-09-07,1553.9,6,27.4,0
167248,Erisson Ferreira,2022-08-23,1600.8,13,31.3,0
205062,Cameron Saaiman,2022-08-23,1579.3,5,21.7,0
142590,Josh Wang Kim,2022-08-23,1565.3,6,,0
143790,Darrius Flowers,2022-08-23,1573.8,17,28.0,0
172729,Amiran Gogoladze,2022-08-23,1638.4,16,24.7,0
163117,Mick Parkin,2022-08-23,1571.2,5,26.9,0
226340,Eduardo Neves,2022-08-23,1586.0,5,22.4,0
237655,Denise Gomes,2022-08-23,1567.9,6,22.6,1
164980,Rayanne dos Santos,2022-08-23,1560.7,16,27.2,0
115894,Alex Morgan,2022-08-30,1578.8,15,,0
138307,Blake Bilder,2022-08-30,1585.7,7,32.1,0
175512,Maria Silva,2022-08-30,1615.3,8,,0
237869,Yusaku Kinoshita,2022-08-30,1576.6,6,22.0,0
225102,Jose Henrique Souza,2022-08-30,1584.7,5,,0
140968,Gabriel Bonfim,2022-09-06,1646.6,12,25.0,1
206112,Trey Waters,2022-09-06,1591.1,6,27.5,0
86809,Ismael Bonfim,2022-09-06,1640.7,20,,0
119119,Nariman Abbasov,2022-09-06,1714.5,31,28.6,0
174902,Vitor Petrino,2022-09-06,1594.7,6,25.0,0
180699,Rodolfo Bellato,2022-09-06,1601.8,9,26.6,0
212556,Karl Williams,2022-09-06,1574.5,7,32.7,0
207322,Jimmy Lawson,2022-09-06,1553.4,5,30.8,0
187320,Tereza Bleda,2022-09-06,1592.3,5,20.8,0
171854,Nayara Maia,2022-09-06,1605.9,8,32.1,0
159073,Farid Basharat,2022-09-13,1612.5,8,25.1,1
147697,Allan Begosso,2022-09-13,1588.4,9,26.8,0
149367,Ikram Aliskerov,2022-09-13,1646.1,13,29.8,1
150410,Daniel Marcos,2022-09-13,1642.2,12,29.5,0
162960,Brandon Lewis,2022-09-13,1587.5,7,25.1,0
187312,Trevor Peek,2022-09-13,1594.7,6,27.7,0
139829,Malik Lewis,2022-09-13,1579.4,5,26.5,0
139638,Bruna Brasil,2022-09-13,1558.3,10,29.0,0
188502,Marnic Mann,2022-09-13,1584.6,5,29.5,0
215857,Raul Rosas Jr.,2022-09-20,1584.7,5,17.9,1
187081,Mando Gutierrez,2022-09-20,1592.9,8,25.6,0
214006,Brunno Ferreira,2022-09-20,1614.1,8,29.9,0
160012,Leon Aliu,2022-09-20,1618.6,11,33.2,0
108276,Josh Wick,2022-09-20,1601.0,18,28.0,0
184686,Nurullo Aliev,2022-09-20,1604.2,7,21.8,0
245160,Richard Jacobi,2022-09-20,1588.7,7,29.0,0
202250,Donovan Beard,2022-09-27,1591.3,8,32.9,0
119335,Sam Patterson,2022-09-27,1607.9,11,26.4,0
172324,Vinicius Sacchelli Cenci,2022-09-27,1559.3,8,,0
190269,Ashiek Ajim,2022-09-27,1572.5,7,28.3,0
214054,Mateus Mendonca,2022-09-27,1622.8,9,23.7,0
161617,Jack Jenkins,2022-09-27,1580.1,11,28.9,0
197657,Emiliano Linares,2022-09-27,1597.3,9,25.4,0
148436,Rafael Estevam,2022-09-27,1636.0,10,26.1,0
114862,Joao Elias,2022-09-27,1646.5,21,27.7,0
153651,Anthony Romero,2020-08-25,1500.0,0,23.5,0
195416,Payton Talbott,2023-08-08,1592.4,5,24.9,1
179772,Kevin Borjas,2023-08-08,1596.8,9,25.7,0
163827,Victor Dias,2023-08-08,1626.5,13,32.6,0
156838,Cesar Almeida,2023-08-08,1548.3,3,,0
161454,Lucas Fernando,2023-08-08,1624.5,10,26.6,0
171325,Tom Nolan,2023-08-08,1589.1,5,23.4,1
127739,Bogdan Grad,2023-08-08,1625.7,12,27.9,0
178127,Caio Machado,2023-08-08,1577.0,9,,0
148931,Kevin Szaflarski,2023-08-08,1610.7,12,28.6,0
182057,Hyder Amil,2023-08-15,1608.4,7,33.2,0
122232,Emrah Sonmez,2023-08-15,1599.7,18,31.1,0
126114,George Hardwick,2023-08-15,1651.4,13,26.7,0
103420,Abdul-Kareem Al-Selwady,2023-08-15,1642.2,17,28.3,0
165712,Charalampos Grigoriou,2023-08-15,1555.5,10,31.4,0
214937,Cameron Smotherman,2023-08-15,1557.7,11,25.9,0
170880,Ibo Aslan,2023-08-15,1616.2,12,27.3,0
189338,Janaina Silva,2023-08-15,1584.6,5,31.5,0
247945,Eduarda Moura,2023-08-15,1608.8,8,29.5,1
194558,Eli Aronov,2023-08-22,1596.4,6,27.2,0
171081,Oban Elliott,2023-08-22,1576.6,10,25.7,0
150324,Kaik Brito,2023-08-22,1638.6,20,26.4,0
190820,Luis Pajuelo,2023-08-22,1573.5,8,28.7,0
198978,Robbie Ring,2023-08-22,1592.2,6,23.1,0
200683,Isis Verbeek,2023-08-22,1563.0,6,28.6,0
93495,Carlos Prates,2023-08-29,1618.4,22,30.0,0
169511,Mitch Ramirez,2023-08-29,1607.8,7,30.8,0
148634,Chandler Cole,2023-08-29,1578.5,13,28.6,0
190733,Thomas Petersen,2023-08-29,1600.1,9,28.4,0
178782,Marco Tulio,2023-08-29,1614.0,10,29.2,0
235752,Yousri Belgaroui,2023-08-29,1551.9,7,31.2,0
185358,Bolaji Oki,2023-08-29,1577.9,8,27.8,0
207320,Dylan Salvador,2023-08-29,1566.4,6,30.3,0
167652,Jean Silva,2023-09-05,1591.0,12,,1
244904,Kevin Vallejos,2023-09-05,1638.3,11,21.7,1
155496,Chad Hanekom,2023-09-05,1603.0,11,33.4,0
235431,Dylan Budka,2023-09-05,1564.7,8,23.6,0
212059,Ramon Taveras,2023-09-05,1592.8,9,29.7,0
158083,Serhiy Sidey,2023-09-05,1606.0,10,27.2,0
153604,Brendson Ribeiro,2023-09-05,1599.4,19,27.0,0
120356,Bruno Lopes,2023-09-05,1640.9,11,30.4,0
180873,Dione Barbosa,2023-09-05,1543.1,7,31.3,0
193202,Rainn Guerrero,2023-09-05,1564.5,6,31.3,0
178340,Jean Matsumoto,2023-09-12,1665.3,13,24.0,0
128693,Kasey Tanner,2023-09-12,1594.7,6,31.7,0
161593,A.J. Cunningham,2023-09-12,1599.3,12,29.0,0
244003,Jhonata Diniz,2023-09-12,1579.0,5,,0
143900,James Llontop,2023-09-12,1612.9,15,24.1,0
180650,Stephanie Luciano,2023-09-19,1559.0,6,,0
241160,Talita Alencar,2023-09-19,1572.8,4,32.9,0
124645,Kaynan Kruschewsky,2023-09-19,1651.2,15,32.5,0
190281,Dylan Mantello,2023-09-19,1580.3,9,30.8,0
118130,Vinicius Oliveira,2023-09-26,1658.7,21,27.8,0
32681,Victor Madrigal,2023-09-26,1634.1,19,33.1,0
91165,Angel Pacheco,2023-09-26,1599.2,9,31.7,0
202226,Danny Silva,2023-09-26,1591.2,8,26.7,0
172605,Raheam Forest,2023-09-26,1598.7,8,26.2,0
213726,Danny Barlow,2023-09-26,1587.3,6,28.2,0
206108,Ernesta Kareckaite,2023-09-26,1566.6,5,25.3,0
237259,Carli Judice,2023-09-26,1550.8,3,24.6,0
144689,Mauricio Ruffy,2023-10-03,1602.3,9,27.3,1
143982,Raimond Magomedaliev,2023-10-03,1633.2,11,33.3,0
109439,Victor Hugo,2023-10-03,1673.4,27,30.9,0
143816,Eduardo Torres,2023-10-03,1659.9,17,,0
181774,Murtaza Talha Ali,2023-10-03,1606.7,6,,0
185477,Magomed Gadzhiyasulov,2023-10-03,1602.3,7,29.9,0
173249,Jose Medina,2023-10-03,1607.9,13,,0
142641,Jose Flores,2017-08-29,1500.0,0,,0
178402,Davi Bittencourt,2023-10-10,1611.1,17,29.0,0
177745,Lucas Rocha,2023-10-10,1665.6,17,23.2,0
115765,Rickson Thai Zenidim Bueno,2023-10-10,1645.9,15,,0
148599,Andre Lima,2023-10-10,1597.1,6,24.7,0
139198,Issa Isakov,2023-10-10,1619.6,16,34.0,0
198938,Marquel Mederos,2023-10-10,1581.2,8,26.9,0
140793,Jair Farias,2023-10-10,1625.9,10,30.6,0
191740,Yuri Panferov,2023-10-10,1588.6,6,27.1,0
234922,Torrez Finney,2023-10-10,1589.4,6,25.0,0
151281,Cortavious Romious,2023-10-10,1592.2,8,29.8,0
97543,Caio Machado,2023-08-08,1594.7,24,,0
154434,Loneer Kavanagh,2024-08-13,1598.2,6,25.2,1
200967,An Tuan Ho,2024-08-13,1594.1,6,23.9,0
204433,Mikheil Sazhiniani,2024-08-13,1618.6,15,27.9,0
266306,Mansur Abdul-Malik,2024-08-13,1581.5,5,26.9,0
214812,Wesley Schultz,2024-08-13,1569.7,7,,0
200966,Jose Delgado,2024-08-13,1580.1,8,,0
181815,Ernie Juarez,2024-08-13,1586.9,8,26.6,0
161432,Hugo Cunha,2024-08-20,1605.1,9,31.5,0
190369,Cody Haddon,2024-08-20,1567.5,7,25.9,0
112536,Billy Brand,2024-08-20,1569.6,7,28.1,0
167495,Cameron Rowston,2024-08-20,1575.0,10,,0
196882,Liam Anderson,2024-08-27,1550.2,8,29.6,0
251112,Andrey Pulyaev,2024-08-27,1511.3,2,27.0,0
149700,Dorian Ramos,2024-09-03,1579.4,10,30.7,0
225525,Austin Bashi,2024-09-03,1652.2,12,22.9,0
267425,Navajo Stirling,2024-09-10,1572.2,4,26.8,1
245674,Phillip Latu,2024-09-10,1568.6,7,,0
231935,Taiga Iwasaki,2024-09-10,1601.9,10,27.2,0
270527,Josias Musasa,2024-09-10,1605.8,7,25.9,0
212470,Otari Tanzilovi,2024-09-10,1616.1,9,26.4,0
248719,Tallison Teixeira,2024-09-17,1593.5,6,24.8,0
146043,Arthur Lopes,2024-09-17,1566.4,7,31.6,0
241981,Elijah Smith,2024-09-17,1577.2,7,,0
162142,Aaron Tau,2024-09-17,1606.5,8,31.1,0
214424,Cam Teague,2024-09-24,1601.8,7,26.6,0
157677,Daniel Frunza,2024-09-24,1584.4,10,30.5,0
132853,Vadym Kutsyi,2024-09-24,1671.6,18,33.2,0
190657,Alexia Thainara,2024-09-24,1606.7,11,28.8,1
154820,Rose Conceicao,2024-09-24,1603.2,7,,0
159878,David Martinez,2024-10-01,1626.9,11,,1
177005,Xavier Franklin,2024-10-01,1589.7,5,29.0,0
171178,Carlos Calderon,2024-10-01,1563.9,8,28.6,0
175560,Alberto Montes,2024-10-01,1620.0,11,30.3,0
212599,Abdelah Er-Ramy,2024-10-01,1575.5,8,,0
184408,Diyar Nurgozhay,2024-10-01,1614.4,9,27.4,0
161868,Bartosz Szewczyk,2024-10-01,1576.5,11,27.0,0
252982,Jacobe Smith,2024-10-01,1607.8,8,28.7,0
142418,Christien Savoie,2024-10-01,1608.8,12,32.1,0
165683,Islam Dulatov,2024-10-08,1612.1,11,26.2,0
139863,Vanilton Antunes,2024-10-08,1609.0,22,,0
202329,Mario Pinto,2024-10-08,1613.2,8,26.6,0
168903,Lucas Triverio Camacho,2024-10-08,1596.3,6,,0
193588,Yadier Del Valle,2024-10-15,1613.1,7,28.2,0
124753,Antonio Monteiro,2024-10-15,1640.8,22,29.3,0
182546,Nick Klein,2024-10-15,1555.2,6,29.1,0
197400,Heraldo Souza,2024-10-15,1622.4,12,29.8,0
166949,David Martinez,2024-10-01,1590.2,19,,1
287901,Josh Hokit,2025-08-19,1585.9,5,,1
255225,Guilherme Uriel,2025-08-19,1588.1,7,28.5,0
207275,Manoel Sousa,2025-08-26,1648.4,13,28.2,0
169670,Cristian Perez,2025-08-26,1653.7,14,,0
174917,Darion Abbey,2025-08-26,1569.8,13,32.5,0
278471,Donte Johnson,2025-08-26,1579.8,5,26.6,0
219584,Alik Lorenz,2025-08-26,1571.6,7,28.6,0
256802,Ryan Gandra,2025-08-26,1584.6,8,30.3,0
240225,Trent Miller,2025-08-26,1585.6,10,29.8,0
226587,Theo Haig,2025-09-02,1592.2,6,29.0,0
134286,Cezary Oleksiejczuk,2025-09-02,1637.5,18,25.7,0
270868,David Mgoyan,2025-09-02,1605.8,7,21.2,0
162343,Tommy McMillen,2025-09-02,1608.9,8,27.7,0
285589,Anthony Guarascio,2025-09-09,1556.9,3,31.5,0
262576,Steven Asplund,2025-09-09,1563.8,6,27.2,0
79140,Lerryan Douglas,2025-09-09,1605.7,17,30.4,0
254614,Freddy Vidal,2025-09-09,1554.7,3,31.3,0
269362,Felipe Franco,2025-09-09,1500.0,0,24.6,0
206624,Macksom Lee,2025-09-16,1628.5,10,,0
165903,Hecher Sosa,2025-09-16,1632.4,14,30.1,0
237033,Iwo Baraniewski,2025-09-16,1594.4,6,26.8,0
140342,Mahamed Aly,2025-09-16,1578.5,4,31.7,0
256157,Rafael Tobias,2025-09-23,1637.0,14,22.5,0
181413,Jair de Oliveira,2025-09-23,1500.0,0,29.4,0
222269,Vitor Costa,2025-09-30,1593.8,9,25.0,0
281138,Damian Pinas,2025-09-30,1593.9,8,23.6,0
241282,Demba Seck,2025-09-30,1597.0,12,32.2,0
198507,Kurtis Campbell,2025-09-30,1500.0,0,23.2,0
232933,Luke Fernandez,2025-10-07,1592.5,5,30.3,0
286104,Rafael Pergentino,2025-10-07,1581.3,5,23.7,0
272702,Imanol Rodriguez,2025-10-07,1586.7,5,25.9,0
167660,Roque Conceicao Moreira Junior,2025-10-07,1601.1,12,,0
202334,Mantas Kondratavicius,2025-09-23,1542.7,2,26.2,0
131232,Djani Barbir,2025-09-23,1500.0,0,28.1,0
149228,Bruno Mesquita,2021-09-07,1499.3,5,30.2,0
33415,Steve Garcia,2019-08-20,1499.7,4,,1
136351,Eduardo Torres,2023-10-03,1541.2,6,,0
58990,Mark Cherico,2017-08-22,1526.0,3,,0
10165,Jean Silva,2023-09-05,1492.1,3,,1
144344,Anthony Hernandez,2018-06-19,1451.0,3,,1
127370,Jose Medina,2023-10-03,1564.0,5,,0
178517,Zach Reese,2023-08-22,1480.5,1,29.4,0
108043,Carlos Hernandez,2021-10-05,1461.1,4,27.9,0
234054,Manuel Torres,2021-10-26,1483.2,1,,1
98863,Cristian Perez,2025-08-26,1479.1,1,,0
222124,Brandon Davis,2017-08-01,1476.8,1,27.2,0
69619,Ray Rodriguez,2019-08-13,1433.6,4,,0
68556,Christian Rodriguez,2021-10-12,1483.5,3,,0
196877,Jean Silva,2023-09-05,1429.3,4,,1
139024,Rodrigo Nascimento,2019-07-30,1476.8,1,26.7,0
236482,Victor Hugo,2023-10-03,1484.2,1,30.9,0
27070,William Knight,2019-08-13,1483.2,1,31.4,0
234667,Jean Silva,2023-09-05,1481.2,1,,1
120606,Jair Farias,2023-10-10,1483.5,1,30.6,0
168520,Carlos Hernandez,2021-10-05,1482.2,1,27.9,0
