name,status,espnId,dob,citizenship,debutUsed,checkNote
Anthony Wint,found,3128853,1995-09-14,USA,2023-04-14,
Matt Adams,found,5364347,1997-09-07,USA,,
Fabrizio Escarrega,found,5364834,1998-02-18,Mexico,,
Abe Alsaghir,found,5364833,2001-07-01,Lebanon,,
Bilal Hasan,found,5264405,2001-07-16,Indonesia,2022-12-16,
Mridul Saikia,found,5277466,1997-05-09,India,,
Ananias Mulumba,found,5310573,1998-09-18,Democratic Republic of Congo,2022-04-16,
Tom Pagliarulo,found,5116823,1997-06-19,USA,2021-03-11,
Jon Kunneman,found,5282317,1999-07-14,USA,,
Joe Kropschot,found,4687604,1995-06-19,USA,,
Azunna Anyanwu,found,2558159,1981-08-05,USA,2010-10-29,
Boston Salmon,found,3122040,1990-11-20,USA,2014-01-24,
Charles Byrd,found,3020777,1983-10-11,USA,2012-12-14,
Greg Rebello,found,2506260,1982-06-13,USA,2005-02-26,
Jamie Pickett,found,4237148,1988-08-29,USA,2011-09-24,
Joby Sanchez,found,3128221,1991-06-24,USA,2011-02-11,
Kurt Holobaugh,found,3019246,1986-09-08,USA,2011-03-12,
Manny Vazquez,found,3961774,1993-11-19,USA,2013-10-05,
Matt Bessette,found,2989137,1984-12-28,USA,2007-09-15,
Ricky Turcios,found,3928693,1993-06-05,USA,2013-07-19,
Alfred Khashakyan,found,4082018,1988-07-17,USA,2013-05-18,
C.J. Hamilton,miss,4782873,,,,no dob on record
Casey Kenney,found,4030197,1991-03-20,USA,2014-12-20,
Sean O'Malley,found,4205093,1994-10-24,USA,2015-03-06,
Alonzo Menifield,found,3948876,1987-10-18,USA,2015-11-20,
Chase Waldon,miss,3087807,,,,no dob on record
Dan Ige,found,4074001,1991-08-06,USA,2014-06-14,
Daniel Jolly,found,3923647,1984-09-03,USA,2011-07-30,
Geoff Neal,found,3111997,1990-08-28,USA,2012-08-25,
Jason Jackson,found,3120931,1990-10-30,Jamaica,2012-04-27,
Karl Roberson,found,4236954,1990-10-04,USA,2015-06-05,
Kyle Stewart,found,4236956,1989-01-31,USA,2015-07-25,
Luis Gomez,ambiguous,,,,,2 MMA ids
Ryan Spann,found,3887606,1991-08-24,USA,2013-02-16,
Austin Arnett,found,4020801,1991-10-22,USA,2012-08-11,
Brandon Davis,found,3960440,1990-05-08,USA,2014-09-13,
Carlos Candelario,found,4013049,1991-06-04,USA,2015-01-03,
Julian Marquez,found,4077475,1990-05-08,USA,2014-05-24,
Phil Hawes,found,3913473,1989-01-08,USA,2014-02-21,
Ronaldo Candido de Oliveira,found,4073937,1989-04-24,Brazil,,
Alex Perez,ambiguous,,,,,2 MMA ids
Donavon Frelow,found,3164449,1985-01-20,USA,2014-03-06,
Jamelle Jones,found,3152189,1988-01-31,,2013-10-26,
Julio Arce,found,4227122,1989-10-27,USA,2012-07-13,
Kevin Gray,miss,3077954,,,,no dob on record
Mike Rodriguez,found,4081550,1988-11-28,USA,2014-04-05,
Peter Petties,found,4008509,1990-12-20,USA,2014-12-19,
Ricky Simon,found,3922491,1992-08-31,USA,2014-01-18,
Jaime Alvarez,ambiguous,,,,,2 MMA ids
Martin Day,found,4038127,1988-11-10,USA,2017-03-18,
Randall Wallace,miss,,,,,
Anton Berzin,found,3039664,1989-09-29,USA,2010-07-16,
Benito Lopez,found,4249184,1994-04-06,USA,2014-04-04,
JP Buys,found,4249185,1996-04-30,South Africa,2015-07-11,
Jordan Espinosa,found,4054622,1989-11-08,USA,2012-03-24,
Kennedy Nzechukwu,found,4245094,1992-06-13,Nigeria,2016-11-05,
Mark Cherico,miss,4227123,,,,no dob on record
Mike Santiago,found,2984784,1989-07-28,USA,2012-01-22,
Nick Urso,found,3099608,1985-09-26,USA,2011-02-12,
Steven Peterson,found,3041138,1990-05-29,USA,2010-08-04,
Adam Antolin,found,2951136,1982-02-28,,2008-02-01,
Allen Crowder,found,3983543,1989-11-08,USA,2015-04-10,
Bevon Lewis,found,4249192,1991-05-05,Jamaica,2015-10-29,
Don'Tale Mayes,found,4249193,1992-01-16,USA,2016-02-06,
Elias Urbina,found,4249191,1993-10-09,USA,2014-05-16,
Jose Flores,miss,,,,,
Kelly McGill-Velasco,miss,,,,,
Lauren Mueller,found,4256214,1991-11-15,USA,2015-07-11,
Matt Frevola,found,4081024,1990-06-11,USA,2014-11-15,
Austen Lane,found,2223033,1987-11-09,USA,2017-04-01,
Chris Curtis,found,2984770,1987-07-15,USA,2009-06-27,
Dashawn Boatwright,found,4339131,1988-02-29,USA,2015-11-07,
Greg Hardy,miss,,,,,
Kevin Holland,found,3943695,1992-11-05,USA,2015-03-28,
Sean Lally,found,4065047,1990-11-04,USA,2008-11-08,
Will Santiago Jr.,found,4339129,1983-02-08,USA,2010-10-22,
Anthony Hernandez,ambiguous,,,,,2 MMA ids
Austin Springer,found,3938715,1987-05-12,USA,2007-09-15,
Dwight Grant,found,4339149,1984-09-14,USA,2011-05-21,
Giga Chikadze,found,3957071,1988-08-25,Georgia,2015-12-18,
Jordan Wright,found,4339150,1991-10-07,USA,2014-11-08,
Matt Sayles,found,3122837,1994-02-21,USA,2014-01-18,
Tyler Hill,miss,,,,,
Yazan Hajeh,found,4339144,1992-09-04,USA,2015-12-05,
Antonina Shevchenko,found,4339152,1984-11-20,Kyrgyzstan,2002-04-15,
Austin Tweedy,found,4294510,1990-09-25,USA,2013-02-08,
Jaimelene Nievera,found,4039866,1984-10-28,USA,2014-11-08,
Jamall Emmers,found,3915502,1989-07-24,USA,2012-10-06,
Jordan Williams,found,4040956,1990-10-13,USA,2013-06-22,
Josh Parisian,found,4276994,1989-06-28,USA,2014-11-22,
Julian Erosa,found,3955577,1989-07-31,USA,2010-10-02,
Te Edwards,found,3611366,1990-09-11,USA,2013-10-26,
Tim Caron,found,4062284,1987-07-24,USA,2014-11-21,
Alton Cunningham,found,4339489,1993-06-19,USA,2017-04-22,
Jalin Turner,found,4339490,1995-05-18,USA,2016-02-20,
Joey    Gomez,ambiguous,,,,,2 MMA ids
Kevin Aguilar,found,2555540,1988-09-07,USA,2010-12-03,
Max Mustaki,found,4243343,1987-11-07,USA,2017-07-22,
Riley Dutro,miss,,,,,
Angelo Trevino,found,4079844,1993-06-10,USA,2015-06-27,
Antonio Jones,found,4354319,1985-04-12,,2015-06-13,
Austin Vanderford,found,4290344,1990-03-21,USA,2017-03-11,
Domingo Pilarte,found,3041157,1990-01-05,USA,2009-07-12,
Edmen Shahbazyan,found,4354318,1997-11-20,USA,2017-02-25,
Jamie Colleen Miller,found,4037324,1985-11-02,USA,2013-02-02,
Maycee Barber,found,4246307,1998-05-18,USA,2017-06-23,
Vince Morales,found,4349153,1990-11-12,USA,2015-05-15,
Canaan Kawaihae,found,4354422,1997-08-26,USA,2016-09-24,
Chase Hooper,found,4354421,1999-09-13,USA,2017-10-07,
Chris Birchler,found,4081555,1987-06-05,USA,2011-09-09,
Jeff Hughes,found,4237606,1988-05-17,USA,2014-10-04,
Jimmy Crute,found,4354420,1996-03-04,Australia,2016-02-20,
Josh Appelt,found,3028694,1983-06-19,USA,2009-05-31,
Mike Davis,miss,,,,,
Sodiq Yusuff,found,4289274,1993-05-19,Nigeria,2016-04-16,
Garrett Gross,found,3254940,1988-08-08,USA,2013-11-09,
Ian Heinisch,found,4202873,1988-08-05,USA,2015-01-24,
Jordan Griffin,found,3150681,1990-02-28,USA,2011-04-22,
Juan Adams,found,4292650,1992-01-16,USA,2017-06-23,
Justin Sumter,found,4062290,1989-11-10,USA,2016-04-22,
Maurice Mitchell,found,4357591,1987-06-29,USA,,
Mitchell Sipe,found,4349155,1996-04-09,USA,2016-04-01,
Roosevelt Roberts,found,4354423,1994-02-11,USA,2016-10-22,
Shawn Teed,found,4234510,1992-02-13,USA,2015-12-04,
Bobby Moffett,found,3347074,1990-06-01,USA,2013-06-22,
Dennis Bryant,miss,4354424,,,,no dob on record
Devonte Smith,found,4354425,1993-07-30,USA,2015-09-26,
Jacob Kilburn,found,4354426,1995-06-28,USA,2016-11-05,
Joseph Lowry,miss,,,,,
Tebaris Gordon,miss,4358020,,,,no dob on record
Antonio Arroyo,found,4371002,1989-07-01,Brazil,2014-07-17,
Augusto Sakai,found,3900464,1991-05-09,Brazil,2011-10-15,
Diego Henrique da Silva,found,3054275,1986-08-22,,,
Gustavo Gabriel Silva,miss,,,,,
Maiara Amanajas dos Santos,found,4370999,1987-07-11,,2011-02-19,
Marcos Conrado Jr.,found,4379257,1982-03-14,,2017-04-15,
Rogerio Bontorin,found,4280789,1992-04-25,Brazil,2013-04-06,
Sarah Frota,found,4371004,1987-04-14,Brazil,2016-08-20,
Allan Nascimento,found,3020408,1991-09-11,Brazil,2011-11-29,
Andre Muniz,ambiguous,,,,,2 MMA ids
Bruno Assis,ambiguous,,,,,2 MMA ids
Estefani Almeida,found,4039957,1988-10-17,Brazil,2015-08-27,
Henrique da Silva,rejected,4389073,,,,name mismatch: Henrique da Silva Lopes
John Allan,found,4372193,1993-02-22,Brazil,2013-11-30,
Johnny Walker,ambiguous,,,,,2 MMA ids
Luana Carolina,ambiguous,,,,,2 MMA ids
Mabelly Lima,found,4372190,1994-01-25,Brazil,2017-10-27,
Maria Oliveira,found,4348793,1996-12-12,Brazil,2016-12-16,
Marina Rodriguez,found,4379258,1987-04-29,Brazil,2021-06-19,
Raulian Paiva,found,4372195,1995-10-17,Brazil,2013-10-01,
Taila Santos,found,3170347,1993-06-22,Brazil,2013-11-23,
Vinicius Moreira,found,4372196,1989-02-28,Brazil,2015-10-11,
Alton Meeks,found,3039935,1994-04-05,USA,,
Bill Algeo,found,4076472,1989-06-09,USA,2012-06-01,
Brendan Loughnane,found,3009725,1989-12-05,England,2010-06-26,
Hannah Goldy,found,4289255,1992-05-18,USA,2016-03-11,
Kali Robbins,found,4080575,1984-07-05,USA,2015-03-06,
Punahele Soriano,found,4423214,1992-11-22,USA,2017-01-28,
Yorgan De Castro,found,4423213,1987-12-19,Cape Verde,2017-11-17,
Kyle Daukaus,found,4329444,1993-02-27,USA,2017-02-18,
Michael Lombardo,found,2511778,1990-04-03,USA,2016-01-29,
Miguel Baeza,found,4423448,1992-08-23,USA,2015-08-22,
Miles Johns,found,4010864,1994-03-30,USA,2014-07-12,
Richie Santiago,found,4392322,1992-10-10,USA,2016-09-23,
Victor Reyna,found,3120459,1986-08-05,USA,2012-02-18,
Antonio Trocoli,found,3955820,1990-12-06,Brazil,2013-01-19,
Chris Ocon,found,4425705,1996-02-05,USA,2017-11-04,
Hunter Azure,found,4425706,1992-03-02,USA,2017-08-11,
Jacob Rosales,found,4239743,1995-07-28,USA,2015-08-27,
James Wallace,miss,,,,,
Joe Solecki,found,4423876,1993-08-27,USA,2016-10-29,
Jonathan Pearce,found,4245092,1992-05-01,USA,2014-11-08,
Kenneth Bergh,found,4095179,1989-06-26,,2013-05-25,
Maki Pitolo,found,4016050,1990-11-24,USA,2013-02-16,
Aaron Jeffery,found,4255574,1992-11-14,Canada,2014-10-11,
Armando Villarreal,found,4424222,1989-08-08,USA,2016-09-16,
Brendan Allen,found,4025699,1995-12-28,Brazil,2015-08-22,
Ode Osbourne,found,4424224,1992-01-09,Jamaica,2015-04-11,
Ricardo Prasel,found,4312854,1990-06-02,Brazil,2012-12-15,
Stephen Regman,found,3945573,1991-08-05,USA,2013-09-20,
Alexander Poppeck,found,4064714,1992-04-06,Germany,2013-11-02,
Billy Quarantillo,found,3900088,1988-12-08,USA,2013-02-15,
Jamahal Hill,found,4425355,1991-05-19,USA,2017-09-30,
Kamuela Kirk,found,3939270,1994-04-13,USA,2014-02-01,
Ramazan Kuramagomedov,found,4425611,1996-08-23,Russia,2014-08-30,
Sean Woodson,found,4566991,1992-06-07,USA,2016-09-30,
Terrance McKinney,found,4425604,1994-09-15,USA,2017-10-14,
Aalon Cruz,found,4043437,1989-09-20,USA,2013-11-08,
Aleksa Camur,found,4426299,1995-09-25,Bosnia & Herzegovina,2017-09-16,
Daniel Rodriguez,found,4426312,1986-12-31,USA,2015-06-14,
Fabio Cherant,found,4426301,1994-11-25,USA,2018-02-02,
Mariya Agapova,found,4426285,1997-04-07,Kazakhstan,2015-08-29,
Michal Martinek,found,4426144,1990-04-19,Czechia,2016-09-24,
Rico Farrington,found,3897220,1989-06-19,USA,2013-05-24,
Rodrigo Nascimento,found,4426192,1992-11-26,Brazil,2012-03-24,
Steven Nguyen,found,4426305,1993-05-19,USA,2016-04-30,
Tracy Cortez,found,4243624,1993-12-10,USA,2017-08-31,
Darrick Minner,found,3121961,1990-04-28,USA,2012-10-13,
Dwight Joseph,found,4565645,1989-08-16,Liberia,2014-12-13,
Harvey Park,found,4409396,1986-03-22,USA,2014-11-01,
Herbert Burns,found,3089633,1988-02-02,Brazil,2012-02-25,
Jay Perrin,found,4062287,1993-06-15,USA,2014-06-27,
Omar Morales,found,4372245,1985-10-17,Venezuela,2011-11-26,
Taylor Johnson,found,4565642,1990-11-09,USA,2016-07-30,
Brok Weaver,ambiguous,,,,,2 MMA ids
Devin Smyth,found,4565646,1995-07-21,USA,2016-05-14,
Herdem Alacabek,found,4379326,1991-06-07,Sweden,2014-11-22,
Ray Rodriguez,ambiguous,,,,,2 MMA ids
Sarah Alpar,found,3115959,1991-06-01,USA,2011-07-01,
Shanna Young,found,4065617,1991-02-20,USA,2015-04-11,
Tony Gravely,found,4084453,1991-09-28,USA,2015-10-10,
William Knight,found,4255766,1988-04-03,USA,2018-05-04,
Desmond Torres,found,4573548,1997-01-06,USA,2017-04-08,
Jamal Pogues,found,4565641,1995-12-01,USA,2016-07-30,
Leon Shahbazyan,found,4423215,1995-11-18,Armenia,2016-06-25,
Mallory Martin,found,4141265,1994-01-29,USA,2016-12-15,
Marcos Brigagao,found,4570799,1996-04-01,Brazil,2017-06-17,
Micol DiSegni,found,4565668,1987-12-29,Italy,2015-10-03,
Phil Rowe,found,3924096,1990-07-18,USA,,
Steve Garcia,ambiguous,,,,,2 MMA ids
Ben Sosoli,found,4573211,1989-12-10,Australia,2013-02-02,
Dusko Todorovic,found,4421517,1994-05-19,Serbia,2015-09-19,
Dustin Joynson,found,4573210,1985-10-14,Canada,2014-05-16,
Impa Kasanganay,found,4573208,1994-01-17,USA,2019-01-25,
Kailan Hill,found,4573207,1994-12-01,Puerto Rico,2017-01-07,
Peter Barrett,found,4388465,1986-08-10,USA,2014-06-21,
Sang Hoon Yoo,miss,,,,,
Teddy Ash,found,4033520,1989-12-27,Canada,2013-03-23,
Dustin Jacoby,found,2594871,1988-04-04,USA,2010-11-27,
Jerome Rivera,found,4222369,1995-04-22,USA,2014-03-29,
Jordan Leavitt,found,4686565,1995-06-02,USA,2017-10-07,
Mikey Gonzalez,found,4686567,1985-08-13,USA,2014-05-03,
Ronaldo Rodriguez,found,4685888,1999-05-07,Mexico,2017-03-19,
Ty Flores,found,4010873,1993-12-22,USA,2015-05-16,
Uros Medic,found,4685870,1993-04-25,Serbia,2016-06-11,
Adrian Yanez,found,3998248,1993-11-29,USA,2014-03-14,
Anthony Adams,found,4359111,1988-01-13,USA,2016-02-20,
Brady Huang,found,4403536,1992-12-16,USA,2016-11-12,
Cory McKenna,found,4565671,1999-07-11,Wales,2018-03-03,
Daniel Swain,found,2990078,1991-01-30,USA,2010-11-06,
Dustin Stoltzfus,found,4685871,1991-11-15,USA,2014-11-08,
Joe Pyfer,ambiguous,,,,,2 MMA ids
TJ Laramie,found,4422029,1997-10-15,Canada,2015-03-15,
Vanessa Demopoulos,found,4683395,1988-09-22,USA,2017-12-15,
Chad Johnson,found,4684127,1986-07-22,USA,2017-12-02,
Cheyanne Vlismas,ambiguous,,,,,2 MMA ids
Hilarie Rose,found,4686737,1992-11-11,USA,2018-02-02,
Louis Cosce,found,4685887,1995-08-27,USA,2017-01-14,
Alejandro Flores,found,4686736,1991-08-06,Mexico,2013-10-05,
Anthony Romero,found,4684470,1997-02-25,Canada,2023-05-13,
Jacob Silva,found,4193828,1988-02-23,USA,2014-11-14,
Jeff Molina,found,4684238,1997-07-17,USA,2017-06-03,
Jhonoven Pati,found,3895527,1990-04-29,USA,2013-09-28,
Mike Breeden,found,4684468,1989-04-21,USA,2017-01-27,
Rafael Alves,ambiguous,,,,,2 MMA ids
Chase Gibson,found,4293896,1990-02-07,USA,2014-12-04,
Cody Brundage,found,4684474,1994-05-16,USA,2019-04-27,
Dennis Buzukja,found,4686735,1997-10-01,USA,2018-10-13,
Jimmy Flick,found,2989380,1990-09-07,USA,2010-05-27,
Jose Johnson,found,4360028,1995-05-20,USA,2016-07-29,
Melsik Baghdasaryan,found,4686734,1992-01-28,Armenia,2014-04-12,
Nate Smith,miss,,,,,
Ronnie Lawrence,found,4231391,1992-06-13,USA,2015-10-31,
Tucker Lutz,found,4684678,1994-07-12,USA,2015-10-24,
Al Matavao,found,4252253,1994-02-23,American Samoa,2015-03-04,
Aliaskhab Khizriev,found,4045420,1990-08-24,Russia,2014-05-27,
Drako Rodriguez,found,4412279,1996-06-16,USA,2017-07-15,
Henrique Shiguemoto,ambiguous,,,,,2 MMA ids
Khadzhimurat Bestaev,miss,,,,,
Mana Martinez,found,4684237,1996-03-25,USA,,
Tafon Nchukwi,found,4600143,1994-10-14,Cameroon,2019-03-02,
Collin Anglin,found,4686739,1993-02-20,USA,2017-09-23,
Gregory Rodrigues,found,4690541,1992-02-17,Brazil,2014-09-06,
Muhammad Naimov,found,4690540,1994-08-07,Tajikistan,,
Edson Gomez,found,4693719,1991-02-23,Mexico,2015-08-15,
Harry Hunsucker,found,4251497,1989-01-03,USA,2015-09-26,
Ignacio Bahamondes,found,4038116,1997-08-27,Chile,2015-11-21,
Jared Vanderaa,found,4227709,1992-05-12,USA,2015-06-14,
Luis Saldana,found,3074813,1991-01-27,USA,2011-03-05,
Vince Murdock,found,3147489,1991-03-21,USA,2012-11-17,
Luana Pinheiro,found,4689229,1992-11-18,Brazil,2016-10-09,
Natan Levy,found,4702563,1991-09-30,Israel,2018-03-23,
Nikolas Motta,found,3897242,1993-02-08,USA,2012-05-18,
Shaheen Santana,found,4701012,1991-06-04,USA,2016-06-24,
Stephanie Frausto,found,2504828,1990-09-20,USA,2010-01-10,
Chelsea Hackett,found,4689226,1998-08-16,Australia,2019-05-25,
Gloria de Paula,found,4566310,1995-06-10,Brazil,2017-07-15,
Nick Maximov,found,4700964,1997-12-23,USA,2018-10-06,
Oscar Cota,found,3162581,1984-10-15,Mexico,2011-12-03,
Pauline Macias,found,4689228,1988-06-27,USA,2018-06-16,
Sherrard Blackledge,found,4689223,1993-08-16,USA,2018-11-02,
Victoria Leonardo,found,4374740,1990-02-16,USA,2018-05-25,
AJ Fletcher,found,4869424,1997-02-18,USA,2019-05-11,
Diego Lopes,found,4881999,1994-12-30,Brazil,2012-09-08,
Joanderson Brito,found,4422355,1995-02-11,Brazil,2013-11-08,
Leonardo Damiani,found,4410116,1990-08-30,Italy,2016-11-20,
Victor Altamirano,found,4713584,1991-01-23,Mexico,2017-12-08,
Bruno Mesquita,found,4239524,1991-06-28,Brazil,2015-07-19,
CJ Vergara,found,4396359,1991-06-18,USA,2012-11-17,
Chad Anheliger,found,4816062,1986-12-01,Canada,2010-12-10,
Chidi Njokuani,found,2959422,1988-12-31,USA,2007-11-03,
Jose Alday,found,3962309,1991-09-14,Mexico,2014-02-15,
Josh Quinlan,found,4788300,1993-02-06,USA,2019-04-12,
Logan Urban,found,4888600,1994-04-22,USA,2018-03-17,
Mario Sousa,ambiguous,,,,,2 MMA ids
Muin Gafurov,found,3960072,1996-05-17,Tajikistan,2013-11-15,
Saimon Oliveira,found,4875505,1991-04-21,Brazil,2013-07-20,
Albert Duraev,found,3088682,1989-01-05,Russia,2011-09-28,
Ange Loosa,found,4875506,1993-03-18,Democratic Republic of Congo,2013-04-13,
Caio Bittencourt,ambiguous,,,,,3 MMA ids
Dylan Potter,found,4336003,1995-01-14,USA,2015-09-26,
Jack Della Maddalena,found,4828707,1996-09-10,Australia,2016-03-12,
Jailton Almeida,found,4873640,1991-06-26,Brazil,2012-09-29,
Lukasz Brzeski,found,4710386,1992-05-17,Poland,2013-04-18,
Nasrudin Nasrudinov,found,4684857,1991-10-06,Russia,2013-06-30,
AJ Dobson,found,4374436,1992-01-18,USA,2016-06-25,
Hashem Arkhagha,found,4835136,1989-09-11,Jordan,2010-12-08,
Kleydson Rodrigues,found,4875509,1995-10-22,Brazil,2015-01-17,
Michael Morales,found,4869426,1999-06-24,Ecuador,2017-08-19,
Nikolay Veretennikov,found,4700616,1989-12-22,Kazakhstan,2012-10-20,
Santo Curatolo,found,4683418,1995-01-18,USA,2017-08-05,
Theo Rlayang,found,4875510,1994-08-10,USA,2020-02-01,
Victor Martinez,miss,,,,,
Caio Borralho,found,4835137,1993-01-16,Brazil,2014-12-13,
Daniel Zellhuber,found,4863327,1999-07-07,Mexico,2016-09-24,
Edivan Mineiro Santos,miss,,,,,
Ihor Potieria,found,4873642,1996-05-29,Ukraine,2015-01-31,
Lucas Almeida,ambiguous,,,,,2 MMA ids
Lukasz Sudolski,miss,,,,,
Rizvan Kuniev,found,4001837,1992-03-10,Russia,2011-10-08,
Carlos Hernandez,found,3249894,1993-10-25,USA,2017-04-22,
Daniel Barez,found,4236496,1988-12-10,Spain,2012-11-10,
Fernie Garcia,found,4880596,1992-04-12,USA,2015-11-07,
Genaro Valdez,found,4874988,1992-01-16,Mexico,2016-04-15,
Joseph Holmes,found,4783385,1995-07-04,USA,2019-03-22,
Joshua Weems,found,4425728,1994-05-05,USA,2017-10-14,
Patrik White,found,4874989,1993-06-11,USA,2016-03-16,
Shonte Barnes,found,4875515,1987-02-09,USA,2016-08-27,
Chris Duncan,found,4867356,1993-05-10,Scotland,2018-04-07,
Christian Rodriguez,ambiguous,,,,,2 MMA ids
Jake Hadley,found,4705600,1996-08-03,England,2018-02-10,
Lorenzo Hood,found,2502713,1989-03-02,USA,2009-02-14,
Martin Buday,found,4406574,1991-11-11,Slovakia,2015-10-23,
Mitch Raposo,found,4815978,1998-10-16,USA,2019-04-06,
Reyes Cortez Jr.,found,4892422,1992-07-31,USA,2017-08-12,
Viacheslav Borshchev,found,4877915,1992-01-08,Russia,2019-06-01,
Armen Petrosyan,found,4894791,1990-11-03,Armenia,2018-10-12,
James Barnes,found,3924102,1982-05-28,USA,2014-04-05,
Jesse Murray,found,4336424,1993-01-26,USA,2014-08-08,
Jonny Parsons,found,4880114,1991-09-06,USA,2013-10-05,
Kaloyan Kolev,found,4875514,1992-10-17,Bulgaria,2016-06-18,
Pedro Falcao,found,3936279,1992-07-30,Brazil,2011-07-09,
Piera Rodriguez,found,4816066,1992-11-11,Venezuela,2017-05-20,
Solomon Renfro,found,4878384,1997-02-05,USA,2017-08-05,
Valesca Machado,found,4836549,1996-05-06,Brazil,2016-01-30,
Cristian Quinonez,found,4884868,1996-04-26,Mexico,2013-08-02,
Gadzhi Omargadzhiev,found,4896529,1993-02-24,Russia,2013-09-21,
Jansey Silva,found,4896540,1995-05-30,Brazil,2017-08-05,
Javid Basharat,found,4867357,1995-09-07,England,2016-04-23,
Kolton Englund,found,4218124,1993-07-09,USA,2014-06-13,
Manuel Torres,ambiguous,,,,,2 MMA ids
Oron Kahlon,found,4021216,1984-11-04,Israel,2005-10-19,
Xiao Long,ambiguous,,,,,2 MMA ids
Achilles Estremadura,found,4875499,1992-03-11,Canada,2015-05-30,
Justin Burlinson,found,4848687,1997-05-19,England,2017-08-19,
Maheshate,found,4895360,1999-12-01,China,,
Yohan Lainesse,found,4880807,1992-08-14,Canada,2018-08-02,
Acacio dos Santos,found,4687113,1991-09-29,Brazil,2013-08-10,
Alessandro Costa,found,5074121,1996-01-28,Brazil,2015-12-05,
Andres Luna Martinetti,miss,,,,,
Anton Turkalj,found,4875513,1996-06-10,Sweden,2018-12-10,
Osman Diaz,miss,,,,,
Billy Ray Goff,found,4706975,1998-06-18,USA,,
Charlie Campbell,found,4786358,1995-07-03,USA,2019-05-31,
Connor Matthews,found,5044438,1992-05-31,USA,2019-08-24,
Francis Marshall,found,5060394,1999-03-03,USA,2019-11-09,
Shannon Ross,ambiguous,,,,,2 MMA ids
Shimon Smotritsky,found,4892412,2000-08-22,Israel,2016-12-20,
Vinicius Salvador,found,4869425,1996-07-24,Brazil,2014-09-27,
Anvar Boynazarov,found,5060511,1989-01-10,Uzbekistan,2020-12-12,
Bo Nickal,found,5061870,1996-01-14,USA,2022-06-03,
Clayton Carpenter,found,4904998,1996-06-09,USA,2019-08-24,
Edgar Chairez,found,5076027,1996-01-27,Mexico,2016-12-03,
Erik Silva,found,5075335,1987-03-16,Venezuela,2016-03-17,
Paulo Renato Jr.,found,5007669,1994-01-25,Brazil,2013-12-08,
Zachary Borrego,found,5078230,1996-07-18,USA,2021-06-19,
Ahmad Sohail Hassanzada,miss,,,,,
Claudia Leite,found,5030324,1996-11-04,Brazil,2016-07-23,
Claudio Ribeiro,found,5074126,1992-07-17,Brazil,2017-02-10,
Hailey Cowan,found,4374742,1992-02-12,USA,2018-05-25,
Ivan Valenzuela,found,5065494,1992-11-17,Mexico,2018-10-05,
Jack Cartwright,found,4584150,1994-05-26,England,2017-02-11,
Nazim Sadykhov,found,5074130,1994-05-16,Azerbaijan,2018-11-16,
Amiran Gogoladze,found,4963260,1997-12-09,Georgia,2014-10-19,
Cameron Saaiman,found,5077399,2000-12-20,South Africa,2019-12-14,
Darrius Flowers,found,4358252,1994-08-25,USA,2017-03-03,
Denise Gomes,found,4963343,1999-12-30,Brazil,2017-09-09,
Eduardo Neves,found,5053878,2000-03-16,Brazil,2019-12-20,
Erisson Ferreira,found,4895769,1991-05-03,Brazil,2016-04-16,
Jesus Aguilar,found,5074274,1996-03-13,Mexico,,
Josh Wang Kim,rejected,5077400,,,,name mismatch: Josh Wang-Kim
Mick Parkin,found,5060505,1995-10-02,England,2019-07-06,
Rayanne dos Santos,found,4601333,1995-06-08,Brazil,2015-12-05,
Alex Morgan,miss,,,,,
Blake Bilder,found,5080936,1990-07-12,USA,2018-02-24,
Jose Henrique Souza,miss,,,,,
Maria Silva,ambiguous,,,,,4 MMA ids
Viktoriia Dudakova,found,5060398,1999-01-26,Russia,,
Yusaku Kinoshita,found,5085249,2000-08-21,Japan,2020-11-29,
Gabriel Bonfim,found,4921516,1997-08-20,Brazil,2014-12-13,
Ismael Bonfim,rejected,3093513,1995-12-28,,2011-08-13,implausible: debut age 15.6
Jimmy Lawson,found,4701186,1991-11-13,USA,2019-04-26,
Karl Williams,found,4915907,1990-01-06,Virgin Islands,2021-02-20,
Nariman Abbasov,found,4294871,1994-02-01,Azerbaijan,2013-06-30,
Nayara Maia,found,5056143,1990-07-25,Brazil,2018-12-08,
Rodolfo Bellato,found,5060489,1996-02-05,Brazil,2017-07-16,
Tereza Bleda,found,5056144,2001-11-30,Czechia,2020-09-26,
Trey Waters,found,5092403,1995-02-21,USA,2020-03-21,
Vitor Petrino,found,5060483,1997-08-28,Brazil,2019-05-03,
Allan Begosso,found,4903519,1995-11-23,Brazil,2014-09-20,
Brandon Lewis,found,4875507,1997-08-02,USA,2016-07-22,
Bruna Brasil,found,4394200,1993-09-07,Brazil,2014-11-08,
Daniel Marcos,found,5088886,1993-03-07,Peru,2015-09-11,
Farid Basharat,found,5016786,1997-08-02,,2018-04-14,
Ikram Aliskerov,found,4684776,1992-12-07,Russia,2012-04-26,
Malik Lewis,found,5092399,1996-03-04,USA,2020-03-06,
Marnic Mann,found,4891678,1993-03-05,USA,2019-04-06,
Trevor Peek,found,5048900,1995-01-09,USA,2020-10-03,
Brunno Ferreira,found,5077131,1992-11-04,Brazil,2019-04-06,
Josh Wick,found,3128474,1994-10-04,USA,2013-12-14,
Leon Aliu,found,4584163,1989-07-14,Albania,2016-04-24,
Mando Gutierrez,found,4876401,1997-02-24,USA,2019-09-07,
Nurullo Aliev,found,5092398,2000-12-08,Tajikistan,2018-02-03,
Raul Rosas Jr.,found,5088844,2004-10-08,Mexico,2021-11-26,
Richard Jacobi,found,5076594,1993-09-28,Brazil,2021-08-21,
Ashiek Ajim,found,4795255,1994-06-19,Trinidad,2019-05-31,
Donovan Beard,found,5088537,1989-11-05,USA,2020-11-13,
Emiliano Linares,found,5088846,1997-04-21,Ecuador,2019-07-13,
Jack Jenkins,found,5088885,1993-11-03,Australia,2016-06-17,
Joao Elias,found,4871197,1995-01-08,Brazil,2013-03-23,
Mateus Mendonca,found,5088891,1999-01-17,Brazil,2019-07-13,
Rafael Estevam,found,5076593,1996-08-10,Brazil,2015-06-26,
Sam Patterson,found,5088916,1996-04-30,England,2017-04-29,
Vinicius Sacchelli Cenci,miss,,,,,
Bogdan Grad,found,5144006,1995-09-28,Austria,2019-02-02,
Caio Machado,ambiguous,,,,,2 MMA ids
Cesar Almeida,ambiguous,,,,,3 MMA ids
Kevin Borjas,found,5144066,1997-12-06,Peru,2018-07-27,
Kevin Szaflarski,found,5075334,1994-12-30,Poland,2015-10-30,
Lucas Fernando,found,5119021,1997-01-10,Brazil,2017-07-08,
Payton Talbott,found,5144008,1998-09-09,USA,2021-11-27,
Tom Nolan,found,5144007,2000-03-08,Australia,2020-12-12,
Victor Dias,found,4788298,1990-12-26,Brazil,2017-03-25,
Abdul-Kareem Al-Selwady,found,4695485,1995-04-10,Palestine,2012-09-07,
Cameron Smotherman,found,5144320,1997-09-17,USA,2021-03-06,
Charalampos Grigoriou,found,4878592,1992-03-31,Cyprus,2014-10-05,
Eduarda Moura,found,5143888,1994-02-28,Brazil,2022-03-27,
Emrah Sonmez,found,5115163,1992-06-26,Türkiye,2013-10-05,
George Hardwick,found,4764301,1996-12-06,England,2017-08-19,
Hyder Amil,found,5027356,1990-05-28,Philippines,2017-11-18,
Ibo Aslan,found,4684240,1996-04-23,Türkiye,2016-10-15,
Janaina Silva,found,5143887,1992-02-16,Brazil,2019-08-31,
Eli Aronov,found,5143224,1996-06-06,Israel,2018-07-07,
Isis Verbeek,found,4403762,1995-01-12,Netherlands,2018-11-16,
Josefine Knutsson,found,5007635,1996-01-16,Sweden,,
Kaik Brito,found,5056138,1997-03-26,Brazil,2015-09-12,
Luis Pajuelo,found,5144312,1994-12-12,Peru,2019-11-13,
Oban Elliott,found,4900808,1997-12-19,Wales,2019-03-02,
Robbie Ring,found,5147245,2000-07-14,USA,2021-01-30,
Zach Reese,found,5143223,1994-03-24,USA,,
Bolaji Oki,found,5145682,1995-11-15,Belgium,2018-03-17,
Carlos Prates,found,4294832,1993-08-17,Brazil,2012-03-17,
Chandler Cole,found,4358022,1995-01-09,USA,2016-08-13,
Dylan Salvador,found,4914335,1993-05-20,France,2019-04-26,
Marco Tulio,found,5138111,1994-06-13,Brazil,2017-06-10,
Mitch Ramirez,found,4816283,1992-11-03,USA,2019-03-22,
Thomas Petersen,found,4869702,1995-03-30,USA,2019-07-27,
Yousri Belgaroui,found,5149815,1992-06-29,Netherlands,2021-01-22,
Brendson Ribeiro,found,4379328,1996-09-08,Brazil,2015-07-10,
Bruno Lopes,found,4691323,1993-04-24,Brazil,2013-08-10,
Chad Hanekom,found,5068827,1990-04-20,South Africa,2015-12-12,
Dione Barbosa,found,4801725,1992-05-08,Brazil,2018-07-07,
Dylan Budka,found,5032015,2000-01-14,USA,2022-01-21,
Jean Silva,ambiguous,,,,,5 MMA ids
Kevin Vallejos,found,5145681,2001-12-08,Argentina,2021-09-04,
Rainn Guerrero,found,5144319,1992-05-13,USA,2019-10-04,
Ramon Taveras,found,5152409,1994-01-09,USA,2019-11-09,
Serhiy Sidey,found,5146229,1996-07-04,Ukraine,2018-06-23,
A.J. Cunningham,found,4685730,1994-09-07,USA,2018-08-18,
James Llontop,found,5075748,1999-08-02,Peru,2017-04-29,
Jean Matsumoto,found,5149439,1999-09-09,Brazil,2018-01-24,
Jhonata Diniz,ambiguous,,,,,2 MMA ids
Kasey Tanner,found,5149436,1992-01-11,USA,2018-06-09,
Dylan Mantello,found,4935217,1992-11-19,USA,2019-09-13,
Kaynan Kruschewsky,found,4868702,1991-04-04,Brazil,2013-11-23,
Stephanie Luciano,ambiguous,,,,,2 MMA ids
Talita Alencar,found,5139556,1990-10-17,Brazil,2021-07-02,
Angel Pacheco,found,4893608,1992-01-13,USA,2013-06-29,
Carli Judice,found,5172179,1999-03-02,USA,2022-10-15,
Danny Barlow,found,5152138,1995-08-02,USA,2021-10-29,
Danny Silva,found,4702589,1997-01-30,USA,2019-05-25,
Ernesta Kareckaite,found,5149147,1998-06-05,Lithuania,2019-03-16,
Raheam Forest,found,5088544,1997-07-11,USA,2021-03-06,
Victor Madrigal,found,4688624,1990-08-16,Mexico,2007-11-01,
Vinicius Oliveira,found,4884877,1995-11-30,Brazil,2015-12-19,
Eduardo Torres,ambiguous,,,,,2 MMA ids
Jose Medina,ambiguous,,,,,2 MMA ids
Magomed Gadzhiyasulov,found,5149440,1993-11-04,Bahrain,2021-02-27,
Mauricio Ruffy,found,5122238,1996-06-17,Brazil,2016-09-18,
Murtaza Talha Ali,miss,,,,,
Raimond Magomedaliev,found,4565683,1990-06-10,Russia,2015-03-05,
Victor Hugo,found,4293183,1992-11-22,Brazil,2011-09-24,
Andre Lima,found,5157669,1999-02-04,Brazil,2022-10-08,
Cortavious Romious,found,4775129,1994-01-06,USA,2018-06-30,
Davi Bittencourt,found,5149442,1994-10-12,Brazil,2017-08-12,
Issa Isakov,found,4683526,1989-10-22,Luxembourg,2014-10-31,
Jair Farias,found,5157670,1993-03-16,Brazil,2014-09-13,
Lucas Rocha,found,5146278,2000-08-12,Brazil,2016-12-10,
MarQuel Mederos,found,5157668,1996-11-30,USA,2021-06-20,
Rickson Thai Zenidim Bueno,miss,,,,,
Torrez Finney,found,4050996,1998-10-24,USA,2022-02-19,
Yuri Panferov,found,5147207,1996-08-30,Russia,2021-04-30,
An Tuan Ho,found,5200305,2000-09-27,Vietnam,2022-02-11,
Ernie Juarez,found,5212749,1998-01-12,USA,2018-07-07,
Jose Delgado,rejected,5223435,,,,name mismatch: Jose Miguel Delgado
Lone'er Kavanagh,found,5147737,1999-06-09,England,2019-03-02,
Mansur Abdul-Malik,found,5211221,1997-10-07,USA,2021-10-23,
Mikheil Sazhiniani,found,5149722,1996-10-05,Georgia,2018-12-15,
Wesley Schultz,miss,,,,,
Billy Brand,found,5144174,1996-07-03,USA,2013-05-18,
Cameron Rowston,miss,,,,,
Cody Haddon,found,5001014,1998-09-08,Australia,2020-10-10,
Hugo Cunha,found,4863329,1993-02-04,Brazil,2017-12-15,
Andrey Pulyaev,found,5211225,1997-09-10,Russia,2023-03-17,
Liam Anderson,found,4705665,1995-01-13,USA,2018-09-21,
Michael Aswell Jr.,miss,,,,,
Austin Bashi,found,5120304,2001-09-29,USA,2020-11-11,
Dorian Ramos,found,5172335,1993-12-31,USA,2021-07-02,
Josias Musasa,found,5212850,1998-10-10,Democratic Republic of Congo,2022-11-05,
Navajo Stirling,found,5216713,1997-11-07,New Zealand,2022-09-23,
Otari Tanzilovi,found,5212853,1998-04-09,Georgia,2018-10-02,
Phillip Latu,miss,,,,,
Taiga Iwasaki,found,5224461,1997-07-07,Japan,2020-06-27,
Aaron Tau,found,5215272,1993-08-21,New Zealand,2019-03-30,
Arthur Lopes,found,5212857,1993-02-17,Brazil,2015-03-30,
Elijah Smith,miss,,,,,
Tallison Teixeira,found,5212856,1999-12-07,Brazil,2021-10-30,
Alexia Thainara,found,5075992,1995-11-20,Brazil,2018-06-09,
Cam Teague,found,5222338,1998-02-13,USA,2023-03-04,
Daniel Frunza,found,5153082,1994-04-13,Romania,2016-03-19,
Rose Conceicao,miss,,,,,
Vadym Kutsyi,found,4082400,1991-07-18,Belarus,2014-03-29,
Abdelah Er-Ramy,miss,,,,,
Alberto Montes,found,4571450,1994-05-31,Venezuela,2012-08-25,
Bartosz Szewczyk,found,5081274,1997-09-18,Poland,2021-02-20,
Carlos Calderon,found,5125484,1996-02-10,USA,2020-12-12,
Christien Savoie,found,5150152,1992-08-29,Canada,2015-02-28,
David Martinez,ambiguous,,,,,2 MMA ids
Diyar Nurgozhay,found,5213352,1997-04-22,Kazakhstan,2017-12-15,
Jacobe Smith,found,5149961,1996-01-17,USA,2021-10-08,
Xavier Franklin,found,5235875,1995-10-15,USA,2021-09-18,
Islam Dulatov,found,5212748,1998-08-02,Germany,2019-09-07,
Lucas Triverio Camacho,miss,,,,,
Mario Pinto,found,5218817,1998-03-14,Portugal,2021-10-02,
Vanilton Antunes,miss,,,,,
Antonio Monteiro,found,5057385,1995-07-02,Brazil,2013-06-29,
Heraldo Souza,found,5147552,1994-12-15,Brazil,2018-09-08,
Nick Klein,found,5134399,1995-09-08,USA,2021-06-27,
Yadier del Valle,found,5213179,1996-07-29,Cuba,2019-06-15,
Guilherme Uriel,found,5220468,1997-02-18,Brazil,2022-03-05,
Josh Hokit,miss,,,,,
Abdul Rakhman Yakhyaev,rejected,5291025,,,,name mismatch: Abdul-Rakhman Yakhyaev
Alik Lorenz,found,5220971,1997-01-25,USA,2021-05-08,
Cristian Perez,ambiguous,,,,,2 MMA ids
Darion Abbey,found,4413642,1993-02-25,USA,2019-02-15,
Donte Johnson,found,5302831,1999-01-25,USA,2024-08-17,
Manoel Sousa,found,5085291,1997-06-04,Brazil,2019-05-25,
Ryan Gandra,found,5291085,1995-05-08,Brazil,2022-02-19,
Trent Miller,found,5216997,1995-10-31,USA,2022-12-10,
Cezary Oleksiejczuk,found,5216978,2000-01-06,Poland,2018-03-23,
David Mgoyan,found,5295176,2004-06-25,Armenia,2022-11-28,
Theo Haig,found,4977642,1996-08-23,USA,2022-04-15,
Tommy McMillen,found,5212849,1997-12-15,USA,2019-11-09,
Anthony Guarascio,found,5292023,1994-02-26,USA,2023-10-28,
Felipe Franco,found,5292014,2001-01-22,Brazil,2025-09-09,
Freddy Vidal,found,5307524,1994-05-06,USA,2024-10-18,
Lerryan Douglas,found,4958170,1995-04-27,Brazil,2013-06-15,
Steven Asplund,found,5239615,1998-07-16,USA,2023-11-11,
Hecher Sosa,found,5236383,1995-08-25,Spain,2020-02-08,
Iwo Baraniewski,found,5307810,1998-11-20,Poland,2022-09-27,
Macksom Lee,miss,,,,,
Mahamed Aly,found,5307811,1994-01-11,Brazil,2024-01-20,
Djani Barbir,found,5282616,1997-08-09,Croatia,,
Jair de Oliveira,found,5308872,1996-05-09,Brazil,,
Mantas Kondratavicius,found,5264925,1999-07-17,Lithuania,2022-01-22,
Rafael Tobias,found,5308871,2003-03-20,Brazil,2022-03-12,
Damian Pinas,found,5292022,2002-03-12,Aruba,2022-08-06,
Demba Seck,found,5110465,1993-07-07,Senegal,2021-05-15,
Kurtis Campbell,found,5310075,2002-07-29,England,,
Vitor Costa,found,5144075,2000-09-19,Brazil,2021-06-27,
Imanol Rodriguez,found,5289578,1999-11-15,Mexico,2022-11-04,
Luke Fernandez,found,5310572,1995-06-29,USA,2023-03-31,
Rafael Pergentino,found,5295167,2002-01-08,Brazil,2023-01-14,
Roque Conceicao Moreira Junior,miss,,,,,
Dan Spohn,found,3024141,1984-10-12,USA,2009-11-25,
Angel DeAnda,miss,,,,,
Thanh Le,found,3895524,1985-08-28,USA,2013-11-08,
Lazar Stojadinovic,found,2557012,1989-03-22,Serbia,2007-09-26,
Sidney Outlaw,found,4040925,1992-04-11,USA,2013-02-02,
Michael Cora,found,4237605,1989-08-24,,2015-10-03,
Kyler Phillips,found,4237015,1995-06-12,USA,2016-03-04,
James Gray Jr.,miss,,,,,
John Castaneda,found,4063869,1991-12-18,USA,2012-09-22,
Cheyden Leialoha,found,4237014,1994-03-15,USA,2015-08-01,
Shelton Graves,found,4013988,1985-10-23,USA,2012-10-27,
Everett Sims,found,4245091,1988-09-04,USA,2014-10-24,
Grant Dawson,found,3931156,1994-02-20,USA,2014-08-29,
Adrian Diaz,found,3074719,1988-04-26,USA,2011-05-01,
Cameron Olson,found,4028629,1989-11-22,USA,2014-07-26,
Karl Reed,miss,4245681,,,,no dob on record
Tiffany Masters,miss,4232927,,,,no dob on record
Elias Garcia,ambiguous,,,,,2 MMA ids
Hugo Flores,miss,4350924,,,,no dob on record
Jose Luis Verdugo,found,3953056,1984-04-16,Mexico,2010-10-02,
Ricardo Hernandez,found,4688620,1990-03-18,Mexico,2013-11-23,
Guillermo Torres,found,5204222,1986-08-19,Mexico,2018-03-15,
Marco Beristain Castillo,miss,,,,,
Carlos Castaneda,miss,,,,,
Abraham Flores,miss,,,,,
Montel Jackson,found,4339130,1992-04-24,USA,2017-06-24,
Rico DiSciullo,found,4252349,1986-10-12,USA,2013-09-07,
Emiliano Sordi,found,3146345,1991-02-15,Argentina,2009-09-27,
Ricky Palacios,found,4239492,1987-07-05,USA,2012-11-17,
Toby Misech,found,3020395,1988-03-07,USA,2012-01-21,
Chibwikem Onyenegecha,found,4349152,1994-04-18,,2015-03-07,
Alex Munoz,miss,,,,,
Nick Newell,found,2953005,1986-03-17,USA,2009-06-20,
Alex Gilpin,found,4070902,1992-03-26,USA,2015-01-31,
J.R. Coughran,miss,,,,,
Mayra Bueno Silva,found,4371001,1991-08-22,Brazil,2016-04-30,
Mayana Souza dos Santos,miss,,,,,
Marcio Alexandre Jr.,found,3108776,1989-05-03,Brazil,2016-07-09,
Leonardo Silva,miss,5310951,,,,no dob on record
Thiago Moises,found,3955778,1995-03-23,Brazil,2012-05-19,
Gleidson Moraes Cutis,miss,,,,,
Gisele Moreira,found,4030631,1981-01-14,Brazil,2013-10-12,
Dayana Silva,ambiguous,,,,,2 MMA ids
Tony Johnson,miss,,,,,
Justin Gonzales,found,4423425,1991-04-28,USA,2016-07-16,
Zach Zane,found,4030352,1989-12-14,USA,2015-01-23,
Kevin Syler,found,4424582,1993-07-29,Bolivia,2014-04-03,
Lance Lawrence,found,4424478,1993-06-26,USA,2016-02-06,
J.J. Okanovich,found,4407930,1990-11-04,USA,2015-05-30,
Christian Lohsen,found,4426306,1995-01-24,USA,2017-02-24,
Lucrezia Ria,found,4234751,1992-06-24,Italy,2015-12-05,
Marilia Santos,found,4350860,1992-12-10,Brazil,2013-06-01,
Julius Anglickas,found,4248475,1991-07-23,Lithuania,2016-01-30,
Philip Rowe,miss,,,,,
Ricky Steele,found,4569668,1988-05-26,USA,2013-05-18,
Phil Caracappa,found,4303035,1992-06-05,USA,2017-02-24,
T.J. Brown,found,4063667,1990-05-22,USA,2013-11-09,
Dylan Lockard,found,4569669,1992-05-19,USA,2016-08-12,
Orion Cosce,found,4687126,1994-07-15,USA,2018-09-01,
Matt Dixon,found,4686738,1995-10-09,USA,2017-09-23,
Kenneth Cross,found,4683705,1994-10-04,USA,2016-03-26,
Collin Huckbody,found,4341591,1994-09-29,USA,2017-03-18,
Kyron Bowen,found,4389513,1993-12-22,USA,2017-01-07,
Cameron Church,found,4685886,1990-09-27,USA,2019-04-05,
Leomana Martinez,miss,,,,,
Muhammadjon Naimov,miss,,,,,
Korey Kuppe,found,4683397,1989-01-23,USA,2013-11-16,
Danyelle Wolf,found,4375603,1983-09-08,USA,,
Taneisha Tennant,found,4684925,1989-06-15,USA,2019-05-31,
Kyle Driscoll,found,4246527,1994-09-23,USA,2016-04-22,
Dinis Paiva,found,3947116,1988-05-26,USA,2011-06-10,
Carlos Ulberg,found,4695736,1990-11-07,New Zealand,2011-08-26,
Bruno Oliveira,ambiguous,,,,,2 MMA ids
Mario Filipe de Sousa,miss,,,,,
Mariusz Ksiazkiewicz,found,4684922,1989-10-04,Poland,2011-05-13,
Danny Sabatello,found,4606413,1993-03-31,USA,2018-07-21,
Taylor Moore,found,4237930,1993-10-16,USA,2015-09-12,
Azamat Murzakanov,found,4227265,1989-04-12,Russia,2010-02-13,
Matheus Scheffel,found,3110833,1992-11-04,Brazil,2012-02-11,
Mo Miller,found,4875508,1992-08-10,USA,2019-08-03,
Jasmine Jasudavicius,found,4835135,1989-03-01,Canada,2019-07-13,
Julia Polastri,found,4686723,1998-03-05,Brazil,2017-09-23,
Mike Malott,found,3165120,1991-11-07,Canada,2011-04-16,
Kathryn Paprocki,found,4403763,1993-04-28,USA,2018-10-13,
Karine Silva,found,3309918,1993-12-02,Brazil,2013-06-15,
Qihui Yan,found,4568503,1996-10-21,China,2016-07-28,
Olivier Murad,found,4892416,1993-12-21,Haiti,2018-03-17,
Bin Xie,found,4892415,1998-02-28,China,2016-07-01,
Maheshate Hayisaer,miss,,,,,
Jilunzhou Qiu,miss,,,,,
Jonas Bilharinho,found,4884867,1990-05-22,Brazil,2011-01-29,
Juan Puerta,found,4204320,1988-01-20,USA,2011-04-22,
Zhifa Shang,found,4286781,1986-03-15,China,2012-06-07,
Kaleio Romero,found,4879763,1996-04-19,USA,2018-03-31,
Waldo Cortes-Acosta,rejected,4903365,,,,name mismatch: Waldo Cortes Acosta
Danilo Suzart,found,5060387,1991-04-12,Brazil,2018-02-24,
Billy Goff,rejected,4706975,,,,name mismatch: Billy Ray Goff
Karolina Wojcik,found,4683551,1994-09-12,Poland,2018-04-21,
Sandra Lavado,found,5044439,1994-05-03,Peru,2016-12-07,
Esteban Ribovics,found,5074131,1996-04-27,Argentina,2015-12-12,
Thomas Paull,found,5074276,1994-10-15,England,2015-06-13,
Jesus Santos Aguilar,miss,,,,,
Sedriques Dumas,found,5060467,1995-08-06,USA,2018-06-09,
Matej Penaz,found,5060472,1996-10-14,Czechia,2020-11-21,
Mateusz Rebecki,found,4689965,1992-11-03,Poland,2014-04-05,
Rodrigo Lidio,found,5044376,1989-07-07,Brazil,2014-12-14,
Victoria Dudakova,miss,,,,,
Jafel Filho,found,3896934,1993-05-05,Brazil,2012-07-07,
Roybert Echeverria,found,5075937,1995-08-21,Venezuela,2020-09-25,
Zachary Reese,miss,,,,,
Josefine Lindgren Knutsson,miss,,,,,
Timothy Cuamba,miss,,,,,
Mateo Alejandro Vogel,miss,,,,,
Patricia Alujas,found,5145494,1996-05-08,Paraguay,2016-02-06,
Shamil Gaziev,found,5145498,1990-02-10,Bahrain,2020-10-24,
Greg Velasco,found,5121866,1993-09-23,USA,2021-05-29,
Daniel James Allen,miss,,,,,
Jacobi Jones,found,5077056,1996-05-24,USA,2021-03-26,
Igor Severino,rejected,5145496,2003-04-21,,2018-12-15,implausible: debut age 15.7
Jhonata Silva,found,5126213,1997-04-24,Brazil,2014-10-03,
Mario Piazzon,found,5149190,1998-04-06,Brazil,2021-11-07,
Alexander Soldatkin,found,5119702,1993-06-10,Germany,2015-08-01,
Rami Hamed,found,4295666,1991-04-25,Lebanon,2015-02-09,
Meng Ding,found,4813565,1994-09-27,China,2015-12-31,
Andreas Gustafsson,found,4738749,1991-02-20,Sweden,2019-01-27,
Pat Pytlik,found,5212851,1989-04-24,Canada,2014-05-16,
Michael Imperato,found,4245470,1989-09-01,Canada,2010-10-23,
Michael Aswell,found,5212738,2000-09-27,USA,2021-05-16,
Matthieu Letho Duclos,found,5013686,1995-04-04,France,2019-10-19,
Malcolm Wellmaker,found,5212854,1994-06-04,USA,2023-06-24,
Adam Bramhald,found,4421157,1994-03-24,England,2015-12-05,
Nick Piccininni,found,5195917,1996-12-16,USA,2021-06-18,
Jack Duffy,found,5211224,1995-10-02,USA,2019-10-05,
Seok Hyeon Ko,miss,,,,,
Igor Cavalcanti,found,5214599,1997-10-10,Brazil,2021-08-14,
Djorden Santos,found,5211247,1997-08-01,Brazil,2015-03-21,
Will Currie,found,4848673,1998-11-12,England,2019-03-02,
Yuneisy Duben,found,5211223,1996-07-08,Venezuela,2019-02-01,
Shannon Clark,found,5211222,1992-07-07,Canada,2022-10-01,
Quillan Salkilld,found,5157667,1999-12-28,Australia,2021-02-13,
Gauge Young,found,5085318,2000-07-14,USA,2020-12-11,
Nicolle Caliari,found,4239113,1996-11-04,Brazil,2015-12-13,
Corinne Laframboise,found,4690484,1989-05-25,Canada,2017-01-28,
Benjamin Bennett,ambiguous,,,,,2 MMA ids
Joey Hart,found,5218816,1997-06-24,USA,2022-07-16,
Ateba Abega Gautier,miss,,,,,
Yura Naito,found,5218420,1996-04-26,Japan,2020-09-27,
Danylo Voievodkin,found,5216851,2000-07-19,Ukraine,2021-08-28,
Bailey Schoenfelder,found,4047571,1997-09-22,USA,2021-05-21,
Kevin Christian,found,5216849,1995-01-21,Brazil,2014-09-29,
Francesco Mazzeo,found,5220883,1997-09-23,Italy,2021-12-18,
Artem Vakhitov,found,5217935,1991-04-04,Russia,2023-06-11,
Islem Masraf,found,5217455,1996-06-07,France,2023-05-11,
Kody Steele,found,5212351,1995-04-21,USA,2022-02-06,
Chasen Blair,found,5193167,1998-10-14,USA,2022-04-02,
Sean Gauci,found,5001017,1996-10-07,Australia,2014-04-05,
Anthony Drilich,found,5218814,1994-03-17,Australia,2017-05-27,
Luis Gurule,found,5218137,1993-11-16,USA,2022-06-03,
Julieta Martinez,found,5223854,2004-09-14,Argentina,,
Leslie Hernandez,found,5223853,1997-12-29,USA,2022-05-06,
Jonathan Micallef,found,5236142,1999-03-05,Australia,2023-11-18,
Mohamed Ado,found,5218668,2000-05-03,Niger,,
Ilian Bouafia,found,5287881,1996-11-13,France,2021-07-01,
Neemias Santana,found,5287948,1996-07-10,Brazil,2015-04-25,
Ty Cole Miller,miss,,,,,
Jimmy Drago,found,5264471,1995-02-18,USA,2019-05-31,
Baisangur Susurkaev,found,5296753,2001-01-08,Russia,2019-12-22,
Radley da Silva,found,5265556,1995-06-20,Canada,2013-07-05,
George Mangos,found,5279283,2003-08-19,Australia,2023-03-04,
Christopher Ewert,miss,,,,,
Jose Mauro Delano,miss,,,,,
Manuel Exposito,found,5219928,2000-05-09,Argentina,2019-03-16,
Brandon Holmes,found,5296762,1997-02-05,USA,2023-12-02,
Louis Lee Scott,found,5212852,2000-02-26,England,2020-03-14,
Kaushik Saikumar,found,5292169,1997-12-11,India,2023-04-22,
Ramiro Jimenez,found,5290796,1999-01-16,Mexico,2019-02-08,
Tommy Cuozzi,found,5290789,1999-08-31,USA,2019-10-19,
Marcio Barbosa,ambiguous,,,,,2 MMA ids
Damon Wilson,found,4915407,1993-04-29,USA,2018-02-17,
Abdul-Rakhman Yakhyaev,found,5291025,2001-01-03,Türkiye,2021-11-12,
Jean-Paul Lebosnoyani,found,4629138,1999-01-27,USA,2018-11-16,
Jack Congdon,found,5228596,1997-05-21,USA,2022-10-29,
Mandel Nallo,found,4063786,1989-07-26,Canada,2012-11-30,
Samuel Silva,found,5124146,1996-01-02,Brazil,2015-08-27,
Eduardo Henrique,ambiguous,,,,,2 MMA ids
Samuel Sanches,found,5293557,2003-01-28,Brazil,2024-04-28,
Carol Foro,found,5278269,1997-03-21,Brazil,2023-08-19,
Shanelle Dyer,found,5157674,2001-04-23,England,2023-04-22,
Thomas Gantt,miss,,,,,
Adam Livingston,found,5307815,2001-08-15,USA,2022-09-10,
Paddy McCorry,found,5109011,1997-12-09,Ireland,2021-08-12,
In Su Hwang,miss,,,,,
Cody Chovancek,found,5282412,1998-07-24,Canada,2021-11-20,
Raphael Uchegbu,found,5086848,1995-08-16,England,2019-05-04,
Murtazali Magomedov,found,5308768,1999-08-26,Kyrgyzstan,2023-11-18,
Brahyam Zurcher,found,4916608,1996-03-10,Mexico,2021-04-09,
Jeisla Chaves,found,5308769,1997-02-02,Brazil,,
Sofia Montenegro,found,5308770,1999-06-18,Argentina,,
Javier Reyes,ambiguous,,,,,2 MMA ids
Justice Torres,found,5277050,1997-10-19,USA,2021-05-16,
Louis Jourdain,found,4877916,1997-03-13,Canada,2017-01-13,
Magno Dias,found,5278268,1995-11-30,Brazil,,
Christopher Alvidrez,found,5310077,1996-12-27,USA,2022-06-03,
Eliezer Kubanza,found,5110297,1997-12-23,Democratic Republic of Congo,2021-11-03,
Rashid Vagabov,found,5174604,1998-06-27,Russia,2019-02-17,
Paulo da Silva,miss,,,,,
Magomed Zaynukov,found,5311034,1995-01-02,Russia,2021-02-20,
Lucas Caldas,found,5311046,1996-05-22,Brazil,2022-12-16,
Adrian Luna Martinetti,found,5310570,1995-08-20,Ecuador,2014-10-25,
Mark Vologdin,found,5310571,2000-04-18,Russia,2018-12-01,
Luis Felipe Dias,found,4693161,1995-01-17,Brazil,2017-08-26,
Donavon Hedrick,found,5311771,1997-03-21,USA,2021-04-17,
Levi Rodrigues,rejected,5312089,,,,name mismatch: Levi Rodrigues Jr.
Juan Diaz,found,5310574,1998-06-03,Peru,2018-12-08,
Won Il Kwon,ambiguous,,,,,2 MMA ids
Marwan Rahiki,found,5302274,2002-05-10,Morocco,2024-07-27,
Michael Oliveira,found,5282411,1998-01-21,Brazil,2022-02-19,
Victor Valenzuela,ambiguous,,,,,2 MMA ids
Jovan Leka,found,5312090,2002-03-15,Serbia,2022-02-19,
Azamat Nuftillaev,found,5101133,1994-01-01,Uzbekistan,2021-10-08,
Mario Mingaj,found,5296254,1998-10-28,Albania,2024-03-16,
Islam Makhachev,found,3332412,1991-10-27,Russia,2010-08-01,
Kyoji Horiguchi,found,2613374,1990-10-12,Japan,2010-05-09,
Yaroslav Amosov,found,4275020,1993-09-09,Ukraine,2012-06-14,
A.J. McKee,found,3821379,1995-04-07,USA,2015-04-10,
Movlid Khaybulaev,found,4300148,1990-10-16,Russia,2011-10-22,
Alexander Volkanovski,found,3949584,1988-09-29,Australia,2012-05-19,
Magomed Magomedkerimov,found,3094530,1990-01-10,Russia,2008-08-22,
Aljamain Sterling,found,3031559,1989-07-31,USA,2011-04-22,
Cristiane Justino,miss,,,,,
Movsar Evloev,found,4029275,1994-02-11,Russia,2014-11-25,
Gegard Mousasi,found,2431313,1985-08-01,Netherlands,2003-04-27,
Patricio Freire,miss,,,,,
Demetrious Johnson,found,2512089,1986-08-13,USA,2009-08-15,
Usman Nurmagomedov,found,4726566,1998-04-17,Russia,2017-03-26,
Alexandre Pantoja,found,2560746,1990-04-16,Brazil,2007-07-21,
Michael Page,found,3022067,1987-04-07,,2012-02-04,
Charles Oliveira,ambiguous,,,,,2 MMA ids
Raul Tutarauli,found,4074008,1992-05-10,Georgia,2011-09-17,
Dricus Du Plessis,found,3166126,1994-01-14,South Africa,2013-07-25,
Justin Gaethje,found,3022345,1988-11-14,USA,2011-08-20,
Umar Nurmagomedov,found,4569549,1996-01-03,Russia,2016-12-16,
Andrey Koreshkov,found,2980488,1990-08-23,Russia,2010-10-23,
Kairat Akhmetov,found,3952409,1987-10-12,Kazakhstan,2010-05-01,
Rajabali Shaidullaev,miss,,,,,
Taylor Lapilus,found,3151934,1992-04-08,France,2012-03-31,
Asu Almabayev,found,4294926,1994-01-25,Kazakhstan,2013-06-01,
Anatoly Tokov,found,3094512,1990-02-17,Russia,2009-11-03,
Denis Goltsov,found,3024604,1990-06-10,Russia,2010-08-19,
Hiromasa Ougikubo,ambiguous,,,,,2 MMA ids
Rinat Fakhretdinov,found,4712980,1991-09-28,Russia,2013-06-05,
Vadim Nemkov,found,3955014,1992-06-20,Russia,2013-05-31,
Ivan Buchinger,found,2970370,1986-02-14,Slovakia,2008-06-02,
Jiri Prochazka,found,3156612,1992-10-14,Czechia,2012-04-07,
Phil De Fries,found,2589311,1986-04-21,England,2009-04-26,
Alexander Shlemenko,found,2511246,1984-05-20,Russia,2004-02-19,
Karlos Vemola,found,2504244,1985-07-01,Czechia,2008-02-24,
Juan Archuleta,found,3152203,1987-09-13,USA,2013-08-09,
Goiti Yamauchi,found,3076910,1993-01-05,Brazil,2010-10-16,
Julio Cesar Neves Jr.,found,3146949,1994-04-25,,2011-10-01,
Kleber Koike Erbst,found,3091344,1989-10-16,Japan,2008-09-28,
Alexander Volkov,found,2993650,1988-10-24,Russia,2009-04-19,
Johnny Eblen,found,4697390,1991-12-13,USA,2017-07-07,
Magomed Ankalaev,found,4273399,1992-06-02,Russia,2014-01-18,
John Lineker,ambiguous,,,,,2 MMA ids
Merab Dvalishvili,found,3948572,1991-01-10,Georgia,2014-01-24,
Krzysztof Jotko,found,3074465,1989-08-19,Poland,2010-06-18,
Arman Tsarukyan,found,4419372,1996-10-11,Armenia,2015-09-25,
Sean Strickland,found,3093653,1991-02-27,USA,2008-03-22,
Max Holloway,found,2614933,1991-12-04,USA,2010-09-11,
Abdisalam Kubanychbek,found,4714328,1994-06-04,Kyrgyzstan,2015-11-11,
Joilton Lutterbach,found,3895855,1992-11-05,Germany,2011-12-09,
Oleg Popov,found,4336342,1992-01-10,Russia,2015-10-23,
Ryan Bader,found,2335530,1983-06-07,USA,2007-03-31,
Petr Yan,found,4293517,1993-02-11,Russia,2013-03-29,
Fedor Emelianenko,found,2335714,1976-09-28,Russia,2000-05-21,
Timur Khizriev,found,4894428,1995-11-19,Russia,2014-08-30,
Alexander Sarnavskiy,ambiguous,,,,,2 MMA ids
Alexandr Shabliy,miss,,,,,
Dominick Cruz,found,2335888,1985-03-09,USA,2005-01-29,
Will Brooks,found,3017946,1986-10-08,USA,2011-01-22,
Rodrigo Vera,found,4422430,1995-10-18,Peru,2016-02-18,
Raoni Barcelos,found,3075570,1987-05-01,Brazil,2012-03-10,
Shinya Aoki,found,2354244,1983-05-09,,2003-11-24,
Rustam Kerimov,miss,4289515,,,,no dob on record
Muhammad Mokaev,found,4905261,2000-07-30,England,2020-08-01,
Abdoul Abdouraguimov,found,4245706,1995-08-01,France,2016-11-26,
Ilia Topuria,found,4350812,1997-01-21,Georgia,2015-04-04,
Ian Garry,rejected,4738092,,,,name mismatch: Ian Machado Garry
Joshua Pacio,found,4054997,1996-01-10,Philippines,2013-12-14,
Mateusz Gamrot,found,3068125,1990-12-11,Poland,2012-02-04,
Sergio Pettis,found,3002028,1993-08-18,USA,2011-09-10,
Magomedrasul Gasanov,found,3895808,1994-11-23,Russia,2014-05-31,
Olivier Aubin-Mercier,found,3096577,1989-02-23,Canada,2011-10-21,
Mario Bautista,found,4410868,1993-07-01,USA,2017-05-20,
Liz Carmouche,found,2554674,1984-02-19,USA,2010-03-13,
Makhmud Muradov,found,4426130,1990-02-08,Uzbekistan,2012-04-29,
Paddy Pimblett,found,4008549,1995-01-03,England,2012-10-16,
Haojie Li,found,5074926,1995-06-28,China,2016-02-20,
Gadzhi Rabadanov,found,4423241,1993-01-07,Russia,2013-02-21,
Josiel Silva,found,4274901,1991-02-19,,2010-04-16,
Magomed Magomedov,ambiguous,,,,,6 MMA ids
Manel Kape,found,4236504,1993-11-14,Portugal,2012-05-13,
Joseph Benavidez,found,2500457,1984-07-31,USA,2006-06-03,
Arnold Allen,found,3902098,1994-01-22,England,2012-04-07,
Kayla Harrison,found,4332765,1990-07-02,USA,2018-06-21,
Naoki Inoue,found,4204438,1997-06-14,Japan,2015-03-07,
Deiveson Figueiredo,found,4189320,1987-12-18,Brazil,2012-02-17,
Abdul-Rakhman Dudaev,miss,4300702,,,,no dob on record
Nursulton Ruziboev,found,4422103,1993-11-19,Uzbekistan,2014-08-16,
Victor Henry,found,3114234,1987-05-04,USA,2010-08-21,
Lerone Murphy,found,4576101,1991-07-22,England,2016-03-05,
Sean Brady,found,4295192,1992-11-23,USA,2014-08-09,
Abdul-Aziz Abdulvakhabov,found,4289499,1989-01-16,Russia,2011-09-26,
Islam Mamedov,found,3074829,1990-02-10,Russia,2009-06-27,
Urijah Faber,found,2335682,1979-05-14,USA,2003-11-13,
Shamil Musaev,found,4688510,1994-01-08,Russia,2013-06-30,
Zhu Rong,miss,4895572,,,,no dob on record
Mason Jones,found,4419470,1995-04-26,Wales,2017-10-14,
Makoto Takahashi,rejected,4410967,2000-07-05,,2016-04-24,implausible: debut age 15.8
Tatsuro Taira,found,4917772,2000-01-27,Japan,2018-08-03,
Sergei Pavlovich,found,4217395,1992-05-13,Russia,2014-12-20,
Nathaniel Wood,found,3950354,1993-05-08,England,2013-02-09,
Roberto Satoshi de Souza,rejected,4413120,,,,name mismatch: Roberto de Souza
Tofiq Musayev,found,4423264,1989-12-15,Azerbaijan,2013-05-28,
Lorenz Larkin,found,2556793,1986-09-03,USA,2009-08-15,
Islam Omarov,found,5194708,1997-06-02,Russia,2016-10-15,
Pat Sabatini,found,4085967,1990-11-09,USA,2014-04-26,
Ramazonbek Temirov,miss,,,,,
Belal Muhammad,found,3172112,1988-07-09,Palestine,2012-08-18,
Vitaly Minakov,found,3032930,1985-02-06,Russia,2010-04-10,
Norman Parke,found,3009719,1986-12-22,Northern Ireland,2006-03-12,
Joshua Van,found,5120301,2001-10-10,Myanmar,2021-10-17,
Bryce Mitchell,found,3953381,1994-10-04,USA,2015-01-24,
Virna Jandiroba,found,4289516,1988-05-30,Brazil,2013-06-15,
Khamzat Chimaev,found,4684751,1994-05-01,United Arab Emirates,2018-05-26,
Jakub Kaszuba,found,5127822,1995-06-02,Poland,2017-04-01,
Sergei Kharitonov,found,2475111,1980-08-18,Russia,2000-08-11,
Logan Storley,found,4234873,1992-09-08,USA,2015-08-21,
Eric Wisely,found,2499534,1984-07-25,USA,2006-12-21,
Patrick Mix,miss,,,,,
Adriano Moraes,found,3081236,1987-04-21,Brazil,2011-09-04,
Dakota Ditcheva,found,5080570,1998-07-25,England,2021-04-10,
Costello Van Steenis,found,4330791,1992-07-28,Spain,2014-04-05,
Valeriu Mircea,found,4013570,1993-10-05,Moldova,2014-11-15,
Kai Asakura,found,4336757,1993-10-31,Japan,2012-09-16,
Mirko Filipovic,found,2335875,1974-09-10,,2001-08-19,
Sharabutdin Magomedov,miss,,,,,
Ludovit Klein,found,4193694,1995-02-22,Slovakia,2014-12-20,
Yuki Motoya,found,3164799,1989-09-14,Japan,2011-05-07,
Azamat Kerefov,miss,,,,,
Mochamed Machaev,found,5105324,1999-12-05,Austria,2017-09-23,
Masakatsu Ueda,found,2555216,1977-12-21,Japan,2005-11-29,
Antonio McKee,found,2501639,1970-03-12,USA,1999-10-13,
Evgeniy Goncharov,found,4334803,1986-08-03,Russia,2012-08-22,
Corey Anderson,found,3112020,1989-09-22,USA,2013-03-29,
Jose Aldo,found,2447641,1986-09-09,Brazil,2004-08-10,
Daniel Weichel,found,2354210,1984-11-22,Germany,2002-05-12,
Sarvarjon Khamidov,found,5022142,1997-04-13,Tajikistan,2016-08-27,
Adam Borics,found,4208418,1993-07-07,Hungary,2014-08-01,
Natan Schulte,found,4093244,1992-02-20,Brazil,2011-12-12,
Tahir Abdullayev,found,4394753,1997-02-02,Azerbaijan,2015-04-04,
Yadong Song,rejected,3151289,1997-12-02,,2013-05-18,implausible: debut age 15.5
Jakub Wiklacz,rejected,4371005,,,,name mismatch: Jakub Wikłacz
Tagir Ulanbekov,found,4294924,1991-08-07,Russia,2013-07-07,
Alexander Romanov,miss,,,,,
Francis Ngannou,found,3933168,1986-09-05,Cameroon,2013-11-30,
Larissa Pacheco,found,3133988,1994-09-07,Brazil,2012-03-15,
Kerim Engizek,found,4025713,1991-05-13,Germany,2011-11-26,
Andre Harrison,found,3163771,1988-05-16,USA,2011-11-18,
Raufeon Stots,found,4063783,1988-12-16,USA,2015-05-30,
Jimmie Rivera,found,3003458,1989-06-29,Puerto Rico,2008-09-12,
Alan Omer,found,3088204,1988-09-14,Iraq,2006-10-14,
Hayato Suzuki,found,4235453,1986-07-19,Japan,2012-10-19,
Mairon Santos,found,4914573,2000-06-10,Brazil,2019-03-16,
Aren Akopyan,found,4696858,1993-09-18,Russia,2013-12-01,
Magomed Bibulatov,found,3151939,1988-08-22,Russia,2013-06-08,
Phil Davis,found,2499976,1984-09-25,USA,2008-10-11,
Jesus Pinedo,found,4243873,1996-06-22,Peru,2013-07-17,
Melquizael Costa,found,4425763,1996-09-14,Brazil,2014-03-08,
Gabriel Braga,found,5124792,1998-04-24,Brazil,2018-07-07,
Nazareno Malegarie,found,2554676,1986-05-16,Argentina,2007-08-11,
Robert Whittaker,found,3009717,1990-12-20,Australia,2009-03-14,
Rafael Silva,rejected,3937429,1989-07-30,,2005-06-05,implausible: debut age 15.8
Dakota Cochrane,found,2565156,1988-05-01,,2009-11-13,
Jussier Formiga,found,2560740,1985-04-14,Brazil,2005-05-13,
T.J. Dillashaw,found,2611719,1986-02-07,USA,2010-03-26,
Herbeth Sousa,found,4394419,1994-03-12,Brazil,2012-12-02,
Askar Askarov,found,4064692,1992-10-09,Russia,2013-07-07,
Abus Magomedov,found,3077822,1990-09-02,Germany,2010-02-26,
Makkasharip Zaynukov,miss,4601137,,,,no dob on record
Losene Keita,found,5192314,1997-12-30,Belgium,2019-10-05,
Ayaka Hamasaki,found,3027993,1982-03-31,Japan,2011-09-11,
Yair Rodriguez,found,3155420,1992-10-06,Mexico,2011-01-29,
Indalecio Tat Romero,found,3087880,1980-03-27,,2004-09-25,
Roberto Soldic,found,4274796,1995-01-25,Croatia,2014-10-19,
Borislav Nikolic,found,5131951,1993-01-29,Serbia,2016-05-28,
Reinier de Ridder,found,4423880,1990-09-07,Netherlands,2013-06-01,
Jose Maria Tome,found,2560750,1982-01-04,Brazil,2004-08-10,
Douglas Lima,found,2500691,1988-01-05,Brazil,2006-07-14,
Nassourdine Imavov,found,4690539,1996-03-01,France,2016-02-04,
Piotr Kuberski,miss,5149924,,,,no dob on record
Dias Yerengaipov,miss,,,,,
Zhora Ayvazyan,found,5218648,1995-02-11,Armenia,2018-02-18,
Acoidan Duque,found,3095057,1987-12-14,Spain,2009-11-07,
Oleg Borisov,found,3113309,1983-02-14,,2007-11-11,
Douglas Silva de Andrade,found,3090893,1985-06-22,Brazil,2007-05-11,
Kamil Magomedov,found,5098307,1992-07-17,Russia,2012-07-03,
