ourId,name,ufcDebut,arrivalElo,arrivalPercentile,priorBouts,lastRegionalFight
fd67143f447281de,Patricio Freire,2025-04-12,1778.5,99.9,43,2024-03-22
8ab1b5cdf84d546b,Yaroslav Amosov,2025-12-13,1762.3,99.9,29,2025-03-14
742fa0928eacb223,Gegard Mousasi,2013-04-06,1732.3,99.8,38,2013-01-12
d649fe1ea4499ea7,Jiri Prochazka,2020-07-11,1723.8,99.7,30,2019-12-31
de9b370a0b1c44a9,Michael Page,2024-03-09,1722.9,99.6,23,2023-03-10
2c9959f2626a35fd,Renan Barao,2011-05-28,1716.4,99.6,26,2010-12-16
74bb53e7099cb5b9,Kai Asakura,2024-12-07,1707.6,99.5,25,2023-12-31
445643aa88ac4486,Douglas Silva de Andrade,2014-02-15,1706.6,99.4,22,2013-12-21
2ec8d26e4041f9fb,Michael Chandler,2021-01-23,1701.2,99.3,26,2020-08-07
8722f9f4edfb2d81,Will Brooks,2016-07-08,1701.1,99.3,18,2015-11-06
6f8b8d1f2f3b7fcc,Mateusz Gamrot,2020-10-17,1701.1,99.2,17,2020-08-29
cc66dc906fe562a1,Maxim Grishin,2020-07-11,1698.4,99.1,39,2019-10-31
d5ebb51288f99cee,Justin Gaethje,2017-07-07,1697.6,99.1,17,2016-12-31
50516fb9a0bf9832,Gilbert Melendez,2013-04-20,1696.7,99.0,23,2012-05-19
4c721aa373ec5009,Antonio McKee,2011-01-01,1696.4,98.9,30,2010-09-10
83b077347f2d55fa,Marcin Held,2016-11-05,1693.2,98.8,26,2016-05-20
6654318100e87744,Losene Keita,2026-03-21,1692.6,98.8,17,2024-12-29
d816217cea80cc4a,Iuri Alcantara,2011-08-27,1691.9,98.7,28,2010-12-16
28de9504e826b798,Maiquel Falcao,2010-11-20,1689.5,98.6,28,2010-07-17
602460be3bce1990,Ihor Potieria,2022-07-30,1689.3,98.6,25,2021-09-28
453d16339a1c9b31,Tofiq Musayev,2025-06-21,1685.7,98.5,27,2023-11-04
f2093bbdb37c45da,Dominick Cruz,2011-07-02,1685.6,98.4,18,2010-12-16
fca2542155e4fd20,Victor Hugo,2024-04-06,1684.9,98.3,28,2023-10-03
d711c2758350cbf5,Victor Henry,2022-01-22,1684.6,98.3,26,2021-10-30
cf9ff9f6ec2ccfc0,Urijah Faber,2011-03-19,1682.9,98.2,28,2010-11-11
31bcb5ce3debb8df,Asu Almabayev,2023-08-05,1681.8,98.1,19,2022-11-26
e6379804d274f18b,Thomas Almeida,2014-11-08,1681.0,98.0,17,2014-06-20
20b94b224c81c291,Nazareno Malegarie,2015-09-05,1681.0,98.0,26,2014-03-22
8207b4d862044632,Ante Delija,2025-09-06,1681.0,97.9,31,2025-04-12
33936cc54a3063f8,Raulian Paiva,2019-02-09,1680.7,97.8,19,2018-08-11
1ca9af9ac078f0ba,Carlos Leal,2024-10-26,1680.5,97.8,26,2024-07-06
e8904c85658949e8,Kayla Harrison,2024-04-13,1680.0,97.7,17,2023-11-24
86dc7b9318febf9b,Rinat Fakhretdinov,2022-06-04,1679.0,97.6,22,2021-01-15
266849cbd83fade5,Dileno Lopes,2015-08-01,1678.5,97.5,19,2014-10-02
941e2615d914d962,Jose Aldo,2011-04-30,1677.5,97.5,19,2010-09-30
ee66f8d0ba75975e,Lucas Rocha,2024-10-12,1675.8,97.4,18,2023-10-10
1be0a07a75aba8b6,Abus Magomedov,2022-09-03,1675.0,97.3,29,2020-12-19
99142b6b0a8bdbba,Jean Matsumoto,2024-04-06,1674.9,97.3,14,2023-09-12
46f2223adc5768e1,Iliarde Santos,2013-05-18,1673.4,97.2,34,2012-11-29
9fc426aaa44255d9,Chris Curtis,2021-11-06,1671.8,97.1,34,2021-07-30
0dc9571266788e7c,Javier Reyes,2026-02-28,1671.4,97.0,27,2025-09-23
65960493f529fc58,Alexander Volkov,2016-11-19,1671.3,97.0,32,2016-06-16
5d3802de0a8afc3c,Jussier Formiga,2012-10-05,1670.6,96.9,15,2012-06-29
bfdb8b386085cd2a,Michel Prazeres,2013-05-18,1670.1,96.8,16,2012-06-02
aad8e24798f0a89f,Vinicius Oliveira,2024-03-02,1669.8,96.7,22,2023-09-26
70ee39eb53d14bc1,Blagoy Ivanov,2018-07-14,1669.4,96.7,17,2017-11-02
37962e622840843a,Nursulton Ruziboev,2023-07-01,1668.6,96.6,42,2022-04-10
c677e653df81851a,Virna Jandiroba,2019-04-27,1667.9,96.5,14,2018-09-01
41e41e4d372a0ff3,Tyrell Fortune,2026-03-28,1667.6,96.5,20,2025-09-20
8d7218ec34c995e4,Mateusz Rebecki,2023-01-14,1667.0,96.4,17,2022-08-30
cf81dba9e7c1436e,Yuta Sasaki,2014-08-23,1666.8,96.3,19,2014-05-25
80fff92139ea4fad,Azat Maksum,2023-07-15,1666.6,96.2,14,2023-01-21
340ad4c65112927b,Makhmud Muradov,2019-09-28,1666.1,96.2,28,2019-07-27
434c4533ee6ced38,Kevin Aguilar,2018-11-30,1665.5,96.1,16,2018-07-10
491c47c97570c365,Alexandre Pantoja,2017-01-28,1665.4,96.0,18,2015-05-08
d7ca352f5592a010,Adrian Luna Martinetti,2026-04-25,1664.8,95.9,18,2025-10-07
938dc74b9de9c415,Azamat Bekoev,2025-01-18,1664.2,95.9,21,2024-06-22
7303f16a5757c357,Timur Valiev,2020-08-22,1663.6,95.8,18,2019-12-13
73dcdd41661adf51,Taila Santos,2019-02-02,1663.5,95.7,15,2018-08-11
d11e3f2e5deb833f,Xiao Long,2024-06-22,1663.5,95.7,34,2023-08-27
060c96b72f13efdb,Bibulatov Magomed,2017-04-08,1663.1,95.6,13,2016-10-04
5e869f0c15c040a1,Jimmie Rivera,2015-07-18,1662.3,95.5,17,2015-05-09
1581a12ff499bd32,Aliaskhab Khizriev,2022-03-26,1662.1,95.4,14,2020-09-08
db3f5063058ec38a,Reinier de Ridder,2024-11-09,1662.1,95.4,19,2024-07-27
87bd1fc4820e6e6f,Austin Bashi,2025-01-11,1661.7,95.3,13,2024-09-03
aa788df7587f1357,Ludovit Klein,2020-09-26,1661.5,95.2,18,2020-02-15
20c8eb11c1c160b9,Jakub Wiklacz,2025-10-04,1661.2,95.2,21,2024-06-07
16b49cd67451547b,Kaynan Kruschewsky,2023-11-04,1660.8,95.1,16,2023-09-19
1fc339f153e788c3,Cristian Quinonez,2022-09-03,1660.6,95.0,20,2021-10-26
a175cb5d70c753c6,Manoel Sousa,2026-03-14,1660.6,94.9,14,2025-08-26
e3c4bca51aa2bdd4,Tony Gravely,2020-01-25,1659.9,94.9,24,2019-08-13
379d024344ca05f6,Marlon Moraes,2017-06-03,1659.8,94.8,23,2016-12-31
2971bd696b960770,Jason Knight,2015-12-11,1659.7,94.7,17,2015-09-19
b0207de5a5f37ca1,Mirko Filipovic,2007-02-03,1659.4,94.6,27,2006-09-10
6f151471dd180d1e,Umar Nurmagomedov,2021-01-20,1659.2,94.6,12,2019-11-23
21e42c25f8200a44,Sergey Morozov,2021-01-20,1658.7,94.5,20,2019-10-19
9435ba8191d6d97c,Jessica Aguilar,2015-08-01,1658.6,94.4,23,2014-11-15
331d3f58e32980ad,Ikram Aliskerov,2023-05-06,1658.1,94.4,14,2022-09-13
89b3a167881f8e40,Adriano Martins,2013-11-09,1658.0,94.2,30,2013-01-12
e9c3cc0c46751816,Cristiane Justino,2016-05-14,1658.0,94.3,16,2016-01-16
38583c52c529dc65,Mark Striegl,2020-10-17,1657.8,94.1,20,2018-09-29
bf14e890b46e0305,Diego Lopes,2023-05-06,1657.4,94.1,26,2022-11-18
0c24350dc36661c6,Rafa Garcia,2021-03-13,1657.1,94.0,12,2020-02-21
c47c141378f00a2a,Desmond Green,2017-04-08,1656.9,93.9,24,2016-12-02
03b527306e0b57c8,Gabriel Bonfim,2023-01-21,1656.7,93.8,13,2022-09-06
fc5ed93b9af75353,Gadzhi Omargadzhiev,2022-04-16,1655.3,93.8,13,2021-10-26
20fbdf9a7df6c950,Ismael Bonfim,2023-01-21,1655.2,93.6,21,2022-09-06
511c563e58695e67,Marcio Barbosa,2026-04-18,1655.2,93.7,20,2025-08-26
358d271636db2206,Quinton Jackson,2007-02-03,1654.8,93.6,31,2006-07-22
59fcc641cfc67b7d,Ronaldo Rodriguez,2024-02-24,1654.8,93.5,18,2023-05-19
aa24645f9e10d443,Krzysztof Jotko,2013-12-06,1654.5,93.4,13,2013-04-27
56ae4acb4e3f6e6b,Abdul-Kareem Al-Selwady,2024-03-02,1654.5,93.3,18,2023-08-15
06b672385c837e67,Sarah Kaufman,2013-10-19,1654.4,93.3,18,2013-04-05
718bef7d0bc34f00,Bruno Santos,2013-12-06,1654.3,93.2,13,2012-03-16
a991252ad3712030,Muin Gafurov,2023-06-03,1654.1,93.1,23,2022-10-14
d892963e78a574fb,Saimon Oliveira,2022-01-22,1654.0,93.1,21,2021-09-07
17dc8cabd91da5ae,Daniel Zellhuber,2022-09-17,1653.2,93.0,12,2021-09-28
fe96fd653f562e98,Daniel Marcos,2023-01-21,1652.3,92.9,13,2022-09-13
03cec80834c88d99,Keita Nakamura,2006-12-13,1652.1,92.8,17,2006-09-09
ae907070e81a7814,Askar Askarov,2019-09-21,1652.0,92.8,11,2018-05-05
c91e400809d7f272,Aaron Pico,2025-08-16,1651.9,92.7,17,2024-02-24
cfc7947b16fff1b5,Klidson Abreu,2019-02-23,1651.7,92.6,16,2018-11-17
7000b0fb9e20419a,Dricus Du Plessis,2020-10-10,1651.4,92.5,16,2019-12-14
d38d32acdb6c8ac2,Sergei Pavlovich,2018-11-24,1650.9,92.5,12,2017-11-19
d42c88019231799d,Jamall Emmers,2020-03-07,1650.7,92.4,21,2020-01-31
f82c365cb6b6a2e8,Kevin Vallejos,2025-03-15,1650.5,92.3,15,2024-09-24
3a0f7fd1dbd0ce0b,Ismail Naurdiev,2019-02-23,1650.4,92.3,19,2019-02-02
5193a0f230f0e22c,Jordan Mein,2013-03-16,1650.0,92.2,34,2012-11-23
9c6e628282bba41d,Yuki Kondo,2000-09-22,1649.8,92.1,40,2000-07-23
74fd8194bb19e2bf,Andre Muniz,2019-11-16,1649.6,92.0,22,2019-08-06
3ae417889e6fa052,Pedro Falcao,2024-04-06,1649.3,91.9,19,2023-11-12
d13c8ceda8609795,Bruno Lopes,2025-01-11,1649.3,92.0,14,2024-08-13
717d98be19ae7f58,Lorenz Larkin,2013-04-20,1649.1,91.8,13,2012-07-14
3955ba60efa70b99,Jarred Brooks,2017-07-29,1649.0,91.8,12,2016-10-02
81a04fdf9efd8123,Alan Omer,2014-04-11,1648.8,91.7,21,2014-02-08
00ccd78f83230b09,Alexander Volkanovski,2016-11-26,1648.6,91.6,14,2016-07-08
070750e76792d168,Rafael Estevam,2023-11-18,1648.4,91.5,11,2022-09-27
c265d59bcf8b1327,Nicolas Dalby,2015-05-30,1648.0,91.5,13,2014-11-15
1b2245155a92a358,Rogerio Bontorin,2019-02-02,1648.0,91.4,15,2018-08-10
e180666d3423c42b,Cezary Oleksiejczuk,2025-12-13,1647.9,91.3,19,2025-09-02
c921a062105cb950,Kyoji Horiguchi,2013-10-19,1647.7,91.2,12,2013-06-22
fc1af0eefb2c234c,John Lineker,2012-05-05,1647.4,91.2,24,2011-09-10
4a637c0f4e711aa4,Sean Strickland,2014-03-15,1647.4,91.1,13,2013-08-29
eb764bb66e7f3030,Movsar Evloev,2019-04-20,1646.8,91.0,10,2018-07-21
b015a1a954f587d1,Calvin Kattar,2017-07-29,1646.3,91.0,18,2016-09-23
adb29a86d181648c,Matt Bessette,2018-01-20,1646.2,90.8,29,2017-05-12
b629ea51b007a50f,Raoni Barcelos,2018-07-14,1646.2,90.9,12,2016-10-28
4d0db0a8f33630df,Johnny Eduardo,2011-08-27,1646.0,90.7,33,2011-04-01
416ff8c1a4180299,Gadzhimurad Antigulov,2016-11-19,1645.9,90.7,22,2016-05-06
ef6f7cfd5d5972b3,Jafel Filho,2023-03-18,1645.8,90.6,16,2022-09-20
3be7fbb43facaf39,Brett Johns,2016-11-19,1645.5,90.5,12,2015-07-18
77051a019991ecab,Cody Stamann,2017-07-08,1645.3,90.4,15,2017-04-29
e66a4cf84871dd4b,Hernani Perpetuo,2014-04-19,1645.1,90.4,20,2013-08-25
5a7dee229b27e06c,Rafael Tobias,2026-03-07,1644.5,90.3,15,2025-09-23
205e928621a6f62d,Hecher Sosa,2026-03-14,1644.3,90.2,15,2025-09-16
b4e998ae245c303e,Tagir Ulanbekov,2020-10-10,1644.2,90.2,12,2019-12-13
eedd17b17f17ffb8,Brad Pickett,2011-11-05,1644.1,90.1,26,2010-12-16
c47a2d5c6f119c26,Melquizael Costa,2023-01-21,1643.9,90.0,24,2022-11-18
01827249d3b138b8,Charles Oliveira,2010-08-01,1643.7,89.8,12,2010-02-14
0651190a213d45b2,Jack Shore,2019-09-28,1643.7,89.9,11,2019-04-27
7b5a6833c40aa5f4,Luis Gurule,2025-04-05,1643.7,89.9,10,2024-10-15
93635f958774e503,Wellington Turman,2019-07-13,1643.3,89.7,17,2019-04-19
5138742df3096e35,Allan Nascimento,2021-10-30,1643.3,89.7,23,2021-07-23
dcf805bf4b210fb9,Shamil Gaziev,2023-12-16,1643.2,89.6,11,2023-09-19
00de3a4bfdc4a1ba,Said Nurmagomedov,2018-07-14,1642.9,89.5,12,2017-09-27
f4ac3c61f20e824c,David Zawada,2018-07-22,1642.8,89.4,19,2018-04-14
c15f8ac4d76af53a,Bogdan Grad,2025-02-01,1642.8,89.4,16,2024-08-27
087d5e2b3912bfd6,Deiveson Figueiredo,2017-06-03,1642.7,89.3,11,2016-12-01
86a2f8b96a00ac43,John Castaneda,2020-07-25,1642.5,89.1,21,2019-04-12
430417004f18f7de,Marco Tulio,2025-01-11,1642.5,89.1,13,2024-08-27
5a260b5502a690c8,Ben Askren,2019-03-02,1642.5,89.2,7,2017-11-24
5adc666e571b3cb1,Lucas Almeida,2022-06-04,1642.4,89.0,14,2021-10-15
29a6a8a9d3847e14,Jan Blachowicz,2014-10-04,1642.3,88.9,20,2013-03-16
0797fc8692d8f81a,Liang Na,2021-04-24,1642.2,88.9,23,2021-01-14
0cdf094ed2a15c5e,Manel Kape,2021-02-06,1642.1,88.8,19,2019-12-31
630b94233d66e230,Roman Bogatov,2020-07-11,1642.0,88.6,10,2019-08-30
968f595eff08ecaa,Mandel Nallo,2026-04-18,1642.0,88.7,17,2025-09-02
bed9c053b4de1820,Scott Askham,2014-10-04,1641.9,88.6,12,2014-06-07
d0643c25e44d149b,Jim Wallhead,2016-09-03,1641.8,88.5,38,2016-04-09
384b9ef43aa01a73,Mason Jones,2021-01-20,1641.7,88.4,10,2020-09-26
a0811e03ef7082c8,Ricky Simon,2018-04-21,1641.6,88.4,13,2018-03-23
9beb40ad2fcb278d,Andre Fialho,2022-01-22,1641.6,88.3,17,2021-10-29
96b8d95c6822ab2b,Mairon Santos,2024-08-24,1641.6,88.2,14,2023-03-24
b64c3d4ac407dfce,Esteban Ribovics,2023-03-04,1641.4,88.1,11,2022-08-16
5561fca8c897f0bf,Michael Morales,2022-01-22,1641.3,88.1,12,2021-09-21
2d0d405ad62b34b7,Austin Vanderford,2025-02-22,1641.3,88.0,14,2024-10-18
8b558a8b79942698,Tatsuro Taira,2022-05-14,1640.9,87.9,10,2021-11-06
1c2caae133a1f406,Arman Tsarukyan,2019-04-20,1640.8,87.8,14,2018-08-22
245f661e52b116c7,Alex Perez,2017-12-09,1640.7,87.8,22,2017-08-08
693be865c2fb6f37,Amir Albazi,2020-07-18,1640.7,87.7,13,2019-11-15
f8223ca1dc005f67,Pedro Nobre,2013-01-19,1640.4,87.6,17,2012-12-09
ff025760ee2390b7,Lucas Martins,2013-01-19,1640.3,87.6,12,2012-12-13
e0b5012864c76173,Chance Rencountre,2018-06-01,1640.1,87.4,15,2018-02-10
5594f32554f40119,Baergeng Jieleyisi,2024-11-23,1640.1,87.5,24,2024-08-23
4ce8b98017838f92,Terrence Mitchell,2023-07-08,1640.0,87.3,17,2023-04-28
3495d04b5c109550,Paddy Pimblett,2021-09-04,1639.9,87.3,19,2021-03-20
2595335cf9f4ccb6,Erick Silva,2011-08-27,1639.8,87.1,13,2010-10-30
c17b1fa1d28c1eea,Jailton Almeida,2022-02-05,1639.8,87.2,16,2021-09-14
0821676917e56c8a,Norman Parke,2012-12-14,1639.4,87.0,18,2012-05-12
08225d9bd0971e37,Gabriel Santos,2023-03-18,1639.3,87.0,10,2023-01-28
a08d0019ab93b5d6,Ottman Azaitar,2019-09-07,1639.2,86.9,11,2018-08-18
c5915a36a2292c64,Jason Witt,2020-06-27,1639.0,86.8,23,2020-02-22
ffc82991174b4d0d,Robert Bryczek,2024-02-10,1638.8,86.8,22,2023-07-28
7b27c5dbef7774f4,Curtis Millender,2018-02-18,1638.6,86.7,17,2018-01-12
c80420e9d8906733,John Teixeira,2012-06-23,1638.3,86.5,13,2011-12-07
2c6080cef7de1112,Casey Kenney,2019-03-30,1638.3,86.6,13,2019-03-22
34ab4ff4d27b2eec,Yasuhiro Urushitani,2012-03-02,1638.2,86.2,29,2011-07-18
9c3208d89cbe9368,Thibault Gouti,2016-02-27,1638.2,86.3,11,2015-11-21
b965911ecbb7ea65,Jared Gordon,2017-06-25,1638.2,86.5,13,2017-02-18
80cf00ee1aa86151,Rob Wilkinson,2017-09-02,1638.2,86.4,11,2016-10-01
f83eb8d8634c7c8b,Ian Heinisch,2018-11-17,1638.2,86.3,12,2018-07-31
25398aa8ac7d221b,Sean Brady,2019-10-18,1638.2,86.1,10,2019-02-16
49700fe0278b7ac7,Danny Martinez,2014-02-01,1638.1,86.0,22,2012-12-01
d7c50bc1e2a1c4f7,Kyle Stewart,2019-01-19,1638.0,85.9,12,2018-11-09
c9b2904fbc6f2692,Derrick Krantz,2019-05-18,1638.0,86.0,34,2019-03-29
aff972203a540f31,Wilson Reis,2013-09-21,1637.9,85.7,20,2012-12-08
630de995e580e91b,Darrell Horcher,2016-04-16,1637.9,85.8,13,2015-10-31
d677e26394f63853,Yushin Okami,2006-08-26,1637.8,85.7,20,2006-06-11
8fa232d3a73d0de7,Julio Arce,2018-01-20,1637.7,85.6,15,2017-08-08
3d497e7f0fd30cf7,Gleison Tibau,2006-11-18,1637.6,85.5,17,2006-03-11
f98cac378dcfb57b,David Martinez,2025-03-29,1637.6,85.5,12,2024-10-01
cf9572aa5a2a4ee3,Jennifer Maia,2018-07-14,1637.4,85.4,20,2017-12-08
b64bdbe0d3e4c9aa,Chidi Njokuani,2022-02-05,1637.3,85.3,27,2021-09-07
75591a46f79bc859,Azamat Murzakanov,2022-03-12,1637.1,85.2,10,2021-08-31
fcd67980557f2e84,Luan Lacerda,2023-01-21,1637.1,85.2,13,2022-05-13
e6f6145fe8ea9b4f,Joseph Benavidez,2011-03-19,1637.0,84.9,15,2010-11-11
7f23574923bc2c13,David Dvorak,2020-03-14,1637.0,85.0,20,2019-07-27
c95b1cac8dfd2ae0,Josiah Harrell,2026-02-21,1637.0,85.1,11,2026-01-16
51f921dd3277b30f,Tim Williams,2018-02-18,1636.9,84.9,18,2017-02-18
bfb0a3b89668fad5,Fabio Maldonado,2010-10-16,1636.8,84.7,20,2010-06-30
343c6105cf09b9d0,Anthony Pettis,2011-06-04,1636.8,84.8,14,2010-12-16
1415e404902027fd,Shunichi Shimizu,2014-01-04,1636.7,84.7,42,2013-05-19
5842f43eb1269085,Israel Adesanya,2018-02-10,1636.5,84.6,11,2017-11-24
78f73bfd71449931,Islam Makhachev,2015-05-23,1636.3,84.5,11,2014-09-07
0125dc31ba4e5f14,Bruno Silva,2019-10-05,1636.2,84.4,25,2018-11-02
091241352895a0fc,Viviane Pereira,2016-12-10,1635.7,84.4,11,2016-08-06
e8515da60f4f5943,Akihiro Gono,2007-11-17,1635.6,84.3,47,2006-12-31
d29f0772d1082463,Bekzat Almakhan,2024-03-02,1635.6,84.2,13,2023-11-18
ce9a9453272c9963,Chris Barnett,2021-05-22,1635.5,84.2,27,2020-09-25
e2240e3eb9126bdc,Nik Lentz,2009-09-19,1635.0,84.1,20,2009-05-30
b44d9aa783723762,Philipe Lins,2020-05-13,1634.7,84.0,17,2018-12-31
a892819bc8e25b5a,Axel Sola,2025-09-06,1634.6,83.9,11,2025-06-14
a5ad19d30b712b5e,Jared Gooden,2020-11-21,1634.4,83.9,21,2020-07-23
7192b50e701bd23e,Javid Basharat,2022-03-12,1634.2,83.8,11,2021-10-26
a8be76aa4fb85a6f,Jessin Ayari,2016-09-03,1634.1,83.7,18,2016-04-16
9594c184c4d83b7e,Raphael Assuncao,2011-03-19,1634.0,83.6,19,2010-11-11
831540ae441a2698,Alibi Idiris,2025-08-16,1633.9,83.6,10,2024-05-18
f7f357927a0e95d1,Aaron Rosa,2011-06-11,1633.8,83.5,19,2011-03-25
e011a97f57726d2d,Miles Johns,2019-09-14,1633.7,83.4,9,2019-06-25
84a0f4e2cc595935,Khalid Taha,2018-07-22,1633.6,83.4,13,2018-05-11
39d6fd7007655d15,Kalindra Faria,2017-10-07,1633.5,83.3,24,2016-09-09
b577c6fa8060ff5c,Kevin Holland,2018-08-04,1633.5,83.2,16,2018-06-12
b42a3ba36956443e,Anderson Dos Santos,2018-11-17,1633.0,83.1,26,2018-11-03
185ca098bbf84581,Mateus Mendonca,2023-01-14,1633.0,83.1,10,2022-09-27
2f4db339b323caf8,Fernando Bruno,2015-08-01,1632.8,83.0,17,2014-08-24
4baf4a920856545f,Grant Dawson,2019-03-09,1632.5,82.9,13,2017-08-15
0488ce27e1b8bb1d,Rei Tsuruya,2024-06-29,1632.0,82.9,9,2024-02-03
ac54fb7dcc875b59,Torrez Finney,2025-04-05,1631.8,82.8,10,2024-10-01
74a986709bb28d8b,John Maguire,2011-11-05,1631.6,82.7,19,2011-09-17
d5d988e8f2f712a0,Darko Stosic,2018-07-22,1631.5,82.6,13,2017-09-30
934bd39fbb77e527,Zhang Weili,2018-08-04,1631.5,82.4,9,2017-10-03
be354104b1b893f1,Dustin Stoltzfus,2020-11-21,1631.5,82.6,14,2020-08-11
c351fa759a6f4223,Valter Walker,2024-04-06,1631.5,82.5,10,2023-06-02
f901c7889f44a022,Gerald Harris,2010-01-11,1631.3,82.3,16,2009-09-12
ce471f6dfcf74671,Markus Perez,2017-12-09,1631.3,82.3,10,2017-09-08
6f7956e788616622,Genaro Valdez,2022-01-22,1631.0,82.2,10,2021-10-05
e18ec46a5875684b,Felipe Lima,2024-06-22,1631.0,82.1,13,2023-07-28
820b6fd2cd06ae44,Zhalgas Zhumagulov,2020-07-11,1630.7,82.1,16,2019-10-19
d2a831f6853a7cc2,Zach Makovsky,2013-12-14,1630.5,81.9,20,2013-11-22
cd5a528d847a6ef5,Martin Bravo,2016-11-05,1630.5,82.0,10,2015-09-12
07f90bcdee1cbe4e,Bobby Voelker,2013-03-16,1630.3,81.8,32,2011-07-22
edf83b64bd3557d4,Victor Altamirano,2022-02-26,1630.3,81.8,11,2021-08-31
892f9bf53bd1ac3b,Zubaira Tukhugov,2014-02-15,1630.1,81.7,18,2013-10-26
837d7b515e82e17f,Alberto Montes,2026-03-07,1630.1,81.6,12,2024-10-01
c72157b5062f45ef,Carlos Prates,2024-02-10,1630.0,81.5,23,2023-08-29
38d057ff364bbdb9,Anton Kuivanen,2012-02-15,1629.9,81.5,20,2011-10-08
93efefee6f6403e8,Harry Hardwick,2025-09-06,1629.7,81.4,17,2025-03-21
37965f5e8d73ed22,Andre Fili,2013-10-19,1629.6,81.3,13,2013-05-03
8f422d41a940e93c,Albert Duraev,2021-10-30,1629.6,81.3,17,2021-09-14
e07bd7ac97d249dc,Roger Huerta,2006-09-23,1629.4,81.2,16,2006-04-29
ed2b4a84df012d8d,Kanako Murata,2020-11-14,1629.0,81.1,12,2019-11-01
adc254e5ba385928,Kyle Daukaus,2020-06-27,1628.7,81.0,9,2020-02-01
ab06e184a09da577,Bobby Moffett,2018-11-10,1628.6,81.0,16,2018-08-07
7ed79f4522a9749e,Ryan MacDonald,2019-03-23,1628.6,80.9,10,2018-09-07
9e70e6292a495f92,Chad Mendes,2011-02-05,1628.1,80.8,9,2010-11-11
abeb877f1c2b6c2c,Estevan Payan,2013-05-25,1628.1,80.8,17,2013-01-12
00a7dead94addc98,Anthony Birchak,2014-12-13,1627.9,80.7,12,2013-10-04
14a2fa2dd23e71d3,Alessandro Costa,2022-12-17,1627.8,80.6,14,2022-10-14
62055b2fd8a10789,Ibo Aslan,2024-03-30,1627.7,80.5,13,2023-08-15
cd82f793b5e03e41,Thiago Moises,2018-11-10,1627.5,80.5,13,2018-08-11
fc0cf228f2ac9a7e,Daniel Lacerda,2021-10-23,1627.3,80.4,12,2021-07-24
3e1f496aca017284,Augusto Sakai,2018-09-22,1627.2,80.3,13,2018-08-10
7dbe9bb9a5b973b5,Julian Erosa,2015-12-11,1627.1,80.1,16,2015-02-21
aef0ff28e0e41917,Manuel Torres,2022-05-14,1627.1,80.0,14,2021-10-26
6b565d153901a9e1,Charles Johnson,2022-07-23,1627.1,80.2,13,2022-01-21
598430d5dbee5664,Dakota Hope,2026-04-04,1627.1,80.2,12,2026-02-20
b2dd9439efb3039a,Dan Moret,2018-04-14,1626.7,80.0,16,2017-12-16
baa2c5d160c99fbb,John Hathaway,2009-01-17,1626.6,79.9,10,2008-09-20
50ccc3b715fcc437,Michinori Tanaka,2014-06-14,1626.4,79.8,9,2013-10-25
64cc87d3b1415720,Trey Ogden,2022-04-16,1626.3,79.7,19,2021-11-14
1cdd5b7b4823da9d,Carlo Prater,2012-01-14,1626.2,79.6,40,2011-09-06
b4fb66059bd82743,Brunno Ferreira,2023-01-21,1626.2,79.7,9,2022-09-20
37b7dde095729704,Myles Jury,2012-06-01,1626.0,79.4,10,2010-09-17
9af77fb20a5b057d,Larissa Pacheco,2014-09-13,1626.0,79.4,10,2014-04-05
328122439f0499f8,Terrion Ware,2017-07-08,1626.0,79.3,22,2017-04-29
47dfe6ac6c9121a0,Yadier del Valle,2025-05-17,1626.0,79.5,8,2024-10-15
5c3579a291341adc,Kenny Robertson,2011-02-05,1625.9,79.2,10,2010-08-19
86c8b5612d28c278,Volkan Oezdemir,2017-02-04,1625.9,79.1,13,2016-04-09
5817d60924c7a7e0,Joanderson Brito,2022-01-15,1625.9,79.2,15,2021-08-31
4619de6b6eb3960a,James Mulheron,2017-07-16,1625.7,78.9,12,2017-02-25
b28df5607a6b1db8,Bryce Mitchell,2018-07-06,1625.7,79.0,9,2017-06-17
c3bcfc16b4af14a3,Pedro Munhoz,2014-02-22,1625.6,78.9,10,2014-01-24
c9309ef7c0bb931b,Henrique da Silva,2016-06-04,1625.5,78.7,10,2016-01-14
f00ed05472a7e699,Jai Herbert,2020-07-25,1625.5,78.7,11,2019-10-26
aec9dc5aff9f4748,Bogdan Guskov,2023-09-02,1625.5,78.8,16,2023-03-18
69646a0ad3abb8c7,Magomed Ankalaev,2018-03-17,1625.2,78.6,9,2017-10-04
9492268d8774c0a4,Jordan Wright,2020-08-22,1625.2,78.5,10,2020-01-17
808f47a64c727146,Bojan Velickovic,2016-04-10,1625.1,78.4,16,2016-01-15
c3fd5865a09e741a,Diyar Nurgozhay,2025-03-15,1625.1,78.4,10,2024-10-01
93f287cc2018f186,Jeff Hughes,2019-03-09,1624.9,78.3,11,2018-07-24
f485a3b0f4fa3f67,Khalid Murtazaliev,2018-09-15,1624.8,78.2,15,2018-05-19
3f143ed5d6b45e39,Mario Pinto,2025-03-01,1624.6,78.1,9,2024-10-08
b6000d01b31a6fe6,Baisangur Susurkaev,2025-08-16,1624.4,78.1,9,2025-08-12
78ebf7d241e77844,Jimmy Flick,2020-12-19,1624.1,78.0,20,2020-09-01
966e46aafac530c8,Islam Dulatov,2025-07-19,1624.0,77.9,12,2024-10-08
367acee655615e57,Darrell Montague,2013-10-19,1623.9,77.9,15,2013-05-18
9ae6be6b0db58d78,James Llontop,2024-04-27,1623.8,77.8,16,2023-09-12
dd22fdf9ce2b85b6,Belal Muhammad,2016-07-07,1623.7,77.6,9,2016-04-30
6268180e745a1e23,Farid Basharat,2023-03-04,1623.7,77.5,9,2022-09-13
b83fed09d7555100,Daniel Barez,2023-07-22,1623.7,77.6,21,2023-02-24
06888274ce3a59bc,Ivan Erslan,2024-09-28,1623.7,77.7,17,2024-02-24
be7ca0896a9b24a2,Azunna Anyanwu,2017-09-16,1623.2,77.4,18,2017-07-11
37f101d3e49473e4,Vinicius Salvador,2023-03-25,1623.2,77.4,18,2022-08-02
157689fad4e22542,Rodolfo Bellato,2023-12-02,1623.2,77.3,13,2023-10-03
2e98f3a31b40b58f,Carlston Harris,2021-05-08,1623.1,77.2,19,2021-01-15
82baf61f23c26602,Ian McCall,2012-03-02,1623.0,77.1,13,2011-08-05
9fe793b27f982c66,John Moraga,2012-08-04,1622.8,77.0,12,2012-07-07
9b9ea13e4c7b1268,Francimar Barroso,2013-08-03,1622.8,76.9,18,2013-04-12
93e0c995571f5283,Raphael Pessoa,2019-08-10,1622.8,77.1,9,2018-09-21
59dc61acb672f524,Mark De La Rosa,2017-12-30,1622.7,76.8,9,2017-06-30
d662f90d5ab81f35,Yohan Lainesse,2022-04-30,1622.7,76.8,8,2021-11-02
f3df080ee81ca9d1,Melvin Guillard,2005-11-05,1622.4,76.7,24,2005-03-05
dad588f3f326aac8,Gokhan Saricam,2026-04-18,1622.1,76.6,13,2025-11-15
55e6fb53d99c550e,Jamie Mullarkey,2019-10-05,1622.0,76.4,14,2019-05-03
15a5d250b43e99c3,Billy Quarantillo,2019-12-07,1622.0,76.6,14,2019-07-23
96175d750571d1d3,Myktybek Orolbai,2023-11-18,1622.0,76.5,14,2023-10-27
7ed8a54c7b3c1fb3,Ronny Markes,2011-08-14,1621.9,76.3,12,2011-04-29
bf23549b3bc30a48,Lewis Gonzalez,2015-06-27,1621.9,76.2,11,2014-12-13
d2a73daccb248ca4,Cody East,2016-04-23,1621.9,76.3,13,2016-02-05
07844b1f058aa299,Michael McDonald,2011-03-26,1621.8,76.1,12,2010-11-11
27dc95be9b98006d,Daniel Rodriguez,2020-02-15,1621.6,76.0,11,2019-12-19
52f1431e2d267251,Michal Figlak,2022-09-03,1621.6,76.0,8,2022-07-22
e56c2a8a579e0fc8,Andreas Stahl,2014-07-26,1621.5,75.8,9,2013-09-26
c0cf20918a1e0d8e,Tyler Diamond,2018-07-06,1621.5,75.9,9,2017-11-04
a91a3938ce911d73,Jake Lindsey,2014-06-07,1621.4,75.8,9,2014-02-08
cf44ab1ffc00f165,Dusko Todorovic,2020-10-03,1621.3,75.7,9,2019-08-27
9b0a5e128fb051a5,Fernando Padilla,2023-04-29,1621.3,75.6,18,2021-05-16
e5c5bf33b9961606,Petr Yan,2018-06-23,1621.1,75.5,9,2017-09-30
c5a2577d5e259890,Yanis Ghemmouri,2023-09-02,1621.0,75.5,13,2023-06-23
dc2d95b1cce62691,Tucker Lutz,2021-05-15,1620.8,75.3,12,2020-11-17
e8d76aa17db4a164,Dan Argueta,2022-06-04,1620.8,75.3,8,2022-05-06
006859adbc880edd,Tommy McMillen,2026-04-04,1620.8,75.4,9,2025-09-02
04e3bf593020f3f9,Alejandro Perez,2014-11-15,1620.6,75.1,22,2013-10-12
f5f171343461fc38,Kai Kara-France,2018-12-01,1620.6,75.2,24,2018-03-04
ced4bb5e6c399d9f,Stefan Sekulic,2018-09-15,1620.4,75.0,14,2018-02-16
2997111b0c357386,Victor Valenzuela,2026-04-25,1620.4,75.0,18,2026-03-30
58b6dee880eed3f4,Brendan Allen,2019-10-18,1620.3,74.9,15,2019-07-16
bfc2acf76c6ac7fd,Eric Wisely,2012-01-28,1620.2,74.8,25,2011-11-26
70687c8470c27164,Sergio Pettis,2013-11-16,1620.1,74.7,9,2013-09-28
44b3eeff33faf035,Hyder Amil,2024-02-10,1620.1,74.7,8,2023-08-15
f2a4a3932a91dc1e,Eduarda Moura,2023-11-04,1619.9,74.6,9,2023-08-15
b4610ec008dfc1b2,Sheymon Moraes,2017-11-25,1619.8,74.5,10,2016-06-17
ef56a8f712d971ef,Jacobe Smith,2025-01-11,1619.8,74.5,9,2024-10-01
4ab925019d108a41,Brok Weaver,2020-02-15,1619.4,74.4,18,2019-08-13
3c95a9ebd88e0a60,Jeremy Stephens,2007-05-26,1619.1,74.2,13,2007-03-17
6861d64930777d52,Bruno Souza,2021-11-06,1619.1,74.3,11,2021-08-27
e23b0c40b31209fc,Damon Jackson,2014-08-30,1619.0,74.0,9,2014-07-18
470ffc8f48859da9,Josh Emmett,2016-05-08,1619.0,74.2,9,2016-01-23
73edf033b8cfef8a,Anton Turkalj,2022-09-10,1619.0,74.1,8,2022-07-26
3808fc6e211485cf,Alexia Thainara,2025-03-22,1618.6,73.9,12,2024-09-24
34ad7cf2c5f49b2a,Andreas Gustafsson,2025-06-07,1618.6,74.0,13,2024-08-20
d38841bd684d292e,Yancy Medeiros,2013-04-27,1618.5,73.8,9,2010-06-26
1de38f7d8fb8d358,Jordan Griffin,2018-12-15,1618.5,73.7,22,2018-07-31
df14605f1f55b2b0,Jesus Pinedo,2018-11-17,1618.4,73.5,20,2018-06-15
f52a77241dedd0fd,Johnny Walker,2018-11-17,1618.4,73.6,17,2018-08-11
987a31b24ac333ea,Ketlen Souza,2023-06-03,1618.4,73.7,16,2023-01-18
01671847968cab02,Viktor Pesta,2014-05-31,1618.3,73.3,9,2013-12-07
be11b38a0308e67c,Hector Sandoval,2016-07-30,1618.3,73.4,14,2016-03-26
6cc637cd5f5cb08b,Malcolm Gordon,2020-07-18,1618.3,73.4,15,2019-04-11
949e6bb465af017b,Sam Patterson,2023-03-18,1618.3,73.2,12,2022-09-27
ef4f913e6a99246b,Josias Musasa,2025-03-15,1618.2,73.2,8,2024-09-10
14c2b57107bfd0c6,Carl Deaton,2023-02-25,1618.1,73.1,22,2022-10-15
f7f904ccafae5749,Joseph Morales,2017-08-05,1617.9,72.9,8,2017-03-25
e61d510091019852,Serghei Spivac,2019-05-04,1617.9,73.0,9,2018-09-29
26f15079cf039c8c,Lerryan Douglas,2026-03-28,1617.8,72.9,18,2025-09-09
b48c93d5e1721e67,Hakeem Dawodu,2018-03-17,1617.6,72.8,8,2017-03-18
b05b233d7059aedd,Jose Torres,2018-06-01,1617.6,72.6,7,2018-02-16
9af1cc34b9b919f0,Joaquin Buckley,2020-08-08,1617.6,72.7,12,2020-07-31
1f5d82279eb460df,Serhiy Sidey,2024-01-20,1617.6,72.6,11,2023-09-05
32b54efa17dd09e6,Darrick Minner,2020-02-29,1617.5,72.5,34,2019-12-06
5b248fbc7ea26c03,Zviad Lazishvili,2021-10-23,1617.3,72.4,8,2020-09-04
3a27b01f0d23a3c9,Lucas Brennan,2026-04-25,1617.3,72.4,13,2025-10-10
95f7a9005da2b66f,Rory MacDonald,2010-01-11,1617.2,72.1,9,2009-09-25
d8ebe7e210f2be7a,Omari Akhmedov,2013-11-09,1617.2,72.3,13,2013-05-11
a49129adb0dad63b,Steve Garcia,2020-02-29,1617.2,72.2,14,2020-01-17
14d9402cd3d121ac,Uran Satybaldiev,2025-04-05,1617.2,72.1,8,2025-03-06
bd1c5732887fde10,Cole Williams,2019-08-03,1617.0,71.9,12,2018-09-22
f7d9010e13806799,Austen Lane,2023-06-24,1617.0,71.9,15,2022-09-20
b78c2c0cb4980e9d,Djorden Santos,2025-03-08,1617.0,72.0,11,2024-09-03
3ff528455b427864,Gabriel Silva,2019-07-20,1616.9,71.8,8,2019-03-29
94dc256b3094fcef,Marc Diakiese,2016-10-08,1616.8,71.7,9,2016-05-14
b6e46aa39a0633e8,Jake Hadley,2022-05-14,1616.7,71.6,8,2021-10-12
9cbf77b62e6769c8,Aljamain Sterling,2014-02-22,1616.3,71.6,8,2013-11-02
deb2e9b4a9179872,Rob Font,2014-07-05,1616.3,71.5,11,2014-04-25
088be1c84c33ee73,Lando Vannata,2016-07-13,1616.0,71.3,8,2016-04-30
9c6d0c42a7a85b51,Nurullo Aliev,2023-02-25,1616.0,71.4,8,2022-09-20
d05aa9da9807a6ee,Charles Jourdain,2019-05-18,1615.8,71.2,10,2019-04-11
bc2a324521f4f42e,Mark Choinski,2025-06-07,1615.8,71.3,8,2025-03-23
cc8c0104bcad5cfe,Dustin Ortiz,2013-11-09,1615.7,71.1,13,2013-07-27
40b55b6c6b38eb80,Pat Sabatini,2021-04-24,1615.7,71.1,16,2020-12-18
0aa3f2867f59903c,Omar Morales,2019-12-21,1615.6,70.9,8,2019-08-06
64794ca3e674f4b1,Antonio Trocoli,2024-06-22,1615.6,71.0,16,2021-11-21
df042c10104fc58f,Ricardo Ramos,2017-02-04,1615.4,70.6,10,2016-08-05
a03f3a022655bc59,Nohelin Hernandez,2019-07-06,1615.4,70.7,12,2018-11-09
9a3d4a20016a03e0,Marcelo Rojo,2021-03-13,1615.4,70.8,22,2019-09-27
bd8ee82c2df0d588,Mauricio Ruffy,2024-05-04,1615.4,70.8,10,2023-10-03
46f9e3a3efef970e,Mike Grundy,2019-03-16,1615.3,70.5,12,2017-11-04
a242f92577351a3c,Cody Durden,2020-08-01,1615.3,70.5,13,2020-07-18
8663cbf3302dc139,Sean Spencer,2013-01-26,1615.2,70.3,10,2012-08-17
8f8acc8ee6e86f42,Charles Rosa,2014-10-04,1615.2,70.4,9,2014-08-08
cf2ad1574b363f26,Sam Sicilia,2012-06-01,1615.1,70.2,11,2011-12-15
9de5bcc8270a4fc2,Stevie Ray,2015-04-11,1615.1,70.3,21,2014-11-01
9921189d16efbd99,Igor Severino,2024-03-23,1615.1,70.1,8,2023-09-19
7b6300b29d5151e8,Paulo Costa,2017-03-11,1615.0,70.0,8,2016-09-03
87802dddb1e85813,Roman Kopylov,2019-11-09,1614.9,70.0,8,2018-12-27
9d03eaf7a17b94a3,Steven Peterson,2018-02-18,1614.8,69.9,22,2017-12-08
9b2bdb38545733e5,Oskar Piechota,2017-10-21,1614.5,69.7,10,2017-06-24
bbcaf7b57144df14,Sean O'Malley,2017-12-01,1614.5,69.8,8,2017-07-18
1e3c1b3b3d096236,Yazmin Jauregui,2022-08-13,1614.5,69.8,8,2021-08-13
97c47845e7f9a88b,Magomed Gadzhiyasulov,2024-06-22,1614.5,69.6,8,2023-10-03
3e7b3a771a5220bb,Nad Narimani,2018-07-22,1614.4,69.5,12,2017-04-01
8b6277435b463072,Ricky Rainey,2018-04-14,1614.3,69.5,17,2017-08-25
f5e2ac299e039054,Eryk Anders,2017-07-22,1614.2,69.4,8,2017-06-23
a4264e3d664f208f,Benito Lopez,2017-12-09,1614.1,69.3,8,2017-08-22
ee9d919453a41a80,Gavin Tucker,2017-02-19,1614.0,69.2,9,2016-07-23
c218493d5752901e,Alen Amedovski,2019-04-20,1613.9,69.2,8,2018-12-01
aab04e4824bdcdff,Eddie Wineland,2011-03-19,1613.7,69.1,25,2010-12-16
06b4c878c2624c4d,Karine Silva,2022-06-04,1613.6,69.0,18,2021-10-26
297d71e3e51e67fc,Darren Elkins,2010-03-21,1613.5,69.0,11,2009-11-20
85e36eed269a8e5f,Josh Parisian,2020-11-28,1613.5,68.9,16,2020-08-18
88296f8142d8f2f0,Mickael Lebout,2015-04-11,1613.4,68.8,17,2015-02-20
389c9f320df4a0aa,Mounir Lazzez,2020-07-15,1613.3,68.7,10,2020-02-07
b2b19b8c517cc5a0,Stewart Nicoll,2024-08-17,1613.2,68.7,8,2024-03-09
e6abc381d85dfa34,Da'Mon Blackshear,2022-08-13,1613.0,68.5,16,2022-05-14
f9c74cd1e12dddf7,Carlos Mota,2022-10-29,1613.0,68.5,9,2022-08-26
16862aff18bed355,Rizvan Kuniev,2025-06-21,1613.0,68.6,15,2024-08-20
23c1e61e1ba65f5a,Carlton Minus,2020-08-22,1612.9,68.2,11,2020-02-26
875c9f59fc746b88,Ilia Topuria,2020-10-10,1612.9,68.3,8,2019-11-15
85676ed9a7898a46,Rafael Alves,2021-05-22,1612.9,68.4,28,2020-08-25
af48657df8015e6d,Brendson Ribeiro,2024-02-17,1612.9,68.2,20,2023-09-05
4870404b723de409,Jonavin Webb,2015-05-09,1612.8,68.1,8,2015-03-07
1246b3a3b6fa36e9,Quang Le,2024-08-10,1612.8,68.0,8,2024-04-05
fb02ddf6816c3234,Bill Algeo,2020-08-29,1612.6,67.9,17,2020-08-13
3f3f90729e314479,Brian Ortega,2014-07-26,1612.5,67.9,8,2014-01-24
a987d4a821166828,Ryan Spann,2018-09-22,1612.5,67.7,19,2018-06-19
990efe1105080c68,Alonzo Menifield,2019-01-19,1612.5,67.7,7,2018-06-12
8dfca53c3e78795e,Fernie Garcia,2022-05-07,1612.5,67.8,11,2021-10-05
a5e6f85ae7295e36,Yaotzin Meza,2012-12-14,1612.4,67.6,27,2012-11-24
2cf328c893839744,Guram Kutateladze,2020-10-17,1612.4,67.5,13,2019-11-15
2d883239d6a909a4,Paul Daley,2009-09-19,1612.3,67.4,31,2009-04-18
c9b59e3c8b7043f8,Austin Hubbard,2019-05-18,1612.2,67.4,12,2018-12-07
ab9907c95da2185e,Carlo Pedersoli Jr.,2018-05-27,1612.1,67.3,11,2018-04-28
87cea4c3788f54ec,Felipe Colares,2019-02-02,1612.0,67.1,8,2017-09-30
6ff3abc1052a0921,Steven Nguyen,2024-03-23,1612.0,67.2,10,2023-09-12
eb7ccb941c644ad3,Leandro Silva,2013-06-08,1611.8,67.1,13,2013-03-09
8347bba185c66013,Kevin Natividad,2020-10-31,1611.7,67.0,10,2020-07-17
73d6a1cbbd5ca76a,Naoki Inoue,2017-06-17,1611.6,66.9,8,2017-03-18
af733fdd68401f60,Thomas Petersen,2024-02-03,1611.4,66.9,10,2023-08-29
ebbcbd9df5799314,Sean Soriano,2014-01-04,1611.3,66.8,8,2013-05-24
7b2ab75a34942757,Arnold Allen,2015-06-20,1611.2,66.7,10,2014-11-29
64eeb6de1025572c,Eric Spicely,2016-07-13,1611.1,66.6,8,2015-10-30
b2fc49bb4703d084,TJ Laramie,2020-09-19,1610.9,66.6,15,2020-08-11
5d49240c45a2a624,Chris Duncan,2023-03-18,1610.9,66.5,10,2022-08-02
60dd552a80e10dab,Lance Gibson Jr.,2025-12-13,1610.9,66.4,10,2024-11-23
ba40e07b06503a8c,Christian Leroy Duncan,2023-03-18,1610.8,66.4,7,2022-11-12
00bf0d84c07bafc5,Nathaniel Wood,2018-06-01,1610.7,66.1,15,2018-03-24
b7b781c36eec84ca,Jonathan Martinez,2018-10-27,1610.7,66.2,10,2017-09-30
e1601c0597a7b444,Andre Lima,2024-03-23,1610.7,66.3,7,2023-10-10
f98cac378dcfb57b,David Martinez,2025-03-29,1610.7,66.1,21,2025-02-08
da3d92fefa826739,Tyler Toner,2010-12-04,1610.6,66.0,13,2010-09-30
b1ef5cbd50ee7312,Tanner Boser,2019-10-18,1610.6,65.9,22,2019-05-24
b483569c9c54cfc6,Caio Borralho,2022-04-16,1610.6,65.8,11,2021-10-19
ca172e6171b5c16a,Lyoto Machida,2007-02-03,1610.1,65.8,8,2006-07-22
d3b5582f77dacd49,Marcin Bandel,2014-10-04,1610.1,65.6,15,2014-05-03
8d779e3234525cb7,Danilo Belluardo,2019-06-01,1610.1,65.6,15,2019-03-09
10a96d52c89b5469,Lone'er Kavanagh,2024-11-23,1610.1,65.7,7,2024-08-13
cb8d5ce5014434c9,Jordan Vucenic,2024-08-03,1610.0,65.5,11,2024-07-20
70b86840583e4476,Dequan Townsend,2019-06-29,1609.9,65.4,29,2019-03-09
ba539a5e303f696b,Humberto Bandenay,2017-08-05,1609.8,65.3,17,2017-05-06
c9689833e730c077,Kevin Borjas,2023-11-11,1609.8,65.3,10,2023-08-08
1810cf4625b4df6d,Yusuke Kasuya,2015-09-26,1609.5,65.1,13,2015-03-13
9cfb525b1d73d69f,Matthew Lopez,2016-07-13,1609.5,65.1,8,2016-04-15
bb1b0654f5428e9e,Erick Gonzalez,2021-10-16,1609.5,65.0,19,2021-08-07
d0867cbe48a86c11,Kody Steele,2025-02-08,1609.5,65.2,7,2024-10-08
488201b31f04d4b7,Kaue Fernandes,2023-11-04,1609.4,64.9,9,2023-03-10
a1a49cdffbc30a5a,Luke Sanders,2016-01-17,1609.1,64.8,6,2015-05-08
e6bdebff94eddc25,Nikolas Motta,2022-02-19,1609.1,64.8,15,2020-11-10
1ebe45b826ab0427,AJ Fletcher,2022-03-12,1609.1,64.6,9,2021-08-31
d49758d4b92d2200,Felipe dos Santos,2023-09-09,1609.1,64.7,7,2022-11-04
acee921186a58206,Erik Silva,2022-12-10,1609.0,64.5,10,2022-08-09
c06c8c7c751e1641,Jeremy Kennedy,2016-08-27,1608.7,64.5,8,2016-05-07
0ae7d5ca872739f7,Cat Zingano,2013-04-13,1608.6,64.2,7,2012-10-06
76de23d141fb4ab4,Impa Kasanganay,2020-08-29,1608.6,64.4,7,2020-08-11
affb659e10d6cd2d,Liudvik Sholinian,2021-09-04,1608.6,64.3,11,2019-11-15
bd565805394ade24,Dennis Buzukja,2023-08-05,1608.6,64.1,13,2023-06-16
d5ac91a888b66ee6,Mohammad Yahya,2023-10-21,1608.6,64.3,15,2023-02-26
f9289606c5dd9dc2,Matheus Nicolau,2015-11-07,1608.3,64.0,12,2014-08-24
b62e595027ceacad,Kaan Ofli,2024-08-24,1608.3,64.0,14,2023-02-24
02e118ad09598e41,Austin Springer,2020-08-29,1608.2,63.9,15,2019-10-05
e9c6e0620732ca67,Chris Gutierrez,2018-11-30,1608.1,63.8,16,2018-10-19
39e0e926a4ebf523,Austin Arnett,2018-01-27,1608.0,63.7,18,2017-08-01
a1fe00d04609986b,Jimmy Crute,2018-12-01,1607.9,63.6,8,2018-07-24
6fb01bd765a34f04,Rodrigo Sezinando,2025-09-13,1607.9,63.7,9,2024-11-15
61aca8157bf71afd,Chase Hooper,2019-12-14,1607.8,63.5,9,2019-06-28
b9b0cb0b8a752fa3,Sedriques Dumas,2023-03-11,1607.8,63.5,8,2022-08-30
af8e52231b4cfce5,Mitch Ramirez,2024-03-16,1607.6,63.4,9,2023-12-15
ef17554900be95fa,Chris Dempsey,2014-07-19,1607.4,63.3,11,2014-05-03
53e952ec79277dbd,Jerome Rivera,2020-09-19,1607.3,63.2,12,2020-08-04
8599d31404ff0b34,Ricky Turcios,2021-08-28,1607.3,63.2,12,2020-02-23
12c6b847f7f28593,Jordan Leavitt,2020-12-05,1607.2,63.1,7,2020-08-04
1fd8aa134072f767,Jay Cucciniello,2018-07-06,1607.1,63.0,8,2017-10-07
904ca6578a6ca8eb,Piera Rodriguez,2022-04-09,1607.1,63.0,7,2021-10-19
60357e8e5ccd6642,KB Bhullar,2020-10-10,1607.0,62.9,8,2019-09-27
d04b8d5ce7a65c4f,Vitor Petrino,2023-03-11,1607.0,62.8,7,2022-09-06
c54bce0af7e7b01b,Victor Martinez,2023-02-25,1606.9,62.7,17,2021-09-21
aae070309e2d5bd6,Herbert Burns,2020-01-25,1606.8,62.6,11,2019-08-06
f363006d45245a2d,Joshua Weems,2022-10-29,1606.8,62.7,13,2022-06-26
d02b8ba81e2dc643,Travis Wiuff,2002-11-22,1606.4,62.4,14,2002-10-19
6c111edf9540e7e1,Felipe Silva,2016-08-27,1606.4,62.4,7,2016-05-13
338564020148f275,Gaetano Pirrello,2021-01-20,1606.4,62.5,21,2019-10-12
b2a055c8912b755a,Jarno Errens,2022-09-03,1606.3,62.2,17,2022-08-06
473d57add1655a1a,Caio Machado,2023-11-18,1606.3,62.3,25,2023-10-27
0c3ba783cdf08931,Miguel Baeza,2019-10-12,1606.2,62.1,7,2019-06-25
122fde0994a2f457,Trevor Peek,2023-02-25,1606.2,62.2,7,2022-09-13
1979d2ef989e7265,Ignacio Bahamondes,2021-04-10,1606.1,61.9,15,2020-11-04
018e6efa6f1415a9,Mitch Raposo,2024-06-01,1606.1,62.0,10,2024-01-27
17bd6cb0ff67ee5d,Gianni Vazquez,2026-02-07,1606.1,61.9,18,2025-10-11
78b62d8d2ec515b5,Jared Rosholt,2013-11-30,1606.0,61.7,9,2013-08-02
ea79ea1007210907,Reginaldo Vieira,2015-08-01,1606.0,61.6,15,2014-09-18
2dd7722633b1ce7b,Silvana Gomez Juarez,2021-10-09,1606.0,61.8,12,2021-02-26
f5deaec059b22b0f,Robert Whiteford,2013-10-26,1605.9,61.6,11,2013-06-30
c212ca8a9b232259,Damian Pinas,2026-02-28,1605.9,61.5,9,2025-09-30
86dad05e6b1aac7c,Edilberto de Oliveira,2007-04-21,1605.8,61.2,9,2006-12-09
52626334298457ab,Mariya Agapova,2020-06-13,1605.8,61.1,9,2019-10-04
389b2776826e2183,Ray Rodriguez,2020-09-05,1605.8,61.4,22,2019-11-08
08b1e6f4c8b49a3c,William Knight,2020-09-26,1605.8,61.4,9,2020-09-01
f7012ef25547fc99,Iwo Baraniewski,2025-12-06,1605.8,61.3,7,2025-09-16
e07aa1ed90aec655,Andreas Michailidis,2020-07-15,1605.7,61.1,15,2019-12-13
7331db060c1586eb,Carlos Vera,2024-02-17,1605.5,60.9,14,2022-09-23
1be2a80e36f38a46,Julia Polastri,2024-06-15,1605.5,60.9,15,2023-09-12
eb6ce9814e356bfb,Regina Tarin,2026-02-28,1605.5,61.0,7,2025-11-29
90efd09dcf44976c,Chris Camozzi,2010-06-19,1605.1,60.5,15,2009-11-14
b6591f80485f9b55,Abner Lloveras,2015-12-11,1605.1,60.6,27,2015-04-11
2a5d37e65372331c,Devonte Smith,2018-11-10,1605.1,60.4,9,2018-08-07
184b150c59c5539d,Alvin Hines,2025-06-28,1605.1,60.8,7,2025-04-11
1dbb544d1b5ac196,Daniil Donchenko,2025-09-13,1605.1,60.6,13,2024-11-23
2c5a8031b203a4e5,Luke Riley,2025-11-22,1605.1,60.7,6,2024-09-21
a2575ff610d16284,Alex Oliveira,2015-03-21,1605.0,60.3,14,2015-02-21
7aeb78dffc4f5978,Jose Johnson,2023-08-12,1605.0,60.2,23,2022-08-16
3428d93a94413bec,Julien Leblanc,2026-04-18,1605.0,60.3,12,2025-11-21
d85578e821c6185f,Steve Erceg,2023-06-10,1604.9,60.1,10,2023-02-11
db49290d0f386435,Jose Ochoa,2024-11-23,1604.8,60.1,7,2023-11-03
80c8002c0de84ab7,Jon Fitch,2005-10-03,1604.7,59.8,13,2005-07-09
a374c5a5b49514b5,Brian Kelleher,2017-06-03,1604.7,59.9,23,2016-03-04
8fbbef9a4ec1f6cb,Tereza Bleda,2022-11-19,1604.7,60.0,6,2022-09-06
214a2a8ba3e64fcd,Austin Lingo,2020-02-08,1604.6,59.6,7,2019-08-02
6d436617bea66aac,Orion Cosce,2021-07-31,1604.6,59.7,7,2020-08-18
fa859b94c8582c26,Jean Silva,2024-01-13,1604.6,59.8,13,2023-09-05
395835d15985848e,Tallison Teixeira,2025-02-08,1604.6,59.6,7,2024-09-17
0054611c67a279b0,Don Shainis,2022-10-01,1604.4,59.5,16,2022-06-04
42e2a193b15ca106,Artur Minev,2026-05-16,1604.4,59.4,7,2026-01-18
36c9f1d81a4cd691,Joshua Burkman,2005-11-05,1604.2,59.3,16,2005-04-29
e5e9129255fd285f,Melissa Martinez,2022-09-10,1604.2,59.3,7,2019-12-07
fef78cb6d5f39398,Jared Cannonier,2015-01-03,1604.1,59.2,7,2014-01-22
8b41d0ebea0c3e18,Luke Fernandez,2026-03-07,1604.1,59.1,6,2025-10-07
04b313193fa6abaa,Karlos Vemola,2010-07-03,1604.0,59.0,7,2010-02-06
d1b744c937baa008,Edimilson Souza,2013-09-04,1604.0,58.9,15,2013-04-26
96d26c977eadb3a2,Francisco Figueiredo,2021-01-20,1604.0,59.0,15,2019-09-28
1e698acf16fec794,Eric Shelton,2017-01-28,1603.9,58.8,12,2016-04-02
5de030e625a4928c,Rodrigo Nascimento,2020-05-16,1603.9,58.8,7,2019-07-30
471b728a3bcbdca3,Jordan Rinaldi,2016-05-29,1603.8,58.7,16,2015-12-10
9494d3823806d705,Hunter Azure,2019-09-14,1603.7,58.5,7,2019-07-09
ede79ed0a9e69d05,Khusein Askhabov,2023-02-18,1603.7,58.6,5,2019-09-21
54c960e53549d612,Khamzat Chimaev,2020-07-15,1603.6,58.5,6,2019-10-04
7468010a5070b907,Lerone Murphy,2019-09-07,1603.5,58.4,8,2019-05-18
2b3745a0444dcd17,Payton Talbott,2023-11-18,1603.5,58.3,6,2023-08-08
07f69c437c68f468,Danny Silva,2024-03-16,1603.5,58.2,9,2023-09-26
f0b49b823ed431ad,Damacio Page,2011-03-03,1603.4,58.2,20,2010-11-11
e8d807c9e390d51a,Spike Carlyle,2020-02-29,1603.3,58.1,9,2019-11-15
ecdf6dcdb523bb8d,Kurt Holobaugh,2013-04-27,1603.2,58.0,10,2013-01-12
bc9da3f87c936cdf,Konstantin Erokhin,2015-01-24,1603.2,58.0,10,2014-10-31
3a73312f5fa44529,Felipe Arantes,2011-08-27,1603.1,57.8,17,2010-11-27
5a9c4dff8eee3cd8,Yair Rodriguez,2014-11-15,1603.1,57.9,10,2014-04-04
ccff59f4a6c0e287,Claudio Ribeiro,2023-01-14,1603.0,57.7,12,2022-08-16
1e013ec113e94678,Sabina Mazo,2019-03-30,1602.8,57.7,6,2018-11-16
148d822e1dea0f93,Tom Breese,2015-05-30,1602.6,57.6,7,2014-11-15
b2236a6ed36c4247,Yoshinori Horie,2019-07-27,1602.6,57.5,9,2019-03-17
6548b398e3d39f7f,Batgerel Danaa,2019-08-31,1602.6,57.5,9,2019-06-22
811f6e68c70faac4,Matt Hobar,2014-05-31,1602.5,57.4,9,2013-07-19
cd0f641530fba765,Shane Burgos,2016-12-09,1602.4,57.2,7,2016-02-27
f11750d4f48eb942,Adrian Yanez,2020-10-31,1602.4,57.2,14,2020-08-11
23819db9f489592d,Tom Nolan,2024-01-13,1602.4,57.3,6,2023-08-08
ba313f9c15d6e87b,Carls John De Tomas,2017-06-17,1602.3,57.1,7,2016-11-06
a5bcb9a27bbe7cef,Mandy Bohm,2021-09-18,1602.2,57.0,7,2020-10-01
a8cd76e59b7c49ab,Christian Rodriguez,2022-02-19,1602.1,56.9,7,2022-01-15
8fef39098574c923,Marlon Vera,2014-11-15,1602.0,56.9,11,2013-10-23
a24790347db005b3,Gabriel Miranda,2022-09-03,1602.0,56.8,21,2021-10-23
98def16d7bb14aa9,Sodiq Yusuff,2018-12-01,1601.9,56.7,8,2018-07-24
7ff2e0ac14df3f56,Daron Cruickshank,2012-06-01,1601.8,56.6,12,2011-12-03
42678882a0619000,Felipe Olivieri,2016-01-30,1601.8,56.5,18,2015-04-19
f4544d57a0c93b7c,Edmen Shahbazyan,2018-11-30,1601.8,56.7,7,2018-07-17
d8a13b497377e7a9,Modestas Bukauskas,2020-07-15,1601.8,56.4,12,2019-11-22
b18c4850465e803a,Oliver Enkamp,2017-05-28,1601.6,56.4,7,2017-04-01
bf88971d31a1367b,Cory Sandhagen,2018-01-27,1601.6,56.3,8,2018-01-19
201260e3416bc322,Alden Coria,2025-09-13,1601.2,56.2,13,2025-05-25
989a52c826c894ee,Fatima Kline,2024-07-13,1601.1,56.2,6,2024-02-09
753c70453c13c712,Ryan Bader,2008-12-13,1601.0,56.0,7,2008-04-05
26767c5280c68257,Greg Soto,2010-03-27,1601.0,56.0,7,2009-10-24
1764c38a39e65d2f,Takenori Sato,2014-02-15,1600.7,55.9,32,2013-10-20
45edab8a39c81be4,Jeremy Kimball,2017-01-28,1600.6,55.9,19,2016-12-17
6576824d568741a6,Valmir Lazaro,2014-08-23,1600.4,55.8,14,2014-04-04
27fc42f9a706f56f,Jordan Espinosa,2019-03-23,1600.2,55.6,18,2018-07-10
1bd08c84baf0f0e2,Rinya Nakamura,2023-02-04,1600.2,55.7,5,2022-10-23
8a049373a2a84299,Bevon Lewis,2018-12-29,1600.1,55.5,6,2018-07-10
dcea68f4ed60b8fd,Mike Breeden,2021-10-02,1600.1,55.6,13,2021-05-07
511b8a19e1b7ac9f,Sarah Frota,2019-02-02,1600.0,55.4,6,2018-08-10
7e82a2b9326866dc,Drako Rodriguez,2021-02-20,1600.0,55.4,9,2020-09-08
f0ad29b64322cb95,Josh Sampo,2013-11-30,1599.7,55.3,12,2013-10-12
77f853c4d44cbe94,Danny Barlow,2024-02-17,1599.7,55.2,7,2023-09-26
177f34a1202d6c93,Niklas Stolze,2020-07-25,1599.6,55.1,15,2019-04-13
4ffd2b01b7394143,Toshiomi Kazama,2023-02-04,1599.4,55.0,12,2022-06-09
ca1de23adece5efa,Kiefer Crosbie,2023-09-09,1599.4,55.1,13,2023-04-01
b4f7cacb2ddc5231,Brad Katona,2018-07-06,1599.3,54.8,6,2017-09-15
fd2553227e3641fe,Punahele Soriano,2019-12-14,1599.3,54.9,6,2019-06-18
918a7035bef13acc,Brandon Jenkins,2021-09-18,1599.3,54.7,22,2021-08-27
d9935a239ea022f2,Daniel Frunza,2025-04-05,1599.3,54.8,11,2024-09-24
ede982bccfd2b0bb,Steven Siler,2011-12-03,1599.2,54.5,28,2011-01-28
c79fdd258cdbe522,Ivan Jorge,2013-09-04,1599.2,54.6,6,2013-06-29
1c33eb78bdc5df39,Imanol Rodriguez,2026-02-28,1599.2,54.6,6,2025-10-07
10a92694258504ff,David Michaud,2014-05-24,1598.9,54.4,7,2014-01-11
b00a827ba950711c,Miranda Granger,2019-08-03,1598.8,54.3,6,2019-05-25
c4b15d22fbd1c0d8,Ray Borg,2014-04-19,1598.7,54.1,6,2014-04-04
f1bfcaa7394010b5,Matt Schnell,2016-12-03,1598.7,54.1,12,2016-03-25
217d1a9370550d41,Dan Ige,2018-01-20,1598.7,54.3,9,2017-07-25
858da0d25b30d9c6,Gauge Young,2025-04-26,1598.7,54.2,11,2024-12-06
debe6f0d96121434,Evan Elder,2022-04-23,1598.6,54.0,7,2021-12-10
fa92f349c2df714c,Jamahal Hill,2020-01-25,1598.4,53.9,6,2019-07-23
1deb81c25a131bd5,Jordan Johnson,2017-01-28,1598.3,53.8,6,2016-12-09
2ea36694e624be84,Zygimantas Ramaska,2024-09-07,1598.3,53.8,11,2023-05-27
79ad657e00d91f5e,Anthony Rocco Martin,2014-02-01,1598.2,53.7,8,2013-09-14
a69391b7c397ed8f,Nick Aguirre,2023-01-14,1598.2,53.6,7,2022-12-17
bfed4bc413a3efa1,Mike de la Torre,2014-04-16,1598.1,53.4,15,2014-01-11
84ded26cb00e17cf,Uros Medic,2021-03-06,1598.1,53.2,6,2020-08-04
04c3977524fb97e0,Martin Buday,2022-04-16,1598.1,53.3,10,2021-10-12
f1fe8d640302d684,Yanal Ashmouz,2023-03-18,1598.1,53.5,6,2022-03-18
1ec908c218b0c556,Matheus Camilo,2025-05-17,1598.1,53.5,11,2024-12-14
1380bf7bbf61d6f1,Tre'ston Vines,2025-10-04,1598.1,53.3,13,2025-08-30
9ec283acdb8c90cb,Bryan Caraway,2011-12-03,1598.0,53.0,20,2011-02-19
64c7119b9beb015a,Roosevelt Roberts,2018-11-30,1598.0,53.1,6,2018-07-31
d39a1677910874e9,Josh Hokit,2025-11-08,1598.0,53.0,6,2025-08-19
c466cc5888c59b0e,AJ Dobson,2022-02-12,1597.9,52.8,6,2021-09-21
0ffab957d9aa8189,Josh Fremd,2022-04-09,1597.9,52.9,11,2022-02-06
70e2a19e3dec5f31,Felicia Spencer,2019-05-18,1597.7,52.7,6,2018-11-16
e503c6a1065a60f9,Carlos Candelario,2022-05-14,1597.7,52.7,9,2021-08-31
f9a5ee6982ab08de,Pannie Kianzad,2018-11-30,1597.6,52.6,13,2018-06-09
3fda9f65c223aa68,Journey Newson,2019-06-29,1597.6,52.5,10,2019-05-10
9a0d9b9d8c551d65,Ivana Petrovic,2023-07-01,1597.5,52.4,6,2023-04-07
fae7eb34e7f7da2a,Caolan Loughran,2023-09-02,1597.5,52.5,8,2023-05-06
ae7ec1ba7a87231d,Dominick Reyes,2017-06-25,1597.4,52.1,6,2017-06-02
aefa91645d63ab49,Matt Sayles,2018-08-04,1597.4,52.2,8,2018-06-19
a6b28b78bf4b32a5,Blake Bilder,2023-02-11,1597.4,52.2,8,2022-08-30
113a883d66bceed8,Jean-Paul Lebosnoyani,2026-02-21,1597.4,52.3,11,2025-09-02
d0241a094460f6a1,Cortavious Romious,2024-11-09,1597.3,52.0,11,2024-08-20
3a6deabfcbb204d7,Andre Ewell,2018-09-22,1597.1,52.0,17,2018-06-15
bbcda1c072a0629b,Brendon Marotte,2023-10-14,1597.1,51.9,9,2023-08-26
92c57fa4c9d071a4,Mizuto Hirota,2013-03-02,1597.0,51.8,19,2012-07-14
880ed8d5af0c13b1,Raul Rosas Jr.,2022-12-10,1597.0,51.7,6,2022-09-20
984bd4298fe632ae,Isaac Thomson,2025-12-13,1597.0,51.7,11,2025-10-10
34fd3c3350425545,Noad Lahat,2014-03-23,1596.9,51.4,7,2013-08-09
304b40b4ebba07c1,Clay Collard,2014-08-23,1596.9,51.4,17,2014-06-28
38942375bcbe06a6,Devin Clark,2016-07-13,1596.9,51.5,6,2016-04-15
0f8a323857fc0cf8,Louis Cosce,2020-11-21,1596.9,51.6,7,2020-08-18
5cb64276b6b9ea55,Muhammad Mokaev,2022-03-19,1596.8,51.3,6,2021-09-25
f480d9b31c5aa2a8,Alexandre Barros,2009-01-17,1596.6,51.2,18,2008-09-25
64f842aa46e8b2d6,Taylor Lapilus,2015-04-11,1596.6,51.0,9,2014-05-30
a265afb7b9f0a9cc,Jack Della Maddalena,2022-01-22,1596.6,51.1,12,2021-09-14
85a165c98f003923,Ryan Gandra,2026-02-28,1596.6,51.2,9,2025-08-26
dab8c8f04f0f99eb,Kevin Croom,2020-09-12,1596.5,50.9,34,2020-08-14
99ea8e8d3db8f1a9,Gabriella Fernandes,2023-02-25,1596.5,50.9,9,2022-09-30
f715b9333acbb20a,Cody Gibson,2014-02-22,1596.4,50.8,14,2013-11-14
a5d68f68f0094cd8,Lara Procopio,2019-08-31,1596.4,50.7,6,2018-08-24
c1913c3d6026e4d0,Natan Levy,2021-11-20,1596.3,50.7,6,2020-11-10
f1e147aea98607af,Michelle Montague,2025-09-27,1596.2,50.6,6,2024-08-16
7ac6a415d3f79f90,Justin Wren,2009-12-05,1596.0,50.5,9,2009-04-11
72d51391d67206b8,Fares Ziam,2019-09-07,1596.0,50.3,5,2019-02-02
a6d428cee57daf21,Saidyokub Kakhramonov,2021-08-21,1596.0,50.4,10,2021-03-11
32419c2e11456ca4,Clayton Carpenter,2023-02-18,1596.0,50.4,6,2022-08-09
fb2821134f28cffd,Mario Bautista,2019-01-19,1595.9,50.2,6,2018-10-13
9d8fb694a135a041,Jesse Butler,2023-06-03,1595.9,50.1,16,2023-02-17
d75d3c014f3a0d70,Terrance McKinney,2021-06-12,1595.8,50.1,13,2021-06-04
b1cff96c18589464,Mike Malott,2022-04-09,1595.5,50.0,9,2021-10-05
5b7c7c83602d9b20,JP Buys,2021-03-20,1595.4,49.9,11,2020-11-17
7fa4de25ca76c987,Elias Garcia,2018-07-14,1595.2,49.9,6,2018-03-15
b788710d39ebd033,Dakota Bush,2021-04-17,1595.1,49.7,10,2021-01-29
60800421a8c78d84,Yuneisy Duben,2025-03-15,1595.1,49.8,6,2024-09-03
154db60abecdd988,Joe Pyfer,2022-09-17,1595.0,49.6,11,2022-07-26
3411cece8b9fb184,Dwight Grant,2018-12-15,1594.9,49.6,9,2018-06-19
e3e2d12252710b60,Leon Edwards,2014-11-08,1594.8,49.3,9,2014-09-13
cc5d111cbd08c2ae,Mads Burnell,2017-09-02,1594.8,49.5,9,2016-11-11
03ed5a0befc5fcdb,Craig White,2018-05-27,1594.8,49.4,21,2018-03-24
53d8cc811f1d597c,Rani Yahya,2011-01-22,1594.7,49.3,21,2010-04-24
0e8236aad6b19934,Ian Entwistle,2014-06-28,1594.6,49.2,9,2013-12-07
ec7a27f968fc9b33,Abubakar Nurmagomedov,2019-11-09,1594.6,49.1,6,2018-10-20
1930fd17e9ee8a27,Jaqueline Amorim,2023-04-08,1594.6,49.1,6,2022-09-16
07691b03bb22f0a9,Morgan Charriere,2023-09-02,1594.6,49.0,28,2023-07-21
bb76e767e4bf0b9a,MarQuel Mederos,2024-02-03,1594.5,48.9,9,2023-10-10
90c5377a956b9e87,Andre Soukhamthath,2017-03-04,1594.4,48.8,14,2016-08-12
9583d6bf13318f23,Anthony Hernandez,2019-02-02,1594.3,48.8,6,2018-01-26
8a0cb9e5ef6f57d0,Maki Pitolo,2019-10-05,1594.3,48.6,16,2019-07-09
4fc09af1b39d39ae,AJ Cunningham,2024-03-02,1594.3,48.7,14,2023-12-09
a095427614b881da,Cole Smith,2019-05-04,1594.2,48.6,6,2019-01-12
28e935a43da03e9a,Nikolay Veretennikov,2024-08-10,1594.0,48.4,16,2024-04-27
40a4d73f3a51ca65,Santiago Luna,2025-09-13,1594.0,48.5,6,2025-05-22
84e0acba6b6989d7,Christian Aguilera,2020-06-13,1593.9,48.3,19,2020-01-31
fac4af1fb11deb16,Themba Gorimbo,2023-02-18,1593.9,48.3,13,2022-06-26
78de61bdd2eec594,Gustavo Lopez,2020-06-13,1593.8,48.2,15,2019-08-23
9dd44108e3e1b102,Ramon Taveras,2024-01-20,1593.6,48.1,11,2023-10-10
9bb21a6ce26860ff,Billy Elekana,2025-01-18,1593.5,48.0,8,2024-07-27
2def730e463beea2,Michael Trizano,2018-07-06,1593.4,47.9,6,2017-11-03
a238e2e4c9670e90,Sean Woodson,2019-10-18,1593.4,48.0,6,2019-07-23
b4748c86028b3836,Joey Gomez,2016-01-17,1593.3,47.8,6,2015-03-13
2651aa1e611abadc,Antonina Shevchenko,2018-11-30,1593.3,47.8,6,2018-06-26
0c0016ad37c41682,Louis Smolka,2014-01-15,1593.2,47.7,6,2013-11-09
1bd875af60261100,Livinha Souza,2018-09-22,1593.1,47.5,5,2017-08-31
b9562bf0e19e971a,Mansur Abdul-Malik,2024-11-09,1593.1,47.6,6,2024-08-13
fc9e4186e4565818,Naoyuki Kotani,2007-04-05,1593.0,47.3,27,2007-02-12
5668fe3e6594964f,Vince Cachero,2020-08-01,1593.0,47.4,9,2020-01-31
147266d98ca2813f,Trey Waters,2023-04-29,1593.0,47.5,8,2023-04-14
e327c936e6dd5a5e,Takeya Mizugaki,2011-03-03,1592.8,47.3,20,2010-11-11
5bdf217aaf7c4770,Albert Morales,2016-09-17,1592.8,47.1,6,2016-06-03
5bfd8bd253e91d5b,Max Rohskopf,2020-06-20,1592.8,47.2,5,2020-02-28
24be548f637cdc8d,Sara McMann,2013-04-27,1592.7,47.0,6,2012-07-28
0f7518cc5cd482fb,Joby Sanchez,2014-08-23,1592.7,46.9,6,2014-08-07
0aa46064d6a157d1,Jack Jenkins,2023-02-11,1592.7,47.0,12,2022-09-27
a5198369c0b7891a,Bobby Nash,2017-01-28,1592.6,46.7,9,2016-08-27
0cdf886f3d227f07,Domingo Pilarte,2019-07-20,1592.6,46.8,9,2018-07-17
645d371635f46171,William Gomis,2022-09-03,1592.6,46.7,12,2022-06-25
aa41f7f0d38a67de,Vinicius Moreira,2019-01-19,1592.5,46.6,9,2018-08-11
3d4d0e0f4b897d30,Marco Beltran,2014-11-15,1592.4,46.4,14,2014-03-29
4e08ff215f9a5fc0,Rafael Fiziev,2019-04-20,1592.4,46.5,6,2018-12-21
186b7b196c354140,Phil Hawes,2020-10-24,1592.4,46.5,10,2020-09-08
3fc7cc0829775727,Liz Carmouche,2013-02-23,1592.3,46.1,10,2012-07-28
3307b917708cb117,Enrique Barzola,2015-11-21,1592.3,46.2,13,2014-09-17
daa8caf6878b4796,CJ Vergara,2021-11-06,1592.3,46.2,12,2021-09-07
2f88f17add7669c5,Jose Delgado,2025-02-15,1592.3,46.3,9,2024-08-13
45250c3c3f7ab5ad,Frankie Edgar,2007-02-03,1592.1,45.9,6,2006-11-18
ecb9d446bd30a867,Jon Tuck,2012-11-10,1592.1,45.9,6,2011-11-26
957522be7ec72223,Derrick Lewis,2014-04-19,1592.0,45.8,11,2013-03-01
900105052b1946b1,Roman Dolidze,2020-07-18,1592.0,45.9,6,2018-12-15
9e5ef683064f9dcc,Chris Wade,2014-08-30,1591.9,45.6,8,2014-05-16
7e40d6f7b1a90781,Kyle Bochniak,2016-01-17,1591.9,45.7,6,2016-01-08
81f4394637ba2671,Manny Bermudez,2018-02-24,1591.9,45.7,5,2018-01-27
d04397fab633dfbf,Francis Marshall,2022-12-03,1591.9,45.5,6,2022-08-02
13c5e090b6868e27,Fabio Cherant,2021-03-27,1591.8,45.4,8,2021-02-12
460b5fa5b94b70bd,Jhonata Diniz,2024-04-27,1591.6,45.4,6,2023-09-12
085a230fc9e8aafb,Jamal Pogues,2023-02-18,1591.5,45.3,12,2022-08-09
62eb06895e1e4b0b,Donte Johnson,2025-11-01,1591.5,45.2,6,2025-08-26
cd0b01f9ab5dd24a,Roger Narvaez,2014-06-07,1591.4,45.2,6,2013-09-13
07c24c4cb2af85ed,Beneil Dariush,2014-01-15,1591.3,44.9,6,2013-05-04
aee5bfbf2cc387ac,Trevin Giles,2017-07-08,1591.3,45.1,5,2017-02-10
9d56d022b89c876b,Luis Saldana,2021-04-10,1591.3,44.9,20,2020-11-04
cfceff9b0a52347d,Eric McConico,2025-02-22,1591.3,45.0,12,2024-07-26
3561dd9a1d49d1ea,Danielle Taylor,2016-08-06,1591.2,44.8,8,2016-03-05
c089e6624556674f,Mike Davis,2019-04-27,1591.2,44.7,8,2019-03-22
960a493831029685,Montel Jackson,2018-08-04,1591.1,44.6,6,2018-06-12
01de2cb017a2285d,Nate Landwehr,2020-01-25,1591.1,44.6,7,2019-06-28
3efa6683f90baf91,Kennedy Nzechukwu,2019-03-30,1591.0,44.5,6,2018-08-07
479628608e5f178b,Cain Carrizosa,2014-08-30,1590.9,44.4,6,2014-02-06
b0fc9b463c44f7ea,Nick Maximov,2021-09-25,1590.8,44.4,6,2020-11-17
0eed054506a94abf,Cameron Saaiman,2022-12-10,1590.8,44.3,6,2022-08-23
4e832c70f00c22df,Mike Santiago,2017-09-02,1590.7,44.1,5,2016-06-17
98199760e1c660be,Ramiz Brahimaj,2020-11-07,1590.7,44.2,10,2019-03-22
574a92a70255439d,Oban Elliott,2024-02-17,1590.7,44.1,11,2023-08-22
2dcc031de9b13dcc,Cody Garbrandt,2015-01-03,1590.6,43.9,5,2014-10-04
72b8ddd1d482149e,Kleydson Rodrigues,2022-05-07,1590.6,44.0,9,2021-09-21
80fe8fdac1ec7339,Jack Hermansson,2016-09-03,1590.5,43.8,4,2016-04-15
695f5fb046b6e440,Jonathan Wilson,2015-08-08,1590.4,43.8,6,2014-08-23
8a820786ab3bc2ea,Collin Anglin,2021-07-31,1590.4,43.7,9,2020-09-15
9a3bbdd01caf5c40,William Macario,2013-06-08,1590.3,43.6,6,2012-06-30
5c1c4fd58e33525c,Chris Kelades,2014-10-04,1590.3,43.6,8,2014-07-26
8019e2ad75c010a4,Makwan Amirkhani,2015-01-24,1590.3,43.5,12,2014-04-05
708c9a266a7807ba,Alexander Hernandez,2018-03-03,1590.3,43.3,9,2017-11-10
f6b8314c88557af7,Zac Pauga,2022-08-06,1590.3,43.4,5,2021-10-17
d313529688db621a,Roy Nelson,2009-12-05,1590.2,43.2,17,2009-03-21
89a28d856ea449d0,Ronda Rousey,2013-02-23,1590.2,43.1,4,2012-08-18
473d57add1655a1a,Caio Machado,2023-11-18,1590.2,43.1,10,2023-08-08
28922ab0ce7d617b,Elijah Smith,2025-02-15,1590.2,43.3,8,2024-09-17
b0b4106fbaf9078b,Kiichi Kunimoto,2014-01-04,1590.1,42.9,21,2013-07-28
b037d86e6da0a231,Shane Young,2017-11-18,1590.1,43.0,14,2017-04-22
20004a10a233cbc9,Will Campuzano,2010-12-04,1590.0,42.8,10,2010-08-20
d060e977f1b102a4,Tyson Nam,2019-09-21,1590.0,42.8,28,2019-07-03
22c9882008036ba4,Brandon Royval,2020-05-30,1590.0,42.7,14,2019-11-22
c62d07b2a13212ac,Jonathan Pearce,2019-10-18,1589.9,42.6,12,2019-07-09
c88287c8ff62d1e7,Jackson McVey,2025-07-19,1589.9,42.5,6,2025-06-13
541d80991428244f,Jeremiah Wells,2021-06-26,1589.8,42.5,11,2019-09-21
8952bf8b15d94b02,Caol Uno,2001-02-23,1589.7,42.4,17,2000-12-17
2361865e12089b38,Edson Barboza,2010-11-20,1589.6,42.3,6,2010-06-11
f27c5b17ac15dad0,Davey Grant,2013-11-30,1589.6,42.3,10,2012-10-13
960e23b76f91b0ed,Cindy Dandois,2017-04-22,1589.5,42.2,10,2016-11-11
9ee1b4b7ce888501,Jared Vanderaa,2021-02-20,1589.5,42.1,15,2020-11-04
60f31fb96a24723a,Edgar Chairez,2023-07-08,1589.5,42.0,14,2023-03-24
8973247f6808fbfd,Bolaji Oki,2024-02-10,1589.5,42.0,9,2023-08-29
ede82a372dc9444c,Ariane Carnelossi,2019-09-21,1589.3,41.9,5,2019-05-24
6d9ea9e3e1caa253,James Bochnovic,2017-07-08,1589.2,41.8,9,2017-06-03
20184f36071fdaa3,Antonio Arroyo,2019-11-16,1589.0,41.8,11,2019-07-16
778e04910c886e08,Darian Weeks,2021-12-04,1589.0,41.7,5,2021-02-12
6714baa6b0fabf58,Karl Roberson,2017-11-11,1588.9,41.5,5,2017-07-25
8c40f8d46a6995b9,Yusaku Kinoshita,2023-02-04,1588.9,41.6,7,2022-08-30
0ce8ac03e1fc8da4,Luana Pinheiro,2021-05-01,1588.7,41.5,9,2020-11-10
e51574999ccf6b8f,Marvin Vettori,2016-08-20,1588.6,41.3,4,2015-05-30
fd041fcc21cc505d,Louie Sutherland,2025-10-25,1588.6,41.4,13,2025-06-15
40531c8f39f016fe,Robert Whittaker,2012-12-14,1588.4,41.2,11,2012-05-18
a5430ac842baa304,Aiemann Zahabi,2017-02-19,1588.4,41.1,6,2016-03-12
5adc666e571b3cb1,Lucas Almeida,2022-06-04,1588.4,41.2,8,2022-05-29
f0427fab32e0994a,Nazim Sadykhov,2023-02-18,1588.3,41.0,8,2022-08-16
8f1b7a13de764c4f,Rostem Akman,2019-06-01,1588.2,41.0,6,2019-05-11
91199de65226ddd6,Dustin Jacoby,2011-10-29,1588.0,40.7,6,2011-09-04
aef794c9754597d7,Hannah Goldy,2019-08-03,1588.0,40.9,5,2019-06-18
f9e0aa1af1d6a50a,Darrius Flowers,2023-07-29,1588.0,40.8,18,2022-08-23
9d4cd1755f37f957,Danilo Marques,2020-09-26,1587.8,40.6,11,2018-02-18
5ae43941a38cb123,David Onama,2021-10-23,1587.8,40.7,5,2021-10-08
efeef5927cfc6ed9,Kevin Christian,2025-11-01,1587.8,40.5,11,2024-09-24
ca913b69434d3774,Marcel Fortuna,2017-02-04,1587.7,40.4,9,2015-06-06
c9bce4b58587da90,Maycee Barber,2018-11-10,1587.7,40.4,5,2018-07-17
e40d56a59d9e6572,Cesar Arzamendia,2015-11-21,1587.6,40.2,8,2014-08-15
504c543e16ce624d,JC Cottrell,2016-07-23,1587.6,40.3,5,2016-06-24
d66292b80fcb14c4,Chico Camus,2012-08-11,1587.5,40.1,14,2012-04-13
07d8dcdbf698e6e0,Aleksandar Rakic,2017-09-02,1587.5,40.0,9,2017-03-04
0125dc31ba4e5f14,Bruno Silva,2019-10-05,1587.5,40.2,15,2018-10-27
9dba8cd1433ae00d,Tristan Connelly,2019-09-14,1587.3,39.9,4,2019-07-27
ae058dde70a41877,Roman Salazar,2014-10-04,1587.2,39.9,11,2014-09-20
ce34ff82b87a876a,Kyler Phillips,2020-02-29,1587.2,39.8,7,2019-02-01
fa09a52adc3f2384,Henry Cejudo,2014-12-13,1587.1,39.7,6,2014-01-31
de831203e050cdaf,Curtis Blaydes,2016-04-10,1587.0,39.7,5,2016-02-19
6e8a5fe4993ba864,Song Yadong,2017-11-25,1587.0,39.5,16,2017-10-28
d7974c32755e4b64,Carlos Hernandez,2022-02-26,1587.0,39.6,8,2021-10-05
c8deb768d421f009,Josh Quinlan,2022-08-13,1587.0,39.4,5,2021-03-26
95d8b12e5a21ed5a,Angel Pacheco,2024-03-30,1587.0,39.4,10,2023-09-26
db353d75993d42c3,Elves Brener,2023-02-11,1586.9,39.3,7,2021-07-10
a66c074dfa6b8835,Quillan Salkilld,2025-02-08,1586.8,39.2,8,2024-09-03
16a0eba44cd46eb9,Ange Loosa,2022-04-16,1586.7,39.1,10,2022-04-02
1868597de911ab05,Mackenzie Dern,2018-03-03,1586.6,39.1,5,2017-12-08
5a081fedf02d264e,Mike Perry,2016-08-20,1586.5,38.9,4,2016-05-14
903bc4f242244fea,Anthony Ivy,2020-06-13,1586.5,39.0,10,2019-09-25
e9f6f636bd8ba0cc,Chris Cariaso,2011-01-22,1586.4,38.9,13,2010-12-16
7775c1ddbba730d9,Mehdi Baghdad,2016-01-17,1586.4,38.8,13,2014-12-05
e99550b06c7f4c2a,Jon Manley,2013-02-23,1586.3,38.7,8,2011-10-15
37ac5668fa9f42aa,Brandon Moreno,2016-10-01,1586.3,38.6,14,2016-04-16
c7dfe4e7b38bd955,Tony Kelley,2020-08-15,1586.3,38.6,7,2019-05-17
9dffb743981ffe24,Jamey-Lyn Horth,2023-04-29,1586.2,38.5,5,2021-12-10
92c3d765853df119,Luis Pajuelo,2024-03-23,1586.1,38.4,9,2023-08-22
7635e954d6479094,Westin Wilson,2023-07-01,1586.0,38.4,23,2023-03-03
580a21f49d3aaafb,Kyle Prepolec,2019-05-04,1585.9,38.3,4,2018-06-23
3a626ef8b2524507,Karl Williams,2023-03-11,1585.8,38.2,8,2022-09-06
39da821538e62fdf,Ben Nguyen,2015-05-09,1585.7,38.1,17,2014-10-11
357346d53e3f2652,Casey O'Neill,2021-02-20,1585.6,38.1,5,2020-09-25
deee560a8bc1dd80,Geoff Neal,2018-02-18,1585.5,38.0,10,2017-07-25
7dfc8122d6a141eb,Joey Beltran,2010-02-06,1585.4,37.9,13,2010-01-16
694ac00133d9ba06,Motonobu Tezuka,2012-11-10,1585.3,37.8,17,2012-04-28
7a868cb67cd37a18,Aleksa Camur,2020-01-18,1585.2,37.8,5,2019-07-30
6f26d55c4081cede,Luis Henrique,2015-12-19,1585.1,37.6,9,2015-07-18
d733968929f9154f,Seo Hee Ham,2014-12-12,1585.1,37.7,4,2014-04-06
bcfa27125bcecc19,Gilbert Urbina,2021-08-28,1585.1,37.6,7,2019-11-01
3a70cd0ddb52f7f7,Marcus McGhee,2023-04-29,1585.0,37.5,7,2023-01-06
6a5a96149763aeef,Chris Padilla,2024-04-27,1584.8,37.4,19,2023-10-21
360f2cc2f016e6ac,Tafon Nchukwi,2020-12-19,1584.7,37.3,4,2020-09-08
f3c574f8acb0fd6a,TJ Brown,2020-02-29,1584.6,37.3,20,2019-08-27
d77d7e2d8258cc82,Victoria Leonardo,2021-01-20,1584.6,37.2,10,2020-11-17
84ea917244c11691,Syuri Kondo,2017-09-22,1584.4,37.1,4,2017-05-28
fcfcb80e9fcfff5a,Shauna Bannon,2023-07-22,1584.4,37.0,5,2023-03-15
53ba0dd370c19b38,Mike Rodriguez,2018-04-07,1584.3,37.0,11,2017-08-08
c93e341dc99799ec,Nicolle Caliari,2025-01-11,1584.3,36.9,10,2024-09-10
245df6a248fcd79c,Ali Bagautinov,2013-09-04,1584.2,36.8,12,2013-04-20
0dc395a269119171,Allan Zuniga,2018-07-06,1584.2,36.7,4,2016-11-01
91786db82a1d5e55,Felipe Bunes,2024-01-13,1584.2,36.8,19,2023-01-06
28a6df2f9cc8da91,Chael Sonnen,2005-10-07,1584.1,36.6,22,2005-07-09
b1d7ad470a1f451b,Denzel Freeman,2025-11-22,1584.1,36.5,7,2025-03-22
a7653e502af53812,Jin Soo Son,2018-09-15,1584.0,36.4,11,2018-04-28
0b43bf0acbd22ca3,Navajo Stirling,2024-12-14,1584.0,36.5,5,2024-09-10
38c025c5dc73b8d3,Hugo Viana,2012-06-23,1583.9,36.3,5,2011-09-16
bf91cbfb6ec5463a,Boston Salmon,2019-04-13,1583.9,36.2,7,2017-07-11
d85a3bac3d978fe7,Deron Winn,2019-06-22,1583.9,36.3,5,2018-11-24
96935891bb3c57c1,Irwin Rivera,2020-05-16,1583.9,36.1,13,2019-12-20
2f089bd2b4bc0145,Alexa Grasso,2016-11-05,1583.9,36.0,4,2016-07-29
ce6422307efdf762,Mark Vologdin,2026-04-18,1583.9,36.0,17,2025-10-07
a0cd4255eec2a5b8,Mick Parkin,2023-07-22,1583.7,35.9,6,2022-08-23
5d5877920d4e50a5,Aspen Ladd,2017-10-21,1583.6,35.7,5,2017-01-14
651799fdf8054334,Joselyne Edwards,2021-01-16,1583.6,35.7,11,2020-07-03
72b4261811f6d97c,Nathan Fletcher,2024-09-07,1583.6,35.8,6,2023-04-15
645456ef09c3ad72,Youssef Zalal,2020-02-08,1583.5,35.6,9,2019-11-22
e0506c372c3a8916,Daniel Pineda,2012-01-20,1583.2,35.5,22,2011-12-16
4ebddeccafdf677c,Mike Rhodes,2014-01-25,1583.2,35.5,7,2013-10-25
f62accf98283cccd,Russell Doane,2014-01-04,1583.1,35.4,8,2013-11-14
c5156b7a02344aa1,Stephen Thompson,2012-02-04,1583.0,35.2,5,2011-10-01
b1d06ed438651ca1,Augusto Mendes,2016-02-21,1583.0,35.2,5,2015-07-17
7a7707b49ee6909b,Kamuela Kirk,2021-06-05,1583.0,35.3,14,2021-05-14
585c56caa45ca724,Willamy Freire,2011-01-22,1582.9,35.1,4,2009-10-30
8652f0cd3584afd1,Jasmine Jasudavicius,2022-01-22,1582.7,35.0,7,2021-09-14
827eb7baaa7613a5,Tonya Evinger,2017-07-29,1582.6,34.9,9,2016-05-07
09d3fd4e11dd462b,Rodolfo Vieira,2019-08-10,1582.5,34.9,5,2019-06-08
623bd6b0fd789a01,Emily Ducote,2022-07-16,1582.5,34.8,17,2022-05-11
5d5dc3bf943ec3f3,Armen Petrosyan,2022-02-26,1582.4,34.7,7,2021-10-19
4b54780dc1d97640,Peter Barrett,2020-08-08,1582.3,34.6,14,2019-08-27
078a0c62a7f98405,Joseph Holmes,2022-01-15,1582.3,34.7,8,2021-11-14
58cfe90363989b8f,Wang Cong,2024-08-24,1582.2,34.5,5,2024-05-18
f6e8be24ed466b82,Josh Thomson,2003-09-26,1582.1,34.4,5,2002-11-23
bebded19c24fef05,Marnic Mann,2023-09-16,1582.0,34.4,7,2023-04-21
19898637e10ad33c,Chas Skelly,2014-04-19,1581.9,34.2,4,2013-06-19
3219dec99ae9e6bb,Marcelo Golm,2017-10-28,1581.9,34.3,5,2017-08-12
ffaccfcb6a96eda6,Terrance Saeteurn,2025-08-22,1581.9,34.2,4,2025-05-02
a988230b4b29d271,Caio Magalhaes,2012-06-08,1581.8,34.1,5,2011-12-02
3b7c49acc640bb00,Oli Thompson,2012-03-02,1581.7,33.8,11,2011-06-25
62c44701c775a109,Milton Vieira,2012-06-23,1581.7,33.9,4,2011-06-18
97b41815ee1fcfd0,Joe Solecki,2019-12-07,1581.7,34.0,10,2019-07-09
4a39d90a99b006dd,Nassourdine Imavov,2020-10-03,1581.7,33.9,10,2019-12-14
eff3824cc383d8db,Joshua Van,2023-06-24,1581.7,33.7,8,2022-12-18
dea7ffef261a8d05,Yorgan De Castro,2019-10-05,1581.5,33.6,5,2019-06-18
623decd8a3a04ba3,Julia Avila,2019-07-06,1581.4,33.6,7,2018-11-16
02e16570ff7efb38,Yousri Belgaroui,2025-10-18,1581.4,33.5,11,2024-09-10
6349e94d40c441ae,Devin Powell,2017-01-15,1581.1,33.4,9,2016-08-05
6a36f7b99dfc0313,Carlos Ulberg,2021-03-06,1581.1,33.4,4,2020-11-04
ca846720b8878cbc,Elise Reed,2021-07-24,1581.1,33.3,4,2021-05-29
a0989877f644f2ab,Lukasz Brzeski,2022-08-13,1581.0,33.1,10,2020-05-29
6fe6a57990709869,Cameron Smotherman,2024-10-19,1581.0,33.2,15,2024-07-21
09257c82f023e752,Molly McCann,2018-05-27,1580.9,33.1,8,2018-02-24
ddcd9590b0e7253d,Anton Zafir,2015-11-14,1580.7,32.9,8,2015-03-21
2212a11deddf09e9,Aalon Cruz,2020-02-29,1580.7,32.9,10,2019-07-30
5559b70c45c58628,Guilherme Pat,2025-12-13,1580.7,33.0,5,2024-08-30
27647a7f19ee4c1d,Cody Brundage,2021-09-25,1580.5,32.8,7,2021-02-12
a2fb94e992028846,Jared Papazian,2012-01-20,1580.4,32.7,20,2011-09-15
dcb9a947c0578d1c,Adam Fugitt,2022-07-30,1580.4,32.6,10,2022-02-25
161e2b9043cbb030,Chan Sung Jung,2011-03-26,1580.2,32.4,13,2010-09-30
87cca15cbb8f6d7b,Kron Gracie,2019-02-17,1580.2,32.3,4,2016-12-31
82b4ac7b2ab3eafb,Jordan Williams,2020-10-03,1580.2,32.5,12,2020-09-15
bd1074ae3ea8a76e,Juan Diaz,2026-05-16,1580.2,32.6,8,2025-02-21
d64eea071f4c4273,Andrea Lee,2018-05-19,1580.1,32.3,10,2017-09-22
71a471f854d82531,Lyman Good,2015-07-15,1580.1,32.2,6,2015-05-09
4e9acaeebe49bd23,Trevin Jones,2020-08-22,1580.1,32.1,18,2019-05-12
cfd0252570ae2229,Rayanne dos Santos,2023-12-09,1580.1,32.1,20,2023-05-03
68f6531316d9c8e0,Rashad Coulter,2017-05-13,1580.0,32.0,9,2017-01-13
f4ff13e3303c6eeb,Milana Dudieva,2014-08-23,1579.9,31.9,13,2014-04-06
3a12010b300e4fa9,Leonardo Morales,2014-11-15,1579.9,31.8,5,2013-12-14
f8fd3739aea24944,Luis Pena,2018-07-06,1579.8,31.7,4,2017-07-22
ec2c1c878d169469,Shanna Young,2020-02-15,1579.8,31.8,9,2019-11-01
db59d055ceb0c24b,Clay Harvison,2011-06-04,1579.7,31.5,11,2010-06-25
545699be41b1d282,Brogan Walker,2022-08-06,1579.7,31.6,9,2021-08-27
092a12fbdcf12ad3,Denise Gomes,2022-09-17,1579.6,31.5,7,2022-08-23
8a1aa5c3cd50dedf,Cody Haddon,2024-10-12,1579.6,31.4,8,2024-08-20
34d38cbb8609aaa8,Aaron Phillips,2014-05-24,1579.5,31.3,4,2014-02-08
b38469c99ce34415,Thomas Gifford,2019-04-27,1579.5,31.3,6,2018-10-20
2983f5d00ab2638c,Jacob Kilburn,2019-12-07,1579.4,31.2,10,2019-10-10
bee7df25108682d1,Juliana Lima,2014-07-26,1579.3,31.1,7,2013-10-11
3af7ff7f1e5a58cb,Jamey Simmons,2020-11-07,1579.3,31.0,10,2020-10-17
37f91d57ed109584,Connor Matthews,2024-03-30,1579.3,31.0,8,2023-10-10
55c5fac52148c48d,Brendan Loughnane,2012-12-14,1579.1,30.9,5,2012-04-27
07437ba38048dad7,Chad Anheliger,2022-02-19,1579.1,30.8,16,2021-09-07
1462bc5fa3cbce3c,Landon Quinones,2023-09-09,1579.1,30.8,9,2022-11-18
c24cabb430a22ffc,Ramazan Emeev,2017-10-21,1578.9,30.5,3,2016-12-09
5fd8b8d0052c2e7f,Hannah Cifers,2018-11-10,1578.9,30.7,10,2018-09-22
3f4bec1add6816db,Loik Radzhabov,2023-03-04,1578.9,30.6,9,2022-01-28
4aef3ff31f0fbef5,Lawrence Lui,2026-01-31,1578.9,30.5,8,2025-08-22
cb03fa3d2085a037,Hatsu Hioki,2011-10-29,1578.5,30.4,3,2011-04-29
e04431032c654b57,Daniel Jolly,2015-08-23,1578.3,30.2,5,2014-05-03
19054dc278194e7b,Vince Morales,2018-11-24,1578.3,30.3,10,2018-09-21
f23f5caaf463e283,Tracy Cortez,2019-11-16,1578.3,30.2,7,2019-07-30
00cc7715cc0d4b51,Miranda Maverick,2020-10-24,1578.0,30.1,9,2020-02-07
5941bd38f1fe3952,Dylan Budka,2024-04-06,1578.0,30.0,9,2023-09-05
3c972c6d8123294c,Ernesta Kareckaite,2024-05-04,1578.0,30.0,6,2023-09-26
2dd667d6fae680e2,Kris Moutinho,2021-07-10,1577.9,29.9,13,2021-05-28
8d6d07bc0f97f27f,Joe Giannetti,2018-07-06,1577.8,29.7,6,2017-08-12
1b0adbf6ddcc1508,Jamie Siraj,2026-04-18,1577.8,29.8,6,2026-02-19
2a51f77860485ce0,TJ O'Brien,2010-11-20,1577.7,29.6,4,2010-07-16
f27df41475ce0c44,Tabatha Ricci,2021-06-05,1577.7,29.7,5,2021-04-23
bc690e1b8e4db483,Michel Batista,2018-11-30,1577.2,29.5,4,2017-12-15
d463672b24ffb411,Paul Redmond,2015-01-24,1577.0,29.5,14,2014-08-16
09dee4f147f0c96e,Johnny Bedford,2011-12-03,1576.9,29.4,27,2010-12-18
2127684a702c4006,Gregory Rodrigues,2021-06-05,1576.9,29.3,12,2021-05-21
4eb7dddb4cd45ec1,Jonny Parsons,2023-07-22,1576.8,29.2,11,2021-10-19
5f4c5e8ccdbba00e,Charlie Campbell,2023-09-16,1576.8,29.2,9,2023-06-16
bb7660440adb1652,Yuri Villefort,2013-02-23,1576.6,29.0,7,2012-05-19
c3a66d9a60dd2aa5,Justine Kish,2016-01-02,1576.6,29.1,4,2014-01-24
958dfbfa3ae46b07,Alex Morono,2016-01-02,1576.3,28.9,4,2015-12-04
da2e5ecb2d502d25,Jinh Yu Frey,2020-06-27,1576.1,28.9,13,2020-02-07
aaa797b5b8da777b,Erin Blanchfield,2021-09-18,1576.0,28.7,7,2020-07-30
52e90de4305c8afb,Saygid Izagakhmaev,2025-11-22,1576.0,28.8,5,2022-11-19
0d64b7539d9a742e,Carlos Huachin,2019-05-11,1575.9,28.7,15,2019-03-29
7d1e163720b62145,Steven Asplund,2025-12-13,1575.6,28.6,7,2025-09-09
c8304578645a0300,Te Edwards,2018-10-27,1575.5,28.4,7,2018-06-26
920c5cc2e74aaaf6,Juan Adams,2018-12-15,1575.5,28.5,4,2018-07-31
3fbed33ac7d823ae,Robelis Despaigne,2024-03-09,1575.5,28.4,4,2023-12-03
c85c178b6d260ec6,Khama Worthy,2019-08-17,1575.4,28.2,9,2019-07-27
26596dd02f66a52e,Bassil Hafez,2023-07-15,1575.4,28.3,12,2023-02-17
bb8bff45d8ed7bab,Jack May,2014-04-19,1575.3,28.1,8,2014-02-06
9c88a670ebba5427,Eric Nolan,2025-08-16,1575.3,28.1,11,2025-05-24
82f88b53fc143497,Ethyn Ewing,2025-11-15,1575.2,28.0,10,2025-11-07
5a7bb98211f03ab6,Damir Ismagulov,2018-12-01,1574.8,27.9,3,2018-02-22
82ba41d5b0d1bd4d,TJ Dillashaw,2011-12-03,1574.7,27.9,4,2010-11-20
fc949bd38e5955fc,Dan Hooker,2014-06-28,1574.7,27.8,14,2013-08-24
90ac0050b15a98ba,Tamires Vidal,2022-11-05,1574.6,27.7,7,2022-03-11
b05d754c2b2cefa3,Walel Watson,2011-10-01,1574.5,27.6,10,2011-06-25
7cb98a1fc7cee7b9,Olivier Aubin-Mercier,2014-04-16,1574.5,27.6,4,2013-08-17
aa2eba7c7b37e442,John Yannis,2025-08-02,1574.5,27.5,12,2025-05-25
c3ad22eba62622cc,Mara Romero Borella,2017-10-07,1574.3,27.4,14,2017-07-15
41739d86e0ca31ae,Dustin Pague,2011-12-03,1574.2,27.4,14,2011-02-04
a9976b0f038ad666,Ronnie Lawrence,2021-02-27,1574.1,27.3,7,2020-09-01
bf51dc1830ee0331,Jay Perrin,2022-02-19,1574.0,27.2,14,2021-09-17
4a1d8e92a1aa5a11,John Howard,2009-01-31,1573.9,27.1,14,2008-09-12
074190be49d6c8a2,Nah-Shon Burrell,2013-02-23,1573.9,27.1,10,2012-05-19
1fdb82a65230ff57,DeAnna Bennett,2017-12-01,1573.8,26.9,11,2017-03-25
83c80f54de1b32fe,Don'Tale Mayes,2019-10-26,1573.8,27.0,9,2019-07-16
c87f8c1d3d4d01fe,Sam Hughes,2020-12-12,1573.7,26.8,6,2020-10-16
7c9aad8600d3f7c5,Phil Davis,2010-02-06,1573.4,26.8,4,2009-06-27
aef122b595c8e633,Eddie Alvarez,2014-09-27,1573.3,26.7,7,2013-11-02
1943e071abc00467,Christian Edwards,2026-05-16,1573.2,26.6,12,2026-02-21
3dc200641c5e5245,Viviane Araujo,2019-05-11,1573.0,26.6,7,2018-08-05
3930350bd0ffe056,Garrett Armfield,2022-07-09,1572.9,26.5,10,2022-05-06
d46685b2069b7029,Julian Marquez,2017-12-16,1572.8,26.4,7,2017-08-01
600dc8df28333450,Cesar Almeida,2024-04-06,1572.6,26.3,4,2023-08-08
c5209dcbc67051ae,John Salter,2010-01-11,1572.5,26.3,4,2009-10-17
f7ff934ebabca99a,John Dodson,2011-12-03,1572.5,26.2,16,2010-12-11
5c987d20da70c09d,Lauren Mueller,2018-04-14,1572.4,26.0,4,2017-08-29
e891217b7a2b4f16,Jamie Pickett,2020-12-19,1572.4,26.1,15,2020-08-25
4e1f2424863bdde2,Michael Graves,2015-07-12,1572.3,26.0,4,2014-10-31
57931677b95d6279,Talita Alencar,2023-12-09,1572.3,25.9,5,2023-09-19
c4e12572a2116f34,Shinsho Anzai,2014-08-23,1572.2,25.8,7,2014-06-29
5ea45965dcdfe486,Merab Dvalishvili,2017-12-09,1572.2,25.8,9,2017-06-02
61f87be764325b01,Danny Roberts,2015-12-10,1572.1,25.7,4,2014-05-03
13061034564bbd1d,Ron Stallings,2015-01-18,1571.8,25.6,17,2014-11-01
cb862700e7767b56,Ode Osbourne,2020-01-18,1571.8,25.5,10,2019-07-16
3d3b451081ce16e9,Junior Tafa,2023-04-22,1571.4,25.5,4,2022-12-31
44852969f473e28a,Sarah Alpar,2020-09-19,1571.3,25.4,13,2019-08-13
90ae69e9a9137984,Bruna Brasil,2023-04-15,1571.2,25.3,11,2022-09-13
805498e3922258c7,Andre Petroski,2021-08-28,1571.1,25.3,6,2020-10-16
61566fb4a13d4f54,Adam Cella,2013-04-06,1570.9,25.2,4,2012-06-01
e0c4f89412167696,Jeff Molina,2021-04-24,1570.9,25.1,10,2020-08-25
017a519006b5edf7,Demetrious Johnson,2011-02-05,1570.8,25.0,6,2010-11-11
c513953d56643657,Daniel Sarafian,2013-01-19,1570.8,25.0,9,2011-07-05
1f4a2a1ce7056d73,Nick Pace,2010-12-04,1570.6,24.9,6,2010-09-30
26ae63367d222af1,Alex Nicholson,2016-02-06,1570.6,24.8,7,2015-08-01
908abe7c4aed1322,Cameron Else,2020-10-03,1570.5,24.7,14,2020-02-08
f2bb216fca0b0c85,Akbarh Arreola,2014-07-26,1570.5,24.7,4,2014-03-22
477c7c7bbe4346f7,Francisco Rivera,2011-06-04,1570.1,24.6,6,2010-11-11
e77ae1e109ec3221,Jenel Lausa,2016-11-26,1569.9,24.5,7,2016-01-16
011485d53d482aca,Amanda Nunes,2013-08-03,1569.8,24.5,5,2013-01-05
fe8d8a8c3b0afe3e,Max Holloway,2012-02-04,1569.5,24.4,4,2011-07-01
28061eae5a6884c3,Nick Klein,2025-02-22,1569.5,24.3,7,2024-10-15
315511d55d9937a2,Erik Perez,2012-06-01,1569.2,24.2,14,2011-12-10
737294bf3cb63b33,Marcus Aurelio,2007-08-25,1569.1,24.1,5,2005-07-17
d31ea3a020c96cb7,Issei Tamura,2012-02-25,1569.1,24.2,8,2011-11-05
c67cfb974659b686,Joe Soto,2014-08-30,1569.0,24.0,5,2014-08-07
faba7f0f67d88f35,Guido Cannetti,2014-11-15,1569.0,24.0,7,2013-08-10
a45448a6818f77fd,Shannon Ross,2023-02-11,1569.0,23.9,18,2022-08-02
9a5c0ed7297948f0,Wanderlei Silva,1998-10-16,1568.9,23.7,6,1998-08-23
c6c959f8c7b2a9a4,Alessio Sakara,2005-10-07,1568.9,23.8,12,2005-02-19
21c45b34d65c2a32,Tiago dos Santos e Silva,2014-07-26,1568.7,23.7,6,2014-02-02
ba79f6bac3682eb1,Hailey Cowan,2023-04-29,1568.7,23.6,9,2022-08-16
61ab80d64a6dc09e,Paul Sass,2010-10-16,1568.6,23.5,3,2009-10-03
7b23fd06b901565c,Ian Loveland,2010-12-04,1568.2,23.3,20,2010-04-16
2aefc53c93252102,Ricky Glenn,2016-09-17,1568.2,23.4,5,2015-10-17
db6fb3e4448c3139,Barb Honchak,2017-12-01,1568.2,23.4,5,2014-11-01
06a9a53545b3f685,Shane Howell,2014-06-28,1568.1,23.2,20,2012-03-17
63709c72e319f071,Frankie Saenz,2014-08-16,1568.0,23.0,9,2014-02-22
c9d2ae98d9f6ab30,Matt Frevola,2018-01-14,1568.0,23.1,3,2017-08-29
22b9b0e38edecc5c,Abu Azaitar,2018-07-22,1568.0,23.2,5,2016-04-02
c84679ced7c8f6a2,Tom Aspinall,2020-07-25,1567.9,22.9,9,2019-09-28
98007087a1199703,Julius Walker,2025-02-22,1567.9,22.9,3,2024-12-07
b1ca161d9081a318,Pearl Gonzalez,2017-04-08,1567.7,22.8,7,2016-04-30
59d44e0872a38402,Charalampos Grigoriou,2024-03-16,1567.6,22.7,11,2023-08-15
0229ec05be3b5c16,Ali AlQaisi,2020-08-08,1567.5,22.6,11,2019-11-15
90ff9eb69a93b747,Poliana Botelho,2017-10-07,1567.3,22.6,6,2015-09-19
1c58924bc59b40df,Adlan Amagov,2013-04-06,1567.1,22.5,4,2012-08-18
418b606085256d99,Ryan Benoit,2013-11-30,1567.0,22.4,9,2013-10-11
35971dcbeebaae2e,Ryan Couture,2013-04-06,1566.8,22.4,7,2013-01-12
3a3f13123202e918,Vanessa Melo,2019-09-21,1566.6,22.3,6,2019-05-24
d2f5ea74eafaebd7,Cory McKenna,2020-11-14,1566.4,22.2,6,2020-08-11
44b0d8a8cfaed5fc,Denis Kang,2009-01-17,1566.0,22.1,5,2008-08-31
9314b420ff68909e,Enrique Marin,2015-11-21,1565.9,22.1,10,2014-11-29
ec887ad9a414aff9,Paul Craig,2016-12-17,1565.7,21.9,3,2015-11-14
9a841327b5d824c6,Bo Nickal,2023-03-04,1565.7,22.0,3,2022-09-27
96ae663a6098af2b,Diego Nunes,2011-01-01,1565.5,21.8,5,2010-09-30
cf977fa91007a150,Chris Heatherly,2014-08-23,1565.5,21.9,3,2014-07-25
549165f7f79174d7,Jose Quinonez,2014-11-15,1565.4,21.7,5,2013-11-15
eb6e138c10bb379c,Tim Elliott,2012-05-05,1565.3,21.6,11,2012-03-30
56e42e6d26cbf604,Rhys McKee,2020-07-25,1565.3,21.6,9,2019-11-09
3ab17675aa10c149,Andrew Sanchez,2016-07-08,1565.2,21.5,8,2015-08-07
d4e93a7ddec657bc,Lucas Alexander,2022-10-15,1565.2,21.4,6,2022-02-11
6fae8a5608436ede,Jon Delos Reyes,2014-01-04,1565.0,21.3,9,2012-09-01
bb1e1ffc193f75f8,Roberto Romero,2024-11-16,1564.8,21.2,12,2024-07-27
d4d40a862922e25b,Malcolm Wellmaker,2025-04-26,1564.8,21.3,3,2024-08-27
c5cb40a63a95f4b5,Brandon Thatch,2013-08-28,1564.6,21.1,3,2013-03-22
222714af832f4c52,Brady Hiestand,2021-08-28,1564.6,21.1,6,2020-02-08
10cb9ebd56eb0d5d,Rob Broughton,2010-10-16,1564.4,20.9,3,2010-01-30
6c947857075730fe,Braxton Smith,2023-05-06,1564.4,21.0,3,2023-03-11
44918fe767a2de14,Claudia Gadelha,2014-07-16,1564.3,20.8,3,2013-05-11
74ddb1f1670a7b9e,Ben Sosoli,2019-10-18,1564.2,20.8,9,2019-03-29
1c209565f0bc5032,Cameron VanCamp,2022-05-07,1564.2,20.7,10,2021-07-24
b4ee0bfbd422d135,Lucie Pudilova,2017-03-18,1564.0,20.6,7,2016-11-19
d2dc01dd351d55d6,Nick Fiore,2023-01-14,1564.0,20.5,6,2022-11-19
cdb3f9d45356124e,Ramiro Hernandez,2013-09-04,1563.9,20.4,7,2012-12-15
81755efcce2cc326,Viacheslav Borshchev,2022-01-15,1563.9,20.5,6,2021-10-12
6eac40c13b114758,Ravena Oliveira,2023-10-14,1563.7,20.3,8,2023-08-12
a7422010f7b46ab6,Scott Jorgensen,2011-06-04,1563.6,20.2,6,2010-12-16
e7b88fa57ffb42cb,Greg Hardy,2019-01-19,1563.6,20.3,3,2018-09-29
0f5f06baf411efde,Francisco Trinaldo,2012-06-23,1563.5,20.1,4,2011-07-30
3fd27e0b217d2b7b,Neil Magny,2013-02-23,1563.4,20.0,3,2011-05-14
3739a7ad389dcac5,Giga Chikadze,2019-09-28,1563.4,20.0,9,2019-03-23
d5fe98f320db9177,Gregor Gillespie,2016-09-24,1563.3,19.9,3,2016-06-03
2156e4524364f7c2,Mike Kyle,2004-04-02,1563.2,19.8,9,2004-01-16
2221d5bee0554c41,Charlie Ontiveros,2020-10-31,1563.1,19.8,17,2019-12-13
97fd3ed36529120a,Derrick Noble,2006-04-15,1563.0,19.7,3,2006-03-04
02daaff72f859e6e,Cheyanne Vlismas,2021-03-20,1562.9,19.6,6,2020-08-18
1b8b8e5bcab8c270,Teruto Ishihara,2015-09-26,1562.8,19.5,10,2014-06-28
4068eabd52a7fa93,Chelsea Chandler,2022-10-01,1562.5,19.5,5,2022-05-11
2a0e73004d99c8a0,Jesse Strader,2021-03-20,1562.4,19.4,6,2019-08-02
6b8a328c90770b69,Tateki Matsuda,2014-09-05,1562.1,19.3,15,2014-08-08
c2a7107883bf4b4a,Elvis Mutapcic,2016-01-17,1562.0,19.2,5,2015-06-19
3e0a9c736172f980,Steve Kennedy,2015-06-20,1562.0,19.1,3,2014-05-31
a100c1dce2a48592,Bart Palaszewski,2011-10-29,1562.0,19.2,5,2010-03-06
9c0660fd9c0a82f5,Carlos Felipe,2020-07-18,1561.7,19.0,3,2016-12-18
647818b879ec50f1,Callan Potter,2019-02-09,1561.6,18.9,7,2018-12-08
d2bf67f8a51c9545,Melissa Croden,2025-10-18,1561.6,19.0,8,2024-10-25
82f9a9026c50c694,Ronys Torres,2010-02-06,1561.4,18.7,3,2008-04-07
c3986f75b5d348c1,Will Chope,2014-01-04,1561.4,18.8,3,2013-10-25
7932642b153f21f8,Sultan Aliev,2015-01-24,1561.3,18.7,3,2012-11-09
16cfb6813c3d1a0e,Sabah Homasi,2016-08-20,1561.2,18.6,16,2016-08-05
65f4066d8066e672,Masio Fullen,2015-02-28,1561.0,18.5,15,2014-03-22
87efda5e3f5fbc2a,Jake Collier,2014-12-20,1560.9,18.5,5,2014-10-10
3f031bdfa8884b20,Askar Mozharov,2022-06-04,1560.9,18.4,31,2020-11-25
41f9ff5db61624ca,Alex White,2014-04-19,1560.7,18.3,3,2013-11-01
9a5028a50b86a927,Dokonjonosuke Mishima,2006-11-18,1560.6,18.2,3,2004-04-18
75118feeba7ebddb,Louis Gaudinot,2011-12-03,1560.5,18.1,6,2010-09-24
867f4ddd295cd992,Corey Anderson,2014-07-06,1560.5,18.2,3,2013-08-24
47479ceadf2ca14b,Daichi Abe,2017-09-22,1560.4,18.0,3,2017-07-02
2bc62ac33dcb370f,Ashley Yoder,2016-12-09,1560.3,17.9,6,2016-11-18
7bb861905f7bed0b,Yoel Romero,2013-04-20,1560.1,17.9,5,2011-09-10
a98de66a5df1ec43,George Roop,2008-12-13,1560.0,17.8,11,2008-04-12
c48e6e670f0359e1,Mike Lullo,2010-11-20,1559.8,17.7,3,2010-10-16
a1695e8a2f195f38,Pingyuan Liu,2018-07-22,1559.8,17.7,3,2017-10-28
51915c3ed303577a,Jocelyn Jones-Lybarger,2015-12-12,1559.8,17.6,5,2015-10-09
3285bd6966dffe99,Stephanie Luciano,2024-08-10,1559.5,17.5,7,2023-09-19
8536eeb50cbb47fd,Justin Tafa,2019-10-05,1559.4,17.4,3,2019-05-24
89ecc089522bbcab,Francis Ngannou,2015-12-19,1559.3,17.4,6,2015-05-28
5df8e0db9dcc365c,Talita Bernardo,2017-09-02,1559.2,17.3,6,2017-04-08
2b8a59709b8322d9,Seth Baczynski,2010-06-19,1559.1,17.1,18,2009-10-30
7a88ea78c1ad646f,Melsik Baghdasaryan,2021-07-31,1559.1,17.2,6,2020-09-01
92a86f438e102c00,Rafael Cavalcante,2013-06-08,1558.9,17.1,4,2011-09-10
7a3ddf28733fc012,Grigory Popov,2019-06-08,1558.8,17.0,5,2016-03-12
09c4ebb55e8079b1,Kamaru Usman,2015-07-12,1558.5,16.9,6,2014-07-18
a11db5b1e98120ae,Melissa Mullins,2023-10-14,1558.4,16.9,3,2022-06-25
86aae8579e756674,Chris Fishgold,2018-10-27,1558.0,16.8,6,2017-10-28
ce075434889fa877,Levan Makashvili,2015-05-16,1557.9,16.7,4,2014-12-13
f91ec923242718bc,Erik Koch,2011-03-19,1557.8,16.6,5,2010-11-11
36959e53237eed0a,Mohammed Usman,2022-08-06,1557.8,16.6,9,2021-05-06
f909b611b6729f56,Bubba Bush,2014-07-05,1557.7,16.5,5,2014-02-21
a01276e067ddc553,Luana Santos,2023-08-12,1557.6,16.4,6,2023-03-10
926355dc621555bb,Jay Silva,2009-09-16,1557.4,16.4,6,2009-08-15
0ecdf0e50055dbdc,Nicolae Negumereanu,2019-03-16,1557.1,16.3,3,2018-11-19
ce7d7ddb1d8b6120,Alex Caceres,2011-03-26,1557.0,16.1,7,2010-02-04
05843164172d24e0,Gilbert Smith,2013-04-13,1557.0,16.2,6,2012-07-21
d405f6e1594c44db,Ciryl Gane,2019-08-10,1557.0,16.1,3,2019-05-24
5f543cb6792a7c0a,Jodie Esquibel,2017-10-21,1556.9,16.0,8,2017-03-25
aa9862a4004f1fb0,Anthony Johnson,2007-06-12,1556.6,15.8,3,2006-09-16
cb4edfc535c68698,Justin Lawrence,2012-06-01,1556.6,15.8,3,2011-11-11
5ead55f41494e3cf,Cory Hendricks,2016-07-08,1556.6,15.8,3,2015-08-01
f804db5c754b58ad,Chris Daukaus,2020-08-15,1556.6,15.7,11,2019-08-16
53976afd57399537,Cheick Kongo,2006-07-08,1556.5,15.6,10,2005-12-11
7e02c6105357be18,Dione Barbosa,2024-05-04,1555.9,15.6,8,2023-09-05
91ec11930968273c,Leo Kuntz,2015-05-23,1555.8,15.5,3,2013-12-14
af325d669dc28d60,Kay Hansen,2020-06-27,1555.7,15.4,9,2020-03-06
93fc17b97f4b66d2,Sean Sharaf,2024-10-12,1555.7,15.3,3,2024-09-06
c56ad53946e537e3,Kelly Faszholz,2016-02-21,1555.6,15.2,3,2015-11-06
dd6970fa82ee654c,Richie Smullen,2018-07-06,1555.6,15.1,4,2017-07-07
6c5b2817264e8783,Takashi Sato,2019-04-27,1555.6,15.0,7,2018-10-21
faeba0b553b119db,Matthew Semelsberger,2020-08-22,1555.6,15.3,8,2020-02-08
eb1777d4ea8e9571,Stephanie Egger,2020-10-10,1555.6,14.9,6,2020-09-05
64779053fdf01be7,Bryan Battle,2021-08-28,1555.6,15.1,6,2021-02-06
e8537d08d84aaea2,Mallory Martin,2019-12-07,1554.9,14.8,8,2019-11-01
6b78ac6d81912745,Jacqueline Cavalcanti,2023-09-02,1554.9,14.8,6,2023-04-21
50ca8de2c6af86bd,Abdul-Kerim Edilov,2017-09-02,1554.7,14.6,4,2014-10-04
f18dbb31bcefc93e,Jason Reinhardt,2007-11-17,1554.7,14.7,3,2006-02-17
b592dbfd55f9fa7c,Charles Radtke,2023-09-09,1554.6,14.5,10,2023-04-01
95295c6d09da96b8,Alistair Overeem,2011-12-30,1554.3,14.5,4,2009-10-25
085a46245fae5aeb,Ryan Loder,2024-08-24,1554.1,14.4,5,2023-08-12
c2ada31c1abf0ee0,Max Griffin,2016-08-20,1554.0,14.3,4,2015-10-10
b9df3acc0fbdbbc3,Karol Rosa,2019-08-31,1554.0,14.3,5,2019-03-24
4cad65ed919a7a69,Edwin Figueroa,2011-03-26,1553.8,14.2,3,2010-08-20
f8588e91351f8a39,Vanessa Demopoulos,2021-08-28,1553.7,14.1,9,2021-03-26
b362969dd9d44845,Takanori Gomi,2010-03-31,1553.5,14.0,4,2009-01-04
66625705042e3e34,Ji Yeon Kim,2017-06-17,1552.8,13.9,4,2015-08-29
536f76dbf452163c,Daniel Santos,2022-04-09,1552.8,14.0,4,2019-12-14
ac0eb50df9130917,Denis Tiuliulin,2022-03-26,1552.4,13.8,14,2021-03-20
1342d30574397e2a,Maurice Greene,2018-11-30,1552.1,13.7,7,2018-04-27
2eaebaa5d3266263,Mike Pyle,2009-05-23,1551.9,13.7,4,2008-07-19
6633d8ac3511d67f,Joel Alvarez,2019-02-23,1551.7,13.6,4,2018-11-24
0562e7dccffbb28a,Julie Kedzie,2013-07-27,1551.7,13.5,4,2011-04-09
d6e67f7fd5f489a3,Parker Porter,2020-08-15,1551.6,13.5,14,2019-09-07
6161a87b26c358a5,Tatsuya Kawajiri,2014-01-04,1551.1,13.4,10,2012-03-31
70838bdc207b5308,King Green,2013-02-02,1550.8,13.3,4,2012-05-19
d91456a656948a5c,Patrick Walsh,2014-07-06,1550.7,13.2,5,2013-06-29
67d0649cbcca4b0d,Jessica-Rose Clark,2017-11-18,1550.7,13.2,11,2017-08-18
409ad03057035617,Elizabeth Phillips,2014-06-14,1550.5,13.0,5,2014-05-30
b5924260141b7b2d,Sasha Palatnikov,2020-11-21,1550.5,13.1,7,2020-09-25
eaaf18f9ed65badc,Guto Inocente,2014-07-06,1549.7,13.0,8,2012-05-19
fa6472a5e0d5fd94,Masanori Kanehara,2014-09-20,1549.5,12.9,9,2012-12-22
2038fc2e7818a453,Gloria de Paula,2021-03-13,1548.9,12.8,7,2020-11-17
0ae9758389cd92ab,Justin Frazier,2018-11-30,1548.8,12.7,4,2018-03-17
e3f33b952ffafd22,Hector Lombard,2012-07-21,1548.6,12.6,6,2010-10-28
b7f5a832b68bad95,Colby Covington,2014-08-23,1548.6,12.7,3,2014-05-16
9ffda31f36b02c95,Gaston Bolanos,2023-04-15,1548.5,12.5,9,2022-04-15
23b8d1779d57634f,Jerrod Sanders,2014-07-16,1548.1,12.4,5,2012-07-28
b608b2114d2b6966,Rolando Dy,2017-06-17,1548.1,12.4,12,2016-11-18
f4b48d25abc4ca82,Kevin Casey,2013-04-13,1547.9,12.3,7,2012-04-15
a26f4c35afe8c6bb,Preston Parsons,2021-07-17,1547.8,12.2,4,2021-06-05
863043b36d75dc26,Johnny Case,2014-09-20,1547.7,12.2,3,2013-10-25
f5864cf86d31a219,Antonio Banuelos,2011-02-05,1547.6,12.0,4,2010-09-30
306d7ee12bbe1fef,Roxanne Modafferi,2013-11-30,1547.6,12.1,25,2012-03-03
737288d4a874ac9b,Vaughan Lee,2011-11-05,1546.7,11.9,18,2011-07-10
169123529077071c,Ulysses Gomez,2012-08-04,1546.3,11.9,4,2011-12-02
6539dfcd12383095,Michael Johnson,2010-12-04,1546.2,11.8,4,2009-10-03
98b743255b1f5f64,Irina Alekseeva,2023-04-29,1546.1,11.7,5,2021-10-23
cdfc24c09c02cb2a,Jorge Lopez,2011-09-17,1545.5,11.6,9,2011-06-16
89d577014f06908a,Nora Cornolle,2023-09-02,1544.7,11.6,4,2023-03-17
07de33ee3769cdcc,Alex Torres,2015-02-28,1544.5,11.5,5,2013-07-26
6514b98bc3bc0e04,Anthony Lapsley,2013-11-16,1544.4,11.4,4,2013-08-24
0084e6f1dce86e4c,Manon Fiorot,2021-01-20,1544.3,11.4,4,2020-11-27
3392e27e6e403745,Guilherme Vasconcelos,2014-07-05,1544.0,11.2,4,2013-06-29
e411d4112ff57cb3,Jalin Turner,2018-10-06,1544.0,11.3,10,2018-07-10
cae5d7218cbc2994,Song Kenan,2017-11-25,1543.8,11.1,4,2016-06-25
ef72a64ec445cd63,Dean Barry,2022-04-23,1543.5,11.1,5,2021-12-17
ae98337e765a7540,Michel Quinones,2017-06-25,1543.3,11.0,4,2017-01-21
c89b0a7cd08a3b08,Harry Hunsucker,2021-03-20,1543.3,10.9,10,2021-02-27
a38373934b735770,Alex Pereira,2021-11-06,1542.9,10.9,4,2020-11-20
a79c4aee9beabe3c,Megan Anderson,2018-06-09,1542.4,10.8,4,2016-05-07
3cdbc0bac2de8249,Galore Bofando,2017-07-16,1542.1,10.7,6,2015-02-07
d22df5586b3d6196,Yui Chul Nam,2014-03-01,1541.9,10.6,3,2013-10-12
09efcf1044196013,Maria Oliveira,2021-10-23,1541.5,10.6,4,2017-12-31
eb0a363b83ad35ad,Lisa Ellis,2014-12-12,1541.2,10.5,4,2011-11-19
44388721c5f9439a,Mairbek Taisumov,2014-01-04,1541.1,10.3,4,2012-03-24
ffd07aa9a1d853e5,Leslie Smith,2014-04-16,1541.1,10.4,11,2013-12-07
aba6a9466ceffa17,Gabriel Benitez,2014-11-15,1540.8,10.3,6,2013-12-06
4ee16e3ec4f5f875,Neil Seery,2014-03-08,1540.1,10.2,22,2013-06-01
f63571bbe054f49c,Alptekin Ozkilic,2013-12-14,1539.8,10.1,4,2013-02-15
9b60e64d7f7c12e9,Marcus LeVesseur,2012-05-15,1539.6,10.1,4,2011-02-04
21aea564f0fd4291,Horacio Gutierrez,2015-11-21,1539.6,10.0,4,2015-02-28
dad38cf985c43617,Fredson Paixao,2010-12-04,1539.5,9.9,6,2010-08-18
7eb5ea10a1a59139,Vicente Luque,2015-07-12,1539.2,9.8,12,2014-06-21
3bd5f3713e2f04ae,Charlie Ward,2016-11-19,1539.0,9.8,4,2016-06-04
d7d0a744c37e13b2,Jack Marshman,2016-11-19,1538.3,9.7,6,2016-03-05
4eed58e5bd18958a,Zarrukh Adashev,2020-06-13,1538.1,9.6,4,2019-10-26
5c0749735c30bee5,Jens Pulver,1999-09-24,1537.8,9.6,4,1999-06-01
4ff49a81c905157f,Miguel Torres,2011-02-05,1537.4,9.5,3,2010-03-06
321e364cdb3bc185,Cezar Ferreira,2012-06-23,1537.2,9.4,6,2011-08-20
cbb08748dd6bbe66,Gerald Meerschaert,2016-12-09,1536.7,9.3,7,2016-10-28
66ad11fbedaa4ce0,Kazuhiro Nakamura,2007-09-22,1536.6,9.3,3,2005-12-31
ab5c622e7bbc7106,Garreth McLellan,2015-04-11,1536.3,9.2,3,2014-08-30
4599b5344efcb99b,Bec Rawlings,2014-12-12,1536.0,9.1,8,2013-07-13
915e3a5c0f5a9151,Keith Wisniewski,2005-11-19,1535.4,9.0,3,2005-09-14
9499fe7d747d0f34,Martin Day,2018-11-24,1535.2,9.0,6,2018-08-04
adae0f478fafba7e,Miesha Tate,2013-04-13,1534.8,8.9,5,2011-07-30
49ef35df05a142b0,Brian Bowles,2011-03-03,1534.6,8.8,3,2010-03-06
1a133fa4bd27aca5,Tainara Lisboa,2023-05-13,1534.6,8.8,7,2022-04-08
1ba233ad38f5f9a4,Danny Chavez,2020-08-15,1534.4,8.7,6,2020-07-18
104b7a2a65da1a64,Frank Camacho,2017-06-17,1534.2,8.6,3,2015-03-13
0ecbdaefd9e339fe,Cole Escovedo,2011-05-28,1534.1,8.5,6,2011-01-28
fe6db6e8cd8d7deb,Joachim Christensen,2016-10-01,1533.9,8.5,3,2016-05-24
8f60a31a6231d3f2,Brian Camozzi,2016-12-09,1533.8,8.4,3,2016-09-09
f3e207a6fad4c372,Antonio Braga Neto,2013-06-08,1533.7,8.3,3,2011-09-14
91e7312791604003,Kendall Grove,2006-06-24,1533.6,8.2,8,2005-10-07
634eda97df9caa0e,Andrey Pulyaev,2025-03-22,1533.6,8.2,3,2024-08-27
b6c17f70c2c805cf,Charles Byrd,2018-03-17,1533.4,8.1,5,2017-08-15
1e98be9c8709b029,Robert Valentin,2024-08-24,1533.3,8.0,3,2023-04-07
74b3453b11f32b2f,Feng Xiaocan,2024-11-23,1533.3,8.0,3,2024-08-23
3e15f9493525e2de,Brianna Fortino,2019-07-13,1533.1,7.9,3,2019-05-03
777df79be81ed0b5,Shayilan Nuerdanbieke,2021-05-22,1532.9,7.8,5,2020-09-25
c1f70d6be6081b05,Piotr Hallmann,2013-09-04,1532.5,7.7,3,2013-02-09
8ff63c1f2d3dc6a1,Erick Montano,2015-11-21,1532.4,7.6,9,2014-10-17
ae6df173f33fe54b,Bryan Barberena,2014-12-13,1532.4,7.7,3,2014-01-11
a7d83904826bc07d,Nick Thompson,2005-11-19,1531.9,7.5,3,2005-09-24
35fd53a02396b4af,Carli Judice,2024-06-15,1531.7,7.5,4,2023-09-26
1bb0833e9548fa86,Igor Araujo,2013-10-09,1531.6,7.4,3,2011-10-15
5b6371044f5a293b,Montana De La Rosa,2017-12-01,1531.5,7.3,11,2017-06-16
1b1d9afb92063b51,Irene Aldana,2016-12-17,1531.3,7.2,3,2016-09-23
1b6f3ea9b9dd6b38,Rosi Sexton,2013-06-15,1530.9,7.2,3,2011-02-26
6086e75ea21de66b,Delson Heleno,2012-06-23,1530.8,7.1,3,2011-03-15
22a410ca147f3679,Ildemar Alcantara,2013-01-19,1530.4,7.0,3,2012-10-27
938d6139f4a0eb51,Dominique Steele,2015-07-25,1529.4,6.9,3,2014-03-01
18b8e1c10912056d,Davi Ramos,2017-03-11,1528.5,6.9,3,2014-10-24
71b1dc219f0b4ff4,Denys Bondar,2022-02-05,1528.4,6.8,3,2020-08-23
cde5cdc8e3ac705e,Eiji Mitsuoka,2012-02-25,1528.2,6.7,3,2008-11-01
932f0c2a98982c95,Carla Esparza,2014-12-12,1528.2,6.7,3,2013-01-05
2c8280d95c208420,Chris Avila,2016-08-20,1527.9,6.6,7,2016-03-26
8608ea6dda73b4bc,Clay Guida,2006-10-14,1527.8,6.5,3,2006-06-09
643df3f789c403ba,Norifumi Yamamoto,2011-02-05,1527.8,6.4,3,2009-05-26
23d4b1c64fc89930,Jason Gonzalez,2016-09-10,1527.5,6.4,3,2016-06-03
7a282caac2fd21f7,Gilbert Yvel,2010-01-02,1527.2,6.3,3,2008-10-05
bec053c0a1282d6c,Ikuhisa Minowa,2000-04-14,1527.0,6.2,29,2000-02-27
b5f670b3107420b1,Frankie Perez,2015-01-18,1527.0,6.2,3,2014-05-16
4e68c7da6bcad57d,Shi Ming,2024-11-23,1526.5,6.1,3,2024-05-18
bd86cff59cdab666,Gillian Robertson,2017-12-01,1526.3,6.0,3,2017-05-13
c9ff426866e8dfd3,Michelle Waterson-Gomez,2015-07-12,1526.0,5.9,3,2014-12-05
d921d3b3d9963814,John Phillips,2018-03-17,1525.7,5.9,3,2016-09-24
9f4cf806ebcfa00e,Keiichiro Nakamura,2026-01-31,1525.6,5.8,3,2024-10-05
7612011f2a5ce6cd,Valerie Letourneau,2014-06-14,1525.1,5.6,8,2014-05-16
a221d749ff5821a1,Leandro Issa,2014-01-04,1525.1,5.7,5,2013-04-05
91ae4fd95536fb0e,Tom Gallicchio,2017-07-07,1524.7,5.6,3,2011-10-14
5402a0a4e11a6813,Jutaro Nakao,2001-09-28,1524.6,5.5,19,2001-05-26
8ceaa6b70bff3652,Antonio Rodrigo Nogueira,2007-07-07,1524.5,5.4,4,2004-12-31
c0c1a09b5e1b46a3,Mark Hunt,2010-09-25,1524.5,5.4,5,2009-05-26
4e8af8e4f88cc25b,Donny Walker,2011-07-02,1524.4,5.3,3,2010-06-12
729efb142c857499,Carlos Condit,2009-04-01,1523.3,5.2,4,2008-08-03
f32d94801e70a065,Junior Albini,2017-07-22,1523.2,5.1,3,2016-07-09
4eb5d85bfd99d0f5,Drew Dober,2013-11-30,1522.7,5.1,5,2013-03-01
fe5b6eb764fa7cf7,Klaudia Sygula,2024-11-09,1522.2,5.0,3,2023-09-16
e1800db08f273c0d,Yosdenis Cedeno,2014-02-22,1522.0,4.8,3,2010-09-18
5f7d95f165f83e3c,Allen Crowder,2017-12-02,1522.0,4.9,5,2017-08-29
eb7ccb941c644ad3,Leandro Silva,2013-06-08,1521.9,4.8,5,2012-10-27
64e120492fb83a6a,Juan Manuel Puig,2014-07-06,1521.3,4.7,3,2010-05-22
6bd0d703c648d687,Brad Riddell,2019-10-05,1521.0,4.6,3,2019-07-12
bec62ac2cee55f69,Sergey Khandozhko,2019-06-01,1519.3,4.6,4,2018-08-22
5623b28162e5723f,Katsunori Kikuno,2014-01-04,1518.5,4.5,8,2013-06-15
4d0d40e8020ed197,Roger Bowling,2013-04-20,1517.5,4.4,4,2011-07-22
f25073893cf0ee80,Guangyou Ning,2014-08-23,1516.0,4.3,6,2013-05-18
558c93337ed04a1e,Abel Trujillo,2012-12-08,1516.0,4.2,4,2012-06-30
0c086ac382aa5033,Antonio Mendes,2008-05-24,1516.0,4.3,4,2007-07-21
b2d78c1271922be6,John Allan,2019-07-13,1515.2,4.1,4,2019-06-28
19def397bebff40a,Willie Gates,2014-12-13,1514.9,4.1,4,2014-11-06
639e203fd063d230,Zak Ottow,2016-10-01,1514.4,4.0,3,2016-06-11
88cf27c235252f3a,Christina Marks,2017-12-01,1513.9,3.9,16,2017-02-16
91b7ec57781273b3,Damir Hadzovic,2016-04-10,1513.5,3.8,4,2014-03-22
c1173e915abc963f,Jorge Masvidal,2013-04-20,1513.3,3.8,5,2011-12-17
35c44c29fabdc5ae,Charlie Valencia,2011-04-30,1513.0,3.7,5,2008-06-01
08acec63b0c6d1e5,Javier Vazquez,2011-06-26,1512.7,3.6,4,2010-11-11
7fb594579e275877,Artem Lobov,2015-12-11,1511.3,3.5,3,2014-11-22
af02d53ce4ac55b7,Cody Pfister,2015-02-14,1509.8,3.5,5,2013-11-08
a47925a4d8ea3a25,Natalia Silva,2022-06-18,1507.8,3.4,5,2019-12-28
69682e5e528b1b1d,Damien Brown,2016-03-19,1507.4,3.3,6,2016-02-20
3c35e52c39c14b92,Ramona Pascual,2022-02-26,1507.1,3.3,4,2022-01-12
1463949150ba9d54,Dustin Neace,2011-12-03,1506.4,3.1,4,2010-06-12
6c9d5b4b53d186f3,Martin Sano,2021-09-25,1506.4,3.2,3,2017-02-18
0662ef4422da2b62,Mike Jackson,2016-02-06,1504.6,3.0,21,2015-01-24
6f2bceee45ef05b5,Shayna Baszler,2014-08-30,1502.9,3.0,7,2012-10-06
c15935fcbd125fe0,Vinny Magalhaes,2008-12-13,1499.9,2.9,4,2008-03-07
a49129adb0dad63b,Steve Garcia,2020-02-29,1499.7,2.8,4,2011-09-16
7f4fdb5646f48623,Nam Phan,2010-12-04,1499.6,2.7,3,2008-02-16
c2c7b0cf6428c50e,Elizeu Zaleski dos Santos,2015-05-30,1498.5,2.7,3,2014-12-18
b2d0ed4e270b49dc,Michel Pereira,2019-05-18,1498.3,2.6,5,2018-12-01
0432ba12b6296c1d,Brandon Davis,2018-01-20,1497.6,2.5,6,2017-08-01
513026b79b532216,Semmy Schilt,2001-05-04,1497.5,2.5,5,1999-11-28
d2dc01dd351d55d6,Nick Fiore,2023-01-14,1497.0,2.4,6,2018-10-13
799dd06859f77981,Alexander Yakovlev,2014-05-31,1496.5,2.3,5,2013-11-08
5f70da5f05bd7aae,Marco Polo Reyes,2015-11-21,1494.6,2.2,3,2014-11-29
4391524b4ad67007,Dom Mar Fan,2026-01-31,1494.2,2.2,3,2025-05-23
de2aa1aa93552fa3,Sheila Gaff,2013-04-27,1493.7,2.1,3,2012-03-16
7cc5aa6f1e1cd087,Mike Ricci,2012-12-15,1492.9,2.0,3,2011-10-21
3c7b3ee018c0c0c3,Alexis Davis,2013-06-15,1492.5,2.0,3,2012-03-03
fa859b94c8582c26,Jean Silva,2024-01-13,1492.1,1.9,3,2010-06-18
1deb81c25a131bd5,Jordan Johnson,2017-01-28,1491.8,1.8,3,2012-06-15
e2acd498178b7fbd,Jessica Andrade,2013-07-27,1491.3,1.7,3,2013-04-14
0c591076970de4d4,Angela Magana,2014-12-12,1490.1,1.7,3,2009-01-16
37b156b9c3c4f167,Hector Urbina,2014-11-15,1489.8,1.6,3,2008-04-19
d22a91a4f5937b0b,Clint Hester,2013-04-13,1489.6,1.5,3,2012-06-23
7fa4de25ca76c987,Elias Garcia,2018-07-14,1489.2,1.4,3,2014-06-13
49c2ef91fb4491f6,Iasmin Lucindo,2022-08-13,1488.8,1.4,3,2022-04-09
23897484af7d99e5,Darren Uyenoyama,2011-11-12,1488.7,1.3,3,2008-06-15
04af5e4dc982b57d,Phil Harris,2012-10-05,1487.7,1.2,3,2010-05-15
045c822cfbde9b37,Raquel Pennington,2013-11-30,1486.1,1.2,3,2013-01-05
87c361e925d08fe2,Nicco Montano,2017-12-01,1485.4,1.1,3,2017-01-07
a8cd76e59b7c49ab,Christian Rodriguez,2022-02-19,1483.5,1.0,3,2013-06-01
c87386fd44e85078,Luke Caudillo,2007-06-12,1483.2,0.9,3,2006-09-09
b5b50f5d42cd2cd1,Patrick Williams,2014-04-26,1482.4,0.9,3,2011-11-10
bb1b0654f5428e9e,Erick Gonzalez,2021-10-16,1477.6,0.8,3,2017-09-30
8d00db54048cba12,Joe Jordan,2006-07-08,1472.5,0.7,3,2004-03-26
fdacef13c6f1d17a,Cub Swanson,2011-11-12,1461.2,0.7,3,2010-08-18
d7974c32755e4b64,Carlos Hernandez,2022-02-26,1461.1,0.6,4,2018-11-09
39270190e20c9e84,Kyle Bradley,2008-02-02,1455.8,0.5,3,2006-03-11
9583d6bf13318f23,Anthony Hernandez,2019-02-02,1451.0,0.4,3,2018-02-24
cdfc24c09c02cb2a,Jorge Lopez,2011-09-17,1450.7,0.4,3,2011-07-28
2591cd8ca2cfff0a,Vitor Miranda,2014-05-31,1450.2,0.3,3,2010-08-06
a254e9e3dab2b948,Adrian Serrano,2000-06-09,1442.5,0.2,3,1999-10-25
15272d780d84820f,Viscardi Andrade,2013-08-03,1438.6,0.1,4,2011-07-20
389b2776826e2183,Ray Rodriguez,2020-09-05,1433.6,0.1,4,2014-02-21
fa859b94c8582c26,Jean Silva,2024-01-13,1429.3,0.0,4,2019-09-27
